2026-09-29 20:47:10,394 INFO  [1] com.example.mqconsumer.Main - Starting MQ consumer — threads=8  queue=APPQ  timeout=300s
2026-09-29 20:47:10,412 INFO  [23] com.example.mqconsumer.ConsumerWorker - Worker 2 starting
2026-09-29 20:47:10,412 INFO  [25] com.example.mqconsumer.ConsumerWorker - Worker 4 starting
2026-09-29 20:47:10,412 INFO  [28] com.example.mqconsumer.ConsumerWorker - Worker 7 starting
2026-09-29 20:47:10,412 INFO  [26] com.example.mqconsumer.ConsumerWorker - Worker 5 starting
2026-09-29 20:47:10,412 INFO  [24] com.example.mqconsumer.ConsumerWorker - Worker 3 starting
2026-09-29 20:47:10,412 INFO  [27] com.example.mqconsumer.ConsumerWorker - Worker 6 starting
2026-09-29 20:47:10,412 INFO  [22] com.example.mqconsumer.ConsumerWorker - Worker 1 starting
2026-09-29 20:47:10,413 INFO  [29] com.example.mqconsumer.ConsumerWorker - Worker 8 starting
2026-09-29 20:47:10,461 FINER [29] javax.management.mbeanserver - ObjectName = JMImplementation:type=MBeanServerDelegate
2026-09-29 20:47:10,461 FINER [29] javax.management.mbeanserver - name = JMImplementation:type=MBeanServerDelegate
2026-09-29 20:47:10,461 FINER [29] javax.management.mbeanserver - Send create notification of object JMImplementation:type=MBeanServerDelegate
2026-09-29 20:47:10,464 FINER [29] javax.management.mbeanserver - JMX.mbean.registered JMImplementation:type=MBeanServerDelegate
2026-09-29 20:47:10,476 FINER [29] javax.management.misc - Building MBeanInfo for sun.management.RuntimeImpl
2026-09-29 20:47:10,476 FINER [29] javax.management.mbeanserver - ObjectName = java.lang:type=Runtime
2026-09-29 20:47:10,476 FINER [29] javax.management.mbeanserver - name = java.lang:type=Runtime
2026-09-29 20:47:10,476 FINER [29] javax.management.mbeanserver - Send create notification of object java.lang:type=Runtime
2026-09-29 20:47:10,476 FINER [29] javax.management.mbeanserver - JMX.mbean.registered java.lang:type=Runtime
2026-09-29 20:47:10,479 FINER [29] javax.management.misc - Building MBeanInfo for com.sun.management.internal.HotSpotThreadImpl
2026-09-29 20:47:10,479 FINER [29] javax.management.mbeanserver - ObjectName = java.lang:type=Threading
2026-09-29 20:47:10,479 FINER [29] javax.management.mbeanserver - name = java.lang:type=Threading
2026-09-29 20:47:10,479 FINER [29] javax.management.mbeanserver - Send create notification of object java.lang:type=Threading
2026-09-29 20:47:10,480 FINER [29] javax.management.mbeanserver - JMX.mbean.registered java.lang:type=Threading
2026-09-29 20:47:10,485 FINER [29] javax.management.misc - Building MBeanInfo for com.sun.management.internal.OperatingSystemImpl
2026-09-29 20:47:10,485 FINER [29] javax.management.mbeanserver - ObjectName = java.lang:type=OperatingSystem
2026-09-29 20:47:10,485 FINER [29] javax.management.mbeanserver - name = java.lang:type=OperatingSystem
2026-09-29 20:47:10,485 FINER [29] javax.management.mbeanserver - Send create notification of object java.lang:type=OperatingSystem
2026-09-29 20:47:10,485 FINER [29] javax.management.mbeanserver - JMX.mbean.registered java.lang:type=OperatingSystem
2026-09-29 20:47:10,487 FINER [29] javax.management.misc - Building MBeanInfo for sun.management.MemoryManagerImpl
2026-09-29 20:47:10,488 FINER [29] javax.management.mbeanserver - ObjectName = java.lang:name=CodeCacheManager,type=MemoryManager
2026-09-29 20:47:10,488 FINER [29] javax.management.mbeanserver - name = java.lang:name=CodeCacheManager,type=MemoryManager
2026-09-29 20:47:10,488 FINER [29] javax.management.mbeanserver - Send create notification of object java.lang:name=CodeCacheManager,type=MemoryManager
2026-09-29 20:47:10,488 FINER [29] javax.management.mbeanserver - JMX.mbean.registered java.lang:name=CodeCacheManager,type=MemoryManager
2026-09-29 20:47:10,488 FINER [29] javax.management.misc - Building MBeanInfo for sun.management.MemoryManagerImpl
2026-09-29 20:47:10,488 FINER [29] javax.management.mbeanserver - ObjectName = java.lang:name=Metaspace Manager,type=MemoryManager
2026-09-29 20:47:10,488 FINER [29] javax.management.mbeanserver - name = java.lang:name=Metaspace Manager,type=MemoryManager
2026-09-29 20:47:10,488 FINER [29] javax.management.mbeanserver - Send create notification of object java.lang:name=Metaspace Manager,type=MemoryManager
2026-09-29 20:47:10,488 FINER [29] javax.management.mbeanserver - JMX.mbean.registered java.lang:name=Metaspace Manager,type=MemoryManager
2026-09-29 20:47:10,490 FINER [29] javax.management.misc - Building MBeanInfo for sun.management.MemoryPoolImpl
2026-09-29 20:47:10,491 FINER [29] javax.management.mbeanserver - ObjectName = java.lang:name=CodeHeap 'non-nmethods',type=MemoryPool
2026-09-29 20:47:10,491 FINER [29] javax.management.mbeanserver - name = java.lang:name=CodeHeap 'non-nmethods',type=MemoryPool
2026-09-29 20:47:10,491 FINER [29] javax.management.mbeanserver - Send create notification of object java.lang:name=CodeHeap 'non-nmethods',type=MemoryPool
2026-09-29 20:47:10,491 FINER [29] javax.management.mbeanserver - JMX.mbean.registered java.lang:name=CodeHeap 'non-nmethods',type=MemoryPool
2026-09-29 20:47:10,491 FINER [29] javax.management.misc - Building MBeanInfo for sun.management.MemoryPoolImpl
2026-09-29 20:47:10,492 FINER [29] javax.management.mbeanserver - ObjectName = java.lang:name=Metaspace,type=MemoryPool
2026-09-29 20:47:10,492 FINER [29] javax.management.mbeanserver - name = java.lang:name=Metaspace,type=MemoryPool
2026-09-29 20:47:10,492 FINER [29] javax.management.mbeanserver - Send create notification of object java.lang:name=Metaspace,type=MemoryPool
2026-09-29 20:47:10,492 FINER [29] javax.management.mbeanserver - JMX.mbean.registered java.lang:name=Metaspace,type=MemoryPool
2026-09-29 20:47:10,492 FINER [29] javax.management.misc - Building MBeanInfo for sun.management.MemoryPoolImpl
2026-09-29 20:47:10,492 FINER [29] javax.management.mbeanserver - ObjectName = java.lang:name=CodeHeap 'profiled nmethods',type=MemoryPool
2026-09-29 20:47:10,492 FINER [29] javax.management.mbeanserver - name = java.lang:name=CodeHeap 'profiled nmethods',type=MemoryPool
2026-09-29 20:47:10,492 FINER [29] javax.management.mbeanserver - Send create notification of object java.lang:name=CodeHeap 'profiled nmethods',type=MemoryPool
2026-09-29 20:47:10,492 FINER [29] javax.management.mbeanserver - JMX.mbean.registered java.lang:name=CodeHeap 'profiled nmethods',type=MemoryPool
2026-09-29 20:47:10,492 FINER [29] javax.management.misc - Building MBeanInfo for sun.management.MemoryPoolImpl
2026-09-29 20:47:10,492 FINER [29] javax.management.mbeanserver - ObjectName = java.lang:name=Compressed Class Space,type=MemoryPool
2026-09-29 20:47:10,492 FINER [29] javax.management.mbeanserver - name = java.lang:name=Compressed Class Space,type=MemoryPool
2026-09-29 20:47:10,492 FINER [29] javax.management.mbeanserver - Send create notification of object java.lang:name=Compressed Class Space,type=MemoryPool
2026-09-29 20:47:10,492 FINER [29] javax.management.mbeanserver - JMX.mbean.registered java.lang:name=Compressed Class Space,type=MemoryPool
2026-09-29 20:47:10,492 FINER [29] javax.management.misc - Building MBeanInfo for sun.management.MemoryPoolImpl
2026-09-29 20:47:10,492 FINER [29] javax.management.mbeanserver - ObjectName = java.lang:name=G1 Eden Space,type=MemoryPool
2026-09-29 20:47:10,493 FINER [29] javax.management.mbeanserver - name = java.lang:name=G1 Eden Space,type=MemoryPool
2026-09-29 20:47:10,493 FINER [29] javax.management.mbeanserver - Send create notification of object java.lang:name=G1 Eden Space,type=MemoryPool
2026-09-29 20:47:10,493 FINER [29] javax.management.mbeanserver - JMX.mbean.registered java.lang:name=G1 Eden Space,type=MemoryPool
2026-09-29 20:47:10,493 FINER [29] javax.management.misc - Building MBeanInfo for sun.management.MemoryPoolImpl
2026-09-29 20:47:10,493 FINER [29] javax.management.mbeanserver - ObjectName = java.lang:name=G1 Old Gen,type=MemoryPool
2026-09-29 20:47:10,493 FINER [29] javax.management.mbeanserver - name = java.lang:name=G1 Old Gen,type=MemoryPool
2026-09-29 20:47:10,493 FINER [29] javax.management.mbeanserver - Send create notification of object java.lang:name=G1 Old Gen,type=MemoryPool
2026-09-29 20:47:10,493 FINER [29] javax.management.mbeanserver - JMX.mbean.registered java.lang:name=G1 Old Gen,type=MemoryPool
2026-09-29 20:47:10,493 FINER [29] javax.management.misc - Building MBeanInfo for sun.management.MemoryPoolImpl
2026-09-29 20:47:10,493 FINER [29] javax.management.mbeanserver - ObjectName = java.lang:name=G1 Survivor Space,type=MemoryPool
2026-09-29 20:47:10,493 FINER [29] javax.management.mbeanserver - name = java.lang:name=G1 Survivor Space,type=MemoryPool
2026-09-29 20:47:10,493 FINER [29] javax.management.mbeanserver - Send create notification of object java.lang:name=G1 Survivor Space,type=MemoryPool
2026-09-29 20:47:10,493 FINER [29] javax.management.mbeanserver - JMX.mbean.registered java.lang:name=G1 Survivor Space,type=MemoryPool
2026-09-29 20:47:10,493 FINER [29] javax.management.misc - Building MBeanInfo for sun.management.MemoryPoolImpl
2026-09-29 20:47:10,493 FINER [29] javax.management.mbeanserver - ObjectName = java.lang:name=CodeHeap 'non-profiled nmethods',type=MemoryPool
2026-09-29 20:47:10,494 FINER [29] javax.management.mbeanserver - name = java.lang:name=CodeHeap 'non-profiled nmethods',type=MemoryPool
2026-09-29 20:47:10,494 FINER [29] javax.management.mbeanserver - Send create notification of object java.lang:name=CodeHeap 'non-profiled nmethods',type=MemoryPool
2026-09-29 20:47:10,494 FINER [29] javax.management.mbeanserver - JMX.mbean.registered java.lang:name=CodeHeap 'non-profiled nmethods',type=MemoryPool
2026-09-29 20:47:10,494 FINER [29] javax.management.misc - Building MBeanInfo for sun.management.CompilationImpl
2026-09-29 20:47:10,494 FINER [29] javax.management.mbeanserver - ObjectName = java.lang:type=Compilation
2026-09-29 20:47:10,494 FINER [29] javax.management.mbeanserver - name = java.lang:type=Compilation
2026-09-29 20:47:10,494 FINER [29] javax.management.mbeanserver - Send create notification of object java.lang:type=Compilation
2026-09-29 20:47:10,494 FINER [29] javax.management.mbeanserver - JMX.mbean.registered java.lang:type=Compilation
2026-09-29 20:47:10,495 FINER [29] javax.management.misc - Building MBeanInfo for sun.management.MemoryImpl
2026-09-29 20:47:10,495 FINER [29] javax.management.mbeanserver - ObjectName = java.lang:type=Memory
2026-09-29 20:47:10,495 FINER [29] javax.management.mbeanserver - name = java.lang:type=Memory
2026-09-29 20:47:10,495 FINER [29] javax.management.mbeanserver - Send create notification of object java.lang:type=Memory
2026-09-29 20:47:10,495 FINER [29] javax.management.mbeanserver - JMX.mbean.registered java.lang:type=Memory
2026-09-29 20:47:10,497 FINER [29] javax.management.misc - Building MBeanInfo for sun.management.ManagementFactoryHelper$PlatformLoggingImpl
2026-09-29 20:47:10,497 FINER [29] javax.management.mbeanserver - ObjectName = java.util.logging:type=Logging
2026-09-29 20:47:10,497 FINER [29] javax.management.mbeanserver - name = java.util.logging:type=Logging
2026-09-29 20:47:10,497 FINER [29] javax.management.mbeanserver - Send create notification of object java.util.logging:type=Logging
2026-09-29 20:47:10,497 FINER [29] javax.management.mbeanserver - JMX.mbean.registered java.util.logging:type=Logging
2026-09-29 20:47:10,497 FINER [29] javax.management.misc - Building MBeanInfo for sun.management.ClassLoadingImpl
2026-09-29 20:47:10,497 FINER [29] javax.management.mbeanserver - ObjectName = java.lang:type=ClassLoading
2026-09-29 20:47:10,497 FINER [29] javax.management.mbeanserver - name = java.lang:type=ClassLoading
2026-09-29 20:47:10,498 FINER [29] javax.management.mbeanserver - Send create notification of object java.lang:type=ClassLoading
2026-09-29 20:47:10,498 FINER [29] javax.management.mbeanserver - JMX.mbean.registered java.lang:type=ClassLoading
2026-09-29 20:47:10,534 FINER [29] javax.management.mbeanserver - ObjectName = com.sun.management:type=DiagnosticCommand
2026-09-29 20:47:10,535 FINER [29] javax.management.mbeanserver - name = com.sun.management:type=DiagnosticCommand
2026-09-29 20:47:10,535 FINER [29] javax.management.mbeanserver - Send create notification of object com.sun.management:type=DiagnosticCommand
2026-09-29 20:47:10,535 FINER [29] javax.management.mbeanserver - JMX.mbean.registered com.sun.management:type=DiagnosticCommand
2026-09-29 20:47:10,536 FINER [29] javax.management.misc - Building MBeanInfo for com.sun.management.internal.GarbageCollectorExtImpl
2026-09-29 20:47:10,536 FINER [29] javax.management.mbeanserver - ObjectName = java.lang:name=G1 Young Generation,type=GarbageCollector
2026-09-29 20:47:10,536 FINER [29] javax.management.mbeanserver - name = java.lang:name=G1 Young Generation,type=GarbageCollector
2026-09-29 20:47:10,536 FINER [29] javax.management.mbeanserver - Send create notification of object java.lang:name=G1 Young Generation,type=GarbageCollector
2026-09-29 20:47:10,536 FINER [29] javax.management.mbeanserver - JMX.mbean.registered java.lang:name=G1 Young Generation,type=GarbageCollector
2026-09-29 20:47:10,536 FINER [29] javax.management.misc - Building MBeanInfo for com.sun.management.internal.GarbageCollectorExtImpl
2026-09-29 20:47:10,536 FINER [29] javax.management.mbeanserver - ObjectName = java.lang:name=G1 Concurrent GC,type=GarbageCollector
2026-09-29 20:47:10,536 FINER [29] javax.management.mbeanserver - name = java.lang:name=G1 Concurrent GC,type=GarbageCollector
2026-09-29 20:47:10,536 FINER [29] javax.management.mbeanserver - Send create notification of object java.lang:name=G1 Concurrent GC,type=GarbageCollector
2026-09-29 20:47:10,536 FINER [29] javax.management.mbeanserver - JMX.mbean.registered java.lang:name=G1 Concurrent GC,type=GarbageCollector
2026-09-29 20:47:10,536 FINER [29] javax.management.misc - Building MBeanInfo for com.sun.management.internal.GarbageCollectorExtImpl
2026-09-29 20:47:10,536 FINER [29] javax.management.mbeanserver - ObjectName = java.lang:name=G1 Old Generation,type=GarbageCollector
2026-09-29 20:47:10,537 FINER [29] javax.management.mbeanserver - name = java.lang:name=G1 Old Generation,type=GarbageCollector
2026-09-29 20:47:10,537 FINER [29] javax.management.mbeanserver - Send create notification of object java.lang:name=G1 Old Generation,type=GarbageCollector
2026-09-29 20:47:10,537 FINER [29] javax.management.mbeanserver - JMX.mbean.registered java.lang:name=G1 Old Generation,type=GarbageCollector
2026-09-29 20:47:10,539 FINER [29] javax.management.misc - Building MBeanInfo for com.sun.management.internal.HotSpotDiagnostic
2026-09-29 20:47:10,539 FINER [29] javax.management.mbeanserver - ObjectName = com.sun.management:type=HotSpotDiagnostic
2026-09-29 20:47:10,539 FINER [29] javax.management.mbeanserver - name = com.sun.management:type=HotSpotDiagnostic
2026-09-29 20:47:10,539 FINER [29] javax.management.mbeanserver - Send create notification of object com.sun.management:type=HotSpotDiagnostic
2026-09-29 20:47:10,539 FINER [29] javax.management.mbeanserver - JMX.mbean.registered com.sun.management:type=HotSpotDiagnostic
2026-09-29 20:47:10,543 FINER [29] javax.management.misc - Building MBeanInfo for sun.management.ManagementFactoryHelper$1
2026-09-29 20:47:10,543 FINER [29] javax.management.mbeanserver - ObjectName = java.nio:name=mapped,type=BufferPool
2026-09-29 20:47:10,543 FINER [29] javax.management.mbeanserver - name = java.nio:name=mapped,type=BufferPool
2026-09-29 20:47:10,543 FINER [29] javax.management.mbeanserver - Send create notification of object java.nio:name=mapped,type=BufferPool
2026-09-29 20:47:10,543 FINER [29] javax.management.mbeanserver - JMX.mbean.registered java.nio:name=mapped,type=BufferPool
2026-09-29 20:47:10,543 FINER [29] javax.management.misc - Building MBeanInfo for sun.management.ManagementFactoryHelper$1
2026-09-29 20:47:10,544 FINER [29] javax.management.mbeanserver - ObjectName = java.nio:name=direct,type=BufferPool
2026-09-29 20:47:10,544 FINER [29] javax.management.mbeanserver - name = java.nio:name=direct,type=BufferPool
2026-09-29 20:47:10,544 FINER [29] javax.management.mbeanserver - Send create notification of object java.nio:name=direct,type=BufferPool
2026-09-29 20:47:10,544 FINER [29] javax.management.mbeanserver - JMX.mbean.registered java.nio:name=direct,type=BufferPool
2026-09-29 20:47:10,544 FINER [29] javax.management.misc - Building MBeanInfo for sun.management.ManagementFactoryHelper$1
2026-09-29 20:47:10,544 FINER [29] javax.management.mbeanserver - ObjectName = java.nio:name=mapped - 'non-volatile memory',type=BufferPool
2026-09-29 20:47:10,544 FINER [29] javax.management.mbeanserver - name = java.nio:name=mapped - 'non-volatile memory',type=BufferPool
2026-09-29 20:47:10,544 FINER [29] javax.management.mbeanserver - Send create notification of object java.nio:name=mapped - 'non-volatile memory',type=BufferPool
2026-09-29 20:47:10,544 FINER [29] javax.management.mbeanserver - JMX.mbean.registered java.nio:name=mapped - 'non-volatile memory',type=BufferPool
2026-09-29 20:47:10,548 FINER [29] javax.management.misc - Building MBeanInfo for jdk.management.jfr.FlightRecorderMXBeanImpl
2026-09-29 20:47:10,551 FINER [29] javax.management.mbeanserver - ObjectName = jdk.management.jfr:type=FlightRecorder
2026-09-29 20:47:10,551 FINER [29] javax.management.mbeanserver - name = jdk.management.jfr:type=FlightRecorder
2026-09-29 20:47:10,551 FINER [29] javax.management.mbeanserver - Send create notification of object jdk.management.jfr:type=FlightRecorder
2026-09-29 20:47:10,551 FINER [29] javax.management.mbeanserver - JMX.mbean.registered jdk.management.jfr:type=FlightRecorder
2026-09-29 20:47:10,554 FINER [29] javax.management.misc - Building MBeanInfo for com.ibm.msg.client.commonservices.propertystore.PropertyStoreControlImpl
2026-09-29 20:47:10,554 FINER [29] javax.management.mbeanserver - ObjectName = IBM MQ:type=CommonServices,name=PropertyStoreControl
2026-09-29 20:47:10,554 FINER [29] javax.management.mbeanserver - name = IBM MQ:type=CommonServices,name=PropertyStoreControl
2026-09-29 20:47:10,554 FINER [29] javax.management.mbeanserver - Send create notification of object IBM MQ:name=PropertyStoreControl,type=CommonServices
2026-09-29 20:47:10,554 FINER [29] javax.management.mbeanserver - JMX.mbean.registered IBM MQ:type=CommonServices,name=PropertyStoreControl
2026-09-29 20:47:10,583 FINER [29] javax.management.misc - Building MBeanInfo for com.ibm.msg.client.commonservices.propertystore.PropertyStoreControlImpl
2026-09-29 20:47:10,583 FINER [29] javax.management.mbeanserver - ObjectName = IBM MQ:type=CommonServices,name=PropertyStoreControl
2026-09-29 20:47:10,583 FINER [29] javax.management.mbeanserver - name = IBM MQ:type=CommonServices,name=PropertyStoreControl
2026-09-29 20:47:12,022 INFO  [29] com.example.mqconsumer.ConsumerWorker - Worker 8 connected; waiting for messages on APPQ
2026-09-29 20:47:12,022 INFO  [23] com.example.mqconsumer.ConsumerWorker - Worker 2 connected; waiting for messages on APPQ
2026-09-29 20:47:12,026 INFO  [24] com.example.mqconsumer.ConsumerWorker - Worker 3 connected; waiting for messages on APPQ
2026-09-29 20:47:12,042 INFO  [24] com.example.mqconsumer.ConsumerWorker - Received  destination=<none>  replyTo=<none>  body=[destination=queue:///APPQ?targetClient=1&persistence=2 threadId=22 msg=1]
2026-09-29 20:47:12,042 INFO  [29] com.example.mqconsumer.ConsumerWorker - Received  destination=<none>  replyTo=<none>  body=[destination=queue:///APPQ?targetClient=1&persistence=2 threadId=24 msg=1]
2026-09-29 20:47:12,042 INFO  [23] com.example.mqconsumer.ConsumerWorker - Received  destination=<none>  replyTo=<none>  body=[destination=queue:///APPQ?targetClient=1&persistence=2 threadId=23 msg=1]
2026-09-29 20:47:12,044 INFO  [23] com.example.mqconsumer.ConsumerWorker - Received  destination=<none>  replyTo=<none>  body=[destination=queue:///APPQ?targetClient=1&persistence=2 threadId=24 msg=3]
2026-09-29 20:47:12,044 INFO  [29] com.example.mqconsumer.ConsumerWorker - Received  destination=<none>  replyTo=<none>  body=[destination=queue:///APPQ?targetClient=1&persistence=2 threadId=23 msg=3]
2026-09-29 20:47:12,044 INFO  [24] com.example.mqconsumer.ConsumerWorker - Received  destination=<none>  replyTo=<none>  body=[destination=queue:///APPQ?targetClient=1&persistence=2 threadId=25 msg=2]
2026-09-29 20:47:12,046 INFO  [23] com.example.mqconsumer.ConsumerWorker - Received  destination=<none>  replyTo=<none>  body=[destination=queue:///APPQ?targetClient=1&persistence=2 threadId=22 msg=4]
2026-09-29 20:47:12,046 INFO  [25] com.example.mqconsumer.ConsumerWorker - Worker 4 connected; waiting for messages on APPQ
2026-09-29 20:47:12,046 INFO  [29] com.example.mqconsumer.ConsumerWorker - Received  destination=<none>  replyTo=<none>  body=[destination=queue:///APPQ?targetClient=1&persistence=2 threadId=23 msg=5]
2026-09-29 20:47:12,048 INFO  [24] com.example.mqconsumer.ConsumerWorker - Received  destination=<none>  replyTo=<none>  body=[destination=queue:///APPQ?targetClient=1&persistence=2 threadId=22 msg=3]
2026-09-29 20:47:12,048 INFO  [23] com.example.mqconsumer.ConsumerWorker - Received  destination=<none>  replyTo=<none>  body=[destination=queue:///APPQ?targetClient=1&persistence=2 threadId=24 msg=5]
2026-09-29 20:47:12,049 INFO  [29] com.example.mqconsumer.ConsumerWorker - Received  destination=<none>  replyTo=<none>  body=[destination=queue:///APPQ?targetClient=1&persistence=2 threadId=23 msg=6]
2026-09-29 20:47:12,050 INFO  [24] com.example.mqconsumer.ConsumerWorker - Received  destination=<none>  replyTo=<none>  body=[destination=queue:///APPQ?targetClient=1&persistence=2 threadId=22 msg=6]
2026-09-29 20:47:12,050 INFO  [23] com.example.mqconsumer.ConsumerWorker - Received  destination=<none>  replyTo=<none>  body=[destination=queue:///APPQ?targetClient=1&persistence=2 threadId=23 msg=8]
2026-09-29 20:47:12,050 INFO  [25] com.example.mqconsumer.ConsumerWorker - Received  destination=<none>  replyTo=<none>  body=[destination=queue:///APPQ?targetClient=1&persistence=2 threadId=25 msg=4]
2026-09-29 20:47:12,051 INFO  [29] com.example.mqconsumer.ConsumerWorker - Received  destination=<none>  replyTo=<none>  body=[destination=queue:///APPQ?targetClient=1&persistence=2 threadId=22 msg=9]
2026-09-29 20:47:12,052 INFO  [24] com.example.mqconsumer.ConsumerWorker - Received  destination=<none>  replyTo=<none>  body=[destination=queue:///APPQ?targetClient=1&persistence=2 threadId=24 msg=6]
2026-09-29 20:47:12,054 INFO  [25] com.example.mqconsumer.ConsumerWorker - Received  destination=<none>  replyTo=<none>  body=[destination=queue:///APPQ?targetClient=1&persistence=2 threadId=25 msg=7]
2026-09-29 20:47:12,054 INFO  [23] com.example.mqconsumer.ConsumerWorker - Received  destination=<none>  replyTo=<none>  body=[destination=queue:///APPQ?targetClient=1&persistence=2 threadId=24 msg=9]
2026-09-29 20:47:12,054 INFO  [24] com.example.mqconsumer.ConsumerWorker - Received  destination=<none>  replyTo=<none>  body=[destination=queue:///APPQ?targetClient=1&persistence=2 threadId=23 msg=9]
2026-09-29 20:47:12,054 INFO  [29] com.example.mqconsumer.ConsumerWorker - Received  destination=<none>  replyTo=<none>  body=[destination=queue:///APPQ?targetClient=1&persistence=2 threadId=25 msg=9]
2026-09-29 20:47:12,057 INFO  [25] com.example.mqconsumer.ConsumerWorker - Received  destination=<none>  replyTo=<none>  body=[destination=queue:///APPQ?targetClient=1&persistence=2 threadId=22 msg=10]
2026-09-29 20:47:12,057 INFO  [23] com.example.mqconsumer.ConsumerWorker - Received  destination=<none>  replyTo=<none>  body=[destination=queue:///APPQ?targetClient=1&persistence=2 threadId=22 msg=12]
2026-09-29 20:47:12,057 INFO  [24] com.example.mqconsumer.ConsumerWorker - Received  destination=<none>  replyTo=<none>  body=[destination=queue:///APPQ?targetClient=1&persistence=2 threadId=24 msg=10]
2026-09-29 20:47:12,057 INFO  [29] com.example.mqconsumer.ConsumerWorker - Received  destination=<none>  replyTo=<none>  body=[destination=queue:///APPQ?targetClient=1&persistence=2 threadId=23 msg=12]
2026-09-29 20:47:12,059 INFO  [25] com.example.mqconsumer.ConsumerWorker - Received  destination=<none>  replyTo=<none>  body=[destination=queue:///APPQ?targetClient=1&persistence=2 threadId=25 msg=10]
2026-09-29 20:47:12,061 INFO  [29] com.example.mqconsumer.ConsumerWorker - Received  destination=<none>  replyTo=<none>  body=[destination=queue:///APPQ?targetClient=1&persistence=2 threadId=24 msg=1]
2026-09-29 20:47:12,061 INFO  [23] com.example.mqconsumer.ConsumerWorker - Received  destination=<none>  replyTo=<none>  body=[destination=queue:///APPQ?targetClient=1&persistence=2 threadId=25 msg=12]
2026-09-29 20:47:12,061 INFO  [24] com.example.mqconsumer.ConsumerWorker - Received  destination=<none>  replyTo=<none>  body=[destination=queue:///APPQ?targetClient=1&persistence=2 threadId=22 msg=11]
2026-09-29 20:47:12,062 INFO  [25] com.example.mqconsumer.ConsumerWorker - Received  destination=<none>  replyTo=<none>  body=[destination=queue:///APPQ?targetClient=1&persistence=2 threadId=23 msg=1]
2026-09-29 20:47:12,063 INFO  [29] com.example.mqconsumer.ConsumerWorker - Received  destination=<none>  replyTo=<none>  body=[destination=queue:///APPQ?targetClient=1&persistence=2 threadId=23 msg=2]
2026-09-29 20:47:12,063 INFO  [23] com.example.mqconsumer.ConsumerWorker - Received  destination=<none>  replyTo=<none>  body=[destination=queue:///APPQ?targetClient=1&persistence=2 threadId=22 msg=2]
2026-09-29 20:47:12,063 INFO  [24] com.example.mqconsumer.ConsumerWorker - Received  destination=<none>  replyTo=<none>  body=[destination=queue:///APPQ?targetClient=1&persistence=2 threadId=24 msg=2]
2026-09-29 20:47:12,063 INFO  [25] com.example.mqconsumer.ConsumerWorker - Received  destination=<none>  replyTo=<none>  body=[destination=queue:///APPQ?targetClient=1&persistence=2 threadId=22 msg=3]
2026-09-29 20:47:12,065 INFO  [29] com.example.mqconsumer.ConsumerWorker - Received  destination=<none>  replyTo=<none>  body=[destination=queue:///APPQ?targetClient=1&persistence=2 threadId=25 msg=3]
2026-09-29 20:47:12,065 INFO  [24] com.example.mqconsumer.ConsumerWorker - Received  destination=<none>  replyTo=<none>  body=[destination=queue:///APPQ?targetClient=1&persistence=2 threadId=23 msg=5]
2026-09-29 20:47:12,065 INFO  [23] com.example.mqconsumer.ConsumerWorker - Received  destination=<none>  replyTo=<none>  body=[destination=queue:///APPQ?targetClient=1&persistence=2 threadId=25 msg=5]
2026-09-29 20:47:12,065 INFO  [25] com.example.mqconsumer.ConsumerWorker - Received  destination=<none>  replyTo=<none>  body=[destination=queue:///APPQ?targetClient=1&persistence=2 threadId=25 msg=4]
2026-09-29 20:47:12,067 INFO  [29] com.example.mqconsumer.ConsumerWorker - Received  destination=<none>  replyTo=<none>  body=[destination=queue:///APPQ?targetClient=1&persistence=2 threadId=22 msg=6]
2026-09-29 20:47:12,068 INFO  [25] com.example.mqconsumer.ConsumerWorker - Received  destination=<none>  replyTo=<none>  body=[destination=queue:///APPQ?targetClient=1&persistence=2 threadId=22 msg=7]
2026-09-29 20:47:12,067 INFO  [24] com.example.mqconsumer.ConsumerWorker - Received  destination=<none>  replyTo=<none>  body=[destination=queue:///APPQ?targetClient=1&persistence=2 threadId=25 msg=6]
2026-09-29 20:47:12,068 INFO  [27] com.example.mqconsumer.ConsumerWorker - Worker 6 connected; waiting for messages on APPQ
2026-09-29 20:47:12,067 INFO  [23] com.example.mqconsumer.ConsumerWorker - Received  destination=<none>  replyTo=<none>  body=[destination=queue:///APPQ?targetClient=1&persistence=2 threadId=23 msg=6]
2026-09-29 20:47:12,069 INFO  [29] com.example.mqconsumer.ConsumerWorker - Received  destination=<none>  replyTo=<none>  body=[destination=queue:///APPQ?targetClient=1&persistence=2 threadId=25 msg=7]
2026-09-29 20:47:12,070 INFO  [25] com.example.mqconsumer.ConsumerWorker - Received  destination=<none>  replyTo=<none>  body=[destination=queue:///APPQ?targetClient=1&persistence=2 threadId=25 msg=8]
2026-09-29 20:47:12,070 INFO  [23] com.example.mqconsumer.ConsumerWorker - Received  destination=<none>  replyTo=<none>  body=[destination=queue:///APPQ?targetClient=1&persistence=2 threadId=25 msg=9]
2026-09-29 20:47:12,070 INFO  [24] com.example.mqconsumer.ConsumerWorker - Received  destination=<none>  replyTo=<none>  body=[destination=queue:///APPQ?targetClient=1&persistence=2 threadId=23 msg=9]
2026-09-29 20:47:12,070 INFO  [27] com.example.mqconsumer.ConsumerWorker - Received  destination=<none>  replyTo=<none>  body=[destination=queue:///APPQ?targetClient=1&persistence=2 threadId=22 msg=10]
2026-09-29 20:47:12,071 INFO  [29] com.example.mqconsumer.ConsumerWorker - Received  destination=<none>  replyTo=<none>  body=[destination=queue:///APPQ?targetClient=1&persistence=2 threadId=25 msg=11]
2026-09-29 20:47:12,071 INFO  [25] com.example.mqconsumer.ConsumerWorker - Received  destination=<none>  replyTo=<none>  body=[destination=queue:///APPQ?targetClient=1&persistence=2 threadId=25 msg=10]
2026-09-29 20:47:12,071 INFO  [24] com.example.mqconsumer.ConsumerWorker - Received  destination=<none>  replyTo=<none>  body=[destination=queue:///APPQ?targetClient=1&persistence=2 threadId=23 msg=10]
2026-09-29 20:47:12,071 INFO  [23] com.example.mqconsumer.ConsumerWorker - Received  destination=<none>  replyTo=<none>  body=[destination=queue:///APPQ?targetClient=1&persistence=2 threadId=23 msg=11]
2026-09-29 20:47:12,071 INFO  [27] com.example.mqconsumer.ConsumerWorker - Received  destination=<none>  replyTo=<none>  body=[destination=queue:///APPQ?targetClient=1&persistence=2 threadId=24 msg=14]
2026-09-29 20:47:12,073 INFO  [29] com.example.mqconsumer.ConsumerWorker - Received  destination=<none>  replyTo=<none>  body=[destination=queue:///APPQ?targetClient=1&persistence=2 threadId=22 msg=14]
2026-09-29 20:47:12,074 INFO  [24] com.example.mqconsumer.ConsumerWorker - Received  destination=<none>  replyTo=<none>  body=[destination=queue:///APPQ?targetClient=1&persistence=2 threadId=24 msg=12]
2026-09-29 20:47:12,074 INFO  [25] com.example.mqconsumer.ConsumerWorker - Received  destination=<none>  replyTo=<none>  body=[destination=queue:///APPQ?targetClient=1&persistence=2 threadId=22 msg=11]
2026-09-29 20:47:12,075 INFO  [27] com.example.mqconsumer.ConsumerWorker - Received  destination=<none>  replyTo=<none>  body=[destination=queue:///APPQ?targetClient=1&persistence=2 threadId=23 msg=15]
2026-09-29 20:47:12,075 INFO  [23] com.example.mqconsumer.ConsumerWorker - Received  destination=<none>  replyTo=<none>  body=[destination=queue:///APPQ?targetClient=1&persistence=2 threadId=25 msg=14]
2026-09-29 20:47:12,076 INFO  [29] com.example.mqconsumer.ConsumerWorker - Received  destination=<none>  replyTo=<none>  body=[destination=queue:///APPQ?targetClient=1&persistence=2 threadId=24 msg=17]
2026-09-29 20:47:12,076 INFO  [25] com.example.mqconsumer.ConsumerWorker - Received  destination=<none>  replyTo=<none>  body=[destination=queue:///APPQ?targetClient=1&persistence=2 threadId=23 msg=14]
2026-09-29 20:47:12,076 INFO  [24] com.example.mqconsumer.ConsumerWorker - Received  destination=<none>  replyTo=<none>  body=[destination=queue:///APPQ?targetClient=1&persistence=2 threadId=25 msg=12]
2026-09-29 20:47:12,076 INFO  [27] com.example.mqconsumer.ConsumerWorker - Received  destination=<none>  replyTo=<none>  body=[destination=queue:///APPQ?targetClient=1&persistence=2 threadId=22 msg=18]
2026-09-29 20:47:12,077 INFO  [23] com.example.mqconsumer.ConsumerWorker - Received  destination=<none>  replyTo=<none>  body=[destination=queue:///APPQ?targetClient=1&persistence=2 threadId=25 msg=18]
2026-09-29 20:47:12,078 INFO  [29] com.example.mqconsumer.ConsumerWorker - Received  destination=<none>  replyTo=<none>  body=[destination=queue:///APPQ?targetClient=1&persistence=2 threadId=23 msg=19]
2026-09-29 20:47:12,078 INFO  [25] com.example.mqconsumer.ConsumerWorker - Received  destination=<none>  replyTo=<none>  body=[destination=queue:///APPQ?targetClient=1&persistence=2 threadId=25 msg=15]
2026-09-29 20:47:12,078 INFO  [24] com.example.mqconsumer.ConsumerWorker - Received  destination=<none>  replyTo=<none>  body=[destination=queue:///APPQ?targetClient=1&persistence=2 threadId=24 msg=16]
2026-09-29 20:47:12,078 INFO  [27] com.example.mqconsumer.ConsumerWorker - Received  destination=<none>  replyTo=<none>  body=[destination=queue:///APPQ?targetClient=1&persistence=2 threadId=24 msg=21]
2026-09-29 20:47:12,078 INFO  [23] com.example.mqconsumer.ConsumerWorker - Received  destination=<none>  replyTo=<none>  body=[destination=queue:///APPQ?targetClient=1&persistence=2 threadId=22 msg=22]
2026-09-29 20:47:12,079 INFO  [29] com.example.mqconsumer.ConsumerWorker - Received  destination=<none>  replyTo=<none>  body=[destination=queue:///APPQ?targetClient=1&persistence=2 threadId=25 msg=22]
2026-09-29 20:47:12,079 INFO  [24] com.example.mqconsumer.ConsumerWorker - Received  destination=<none>  replyTo=<none>  body=[destination=queue:///APPQ?targetClient=1&persistence=2 threadId=23 msg=18]
2026-09-29 20:47:12,079 INFO  [25] com.example.mqconsumer.ConsumerWorker - Received  destination=<none>  replyTo=<none>  body=[destination=queue:///APPQ?targetClient=1&persistence=2 threadId=22 msg=16]
2026-09-29 20:47:12,080 INFO  [23] com.example.mqconsumer.ConsumerWorker - Received  destination=<none>  replyTo=<none>  body=[destination=queue:///APPQ?targetClient=1&persistence=2 threadId=25 msg=24]
2026-09-29 20:47:12,080 INFO  [27] com.example.mqconsumer.ConsumerWorker - Received  destination=<none>  replyTo=<none>  body=[destination=queue:///APPQ?targetClient=1&persistence=2 threadId=23 msg=23]
2026-09-29 20:47:12,081 INFO  [29] com.example.mqconsumer.ConsumerWorker - Received  destination=<none>  replyTo=<none>  body=[destination=queue:///APPQ?targetClient=1&persistence=2 threadId=24 msg=25]
2026-09-29 20:47:12,081 INFO  [24] com.example.mqconsumer.ConsumerWorker - Received  destination=<none>  replyTo=<none>  body=[destination=queue:///APPQ?targetClient=1&persistence=2 threadId=24 msg=19]
2026-09-29 20:47:12,081 INFO  [25] com.example.mqconsumer.ConsumerWorker - Received  destination=<none>  replyTo=<none>  body=[destination=queue:///APPQ?targetClient=1&persistence=2 threadId=25 msg=19]
2026-09-29 20:47:12,081 INFO  [23] com.example.mqconsumer.ConsumerWorker - Received  destination=<none>  replyTo=<none>  body=[destination=queue:///APPQ?targetClient=1&persistence=2 threadId=23 msg=27]
2026-09-29 20:47:12,081 INFO  [27] com.example.mqconsumer.ConsumerWorker - Received  destination=<none>  replyTo=<none>  body=[destination=queue:///APPQ?targetClient=1&persistence=2 threadId=22 msg=26]
2026-09-29 20:47:12,083 INFO  [25] com.example.mqconsumer.ConsumerWorker - Received  destination=<none>  replyTo=<none>  body=[destination=queue:///APPQ?targetClient=1&persistence=2 threadId=23 msg=22]
2026-09-29 20:47:12,083 INFO  [24] com.example.mqconsumer.ConsumerWorker - Received  destination=<none>  replyTo=<none>  body=[destination=queue:///APPQ?targetClient=1&persistence=2 threadId=22 msg=20]
2026-09-29 20:47:12,084 INFO  [29] com.example.mqconsumer.ConsumerWorker - Received  destination=<none>  replyTo=<none>  body=[destination=queue:///APPQ?targetClient=1&persistence=2 threadId=25 msg=28]
2026-09-29 20:47:12,084 INFO  [27] com.example.mqconsumer.ConsumerWorker - Received  destination=<none>  replyTo=<none>  body=[destination=queue:///APPQ?targetClient=1&persistence=2 threadId=22 msg=30]
2026-09-29 20:47:12,084 INFO  [23] com.example.mqconsumer.ConsumerWorker - Received  destination=<none>  replyTo=<none>  body=[destination=queue:///APPQ?targetClient=1&persistence=2 threadId=24 msg=29]
2026-09-29 20:47:12,086 INFO  [27] com.example.mqconsumer.ConsumerWorker - Received  destination=<none>  replyTo=<none>  body=[destination=queue:///APPQ?targetClient=1&persistence=2 threadId=25 msg=32]
2026-09-29 20:47:12,086 INFO  [23] com.example.mqconsumer.ConsumerWorker - Received  destination=<none>  replyTo=<none>  body=[destination=queue:///APPQ?targetClient=1&persistence=2 threadId=24 msg=33]
2026-09-29 20:47:12,086 INFO  [29] com.example.mqconsumer.ConsumerWorker - Received  destination=<none>  replyTo=<none>  body=[destination=queue:///APPQ?targetClient=1&persistence=2 threadId=23 msg=31]
2026-09-29 20:47:12,086 INFO  [22] com.example.mqconsumer.ConsumerWorker - Worker 1 connected; waiting for messages on APPQ
2026-09-29 20:47:12,086 INFO  [24] com.example.mqconsumer.ConsumerWorker - Received  destination=<none>  replyTo=<none>  body=[destination=queue:///APPQ?targetClient=1&persistence=2 threadId=25 msg=23]
2026-09-29 20:47:12,086 INFO  [25] com.example.mqconsumer.ConsumerWorker - Received  destination=<none>  replyTo=<none>  body=[destination=queue:///APPQ?targetClient=1&persistence=2 threadId=24 msg=23]
2026-09-29 20:47:12,088 INFO  [23] com.example.mqconsumer.ConsumerWorker - Received  destination=<none>  replyTo=<none>  body=[destination=queue:///APPQ?targetClient=1&persistence=2 threadId=22 msg=34]
2026-09-29 20:47:12,088 INFO  [27] com.example.mqconsumer.ConsumerWorker - Received  destination=<none>  replyTo=<none>  body=[destination=queue:///APPQ?targetClient=1&persistence=2 threadId=25 msg=33]
2026-09-29 20:47:12,088 INFO  [29] com.example.mqconsumer.ConsumerWorker - Received  destination=<none>  replyTo=<none>  body=[destination=queue:///APPQ?targetClient=1&persistence=2 threadId=23 msg=35]
2026-09-29 20:47:12,088 INFO  [24] com.example.mqconsumer.ConsumerWorker - Received  destination=<none>  replyTo=<none>  body=[destination=queue:///APPQ?targetClient=1&persistence=2 threadId=22 msg=24]
2026-09-29 20:47:12,088 INFO  [25] com.example.mqconsumer.ConsumerWorker - Received  destination=<none>  replyTo=<none>  body=[destination=queue:///APPQ?targetClient=1&persistence=2 threadId=25 msg=25]
2026-09-29 20:47:12,089 INFO  [22] com.example.mqconsumer.ConsumerWorker - Received  destination=<none>  replyTo=<none>  body=[destination=queue:///APPQ?targetClient=1&persistence=2 threadId=23 msg=26]
2026-09-29 20:47:12,089 INFO  [23] com.example.mqconsumer.ConsumerWorker - Received  destination=<none>  replyTo=<none>  body=[destination=queue:///APPQ?targetClient=1&persistence=2 threadId=24 msg=37]
2026-09-29 20:47:12,089 INFO  [27] com.example.mqconsumer.ConsumerWorker - Received  destination=<none>  replyTo=<none>  body=[destination=queue:///APPQ?targetClient=1&persistence=2 threadId=25 msg=37]
2026-09-29 20:47:12,089 INFO  [29] com.example.mqconsumer.ConsumerWorker - Received  destination=<none>  replyTo=<none>  body=[destination=queue:///APPQ?targetClient=1&persistence=2 threadId=22 msg=38]
2026-09-29 20:47:12,089 INFO  [24] com.example.mqconsumer.ConsumerWorker - Received  destination=<none>  replyTo=<none>  body=[destination=queue:///APPQ?targetClient=1&persistence=2 threadId=24 msg=27]
2026-09-29 20:47:12,090 INFO  [22] com.example.mqconsumer.ConsumerWorker - Received  destination=<none>  replyTo=<none>  body=[destination=queue:///APPQ?targetClient=1&persistence=2 threadId=25 msg=29]
2026-09-29 20:47:12,090 INFO  [23] com.example.mqconsumer.ConsumerWorker - Received  destination=<none>  replyTo=<none>  body=[destination=queue:///APPQ?targetClient=1&persistence=2 threadId=23 msg=40]
2026-09-29 20:47:12,090 INFO  [29] com.example.mqconsumer.ConsumerWorker - Received  destination=<none>  replyTo=<none>  body=[destination=queue:///APPQ?targetClient=1&persistence=2 threadId=25 msg=41]
2026-09-29 20:47:12,090 INFO  [25] com.example.mqconsumer.ConsumerWorker - Received  destination=<none>  replyTo=<none>  body=[destination=queue:///APPQ?targetClient=1&persistence=2 threadId=22 msg=28]
2026-09-29 20:47:12,090 INFO  [24] com.example.mqconsumer.ConsumerWorker - Received  destination=<none>  replyTo=<none>  body=[destination=queue:///APPQ?targetClient=1&persistence=2 threadId=23 msg=30]
2026-09-29 20:47:12,090 INFO  [27] com.example.mqconsumer.ConsumerWorker - Received  destination=<none>  replyTo=<none>  body=[destination=queue:///APPQ?targetClient=1&persistence=2 threadId=24 msg=41]
2026-09-29 20:47:12,092 INFO  [23] com.example.mqconsumer.ConsumerWorker - Received  destination=<none>  replyTo=<none>  body=[destination=queue:///APPQ?targetClient=1&persistence=2 threadId=22 msg=42]
2026-09-29 20:47:12,092 INFO  [22] com.example.mqconsumer.ConsumerWorker - Received  destination=<none>  replyTo=<none>  body=[destination=queue:///APPQ?targetClient=1&persistence=2 threadId=24 msg=31]
2026-09-29 20:47:12,092 INFO  [29] com.example.mqconsumer.ConsumerWorker - Received  destination=<none>  replyTo=<none>  body=[destination=queue:///APPQ?targetClient=1&persistence=2 threadId=23 msg=44]
2026-09-29 20:47:12,092 INFO  [25] com.example.mqconsumer.ConsumerWorker - Received  destination=<none>  replyTo=<none>  body=[destination=queue:///APPQ?targetClient=1&persistence=2 threadId=22 msg=32]
2026-09-29 20:47:12,092 INFO  [24] com.example.mqconsumer.ConsumerWorker - Received  destination=<none>  replyTo=<none>  body=[destination=queue:///APPQ?targetClient=1&persistence=2 threadId=23 msg=34]
2026-09-29 20:47:12,093 INFO  [27] com.example.mqconsumer.ConsumerWorker - Received  destination=<none>  replyTo=<none>  body=[destination=queue:///APPQ?targetClient=1&persistence=2 threadId=24 msg=45]
2026-09-29 20:47:12,093 INFO  [23] com.example.mqconsumer.ConsumerWorker - Received  destination=<none>  replyTo=<none>  body=[destination=queue:///APPQ?targetClient=1&persistence=2 threadId=25 msg=45]
2026-09-29 20:47:12,093 INFO  [22] com.example.mqconsumer.ConsumerWorker - Received  destination=<none>  replyTo=<none>  body=[destination=queue:///APPQ?targetClient=1&persistence=2 threadId=25 msg=34]
2026-09-29 20:47:12,093 INFO  [29] com.example.mqconsumer.ConsumerWorker - Received  destination=<none>  replyTo=<none>  body=[destination=queue:///APPQ?targetClient=1&persistence=2 threadId=22 msg=46]
2026-09-29 20:47:12,093 INFO  [25] com.example.mqconsumer.ConsumerWorker - Received  destination=<none>  replyTo=<none>  body=[destination=queue:///APPQ?targetClient=1&persistence=2 threadId=24 msg=35]
2026-09-29 20:47:12,093 INFO  [24] com.example.mqconsumer.ConsumerWorker - Received  destination=<none>  replyTo=<none>  body=[destination=queue:///APPQ?targetClient=1&persistence=2 threadId=22 msg=36]
2026-09-29 20:47:12,094 INFO  [22] com.example.mqconsumer.ConsumerWorker - Received  destination=<none>  replyTo=<none>  body=[destination=queue:///APPQ?targetClient=1&persistence=2 threadId=23 msg=38]
2026-09-29 20:47:12,094 INFO  [25] com.example.mqconsumer.ConsumerWorker - Received  destination=<none>  replyTo=<none>  body=[destination=queue:///APPQ?targetClient=1&persistence=2 threadId=25 msg=38]
2026-09-29 20:47:12,094 INFO  [24] com.example.mqconsumer.ConsumerWorker - Received  destination=<none>  replyTo=<none>  body=[destination=queue:///APPQ?targetClient=1&persistence=2 threadId=23 msg=39]
2026-09-29 20:47:12,095 INFO  [22] com.example.mqconsumer.ConsumerWorker - Received  destination=<none>  replyTo=<none>  body=[destination=queue:///APPQ?targetClient=1&persistence=2 threadId=24 msg=39]
2026-09-29 20:47:12,095 INFO  [25] com.example.mqconsumer.ConsumerWorker - Received  destination=<none>  replyTo=<none>  body=[destination=queue:///APPQ?targetClient=1&persistence=2 threadId=22 msg=40]
2026-09-29 20:47:12,096 INFO  [24] com.example.mqconsumer.ConsumerWorker - Received  destination=<none>  replyTo=<none>  body=[destination=queue:///APPQ?targetClient=1&persistence=2 threadId=25 msg=42]
2026-09-29 20:47:12,096 INFO  [22] com.example.mqconsumer.ConsumerWorker - Received  destination=<none>  replyTo=<none>  body=[destination=queue:///APPQ?targetClient=1&persistence=2 threadId=23 msg=43]
2026-09-29 20:47:12,096 INFO  [25] com.example.mqconsumer.ConsumerWorker - Received  destination=<none>  replyTo=<none>  body=[destination=queue:///APPQ?targetClient=1&persistence=2 threadId=24 msg=43]
2026-09-29 20:47:12,096 INFO  [24] com.example.mqconsumer.ConsumerWorker - Received  destination=<none>  replyTo=<none>  body=[destination=queue:///APPQ?targetClient=1&persistence=2 threadId=22 msg=44]
2026-09-29 20:47:12,096 INFO  [22] com.example.mqconsumer.ConsumerWorker - Received  destination=<none>  replyTo=<none>  body=[destination=queue:///APPQ?targetClient=1&persistence=2 threadId=25 msg=46]
2026-09-29 20:47:12,101 INFO  [26] com.example.mqconsumer.ConsumerWorker - Worker 5 connected; waiting for messages on APPQ
2026-09-29 20:47:12,104 INFO  [26] com.example.mqconsumer.ConsumerWorker - Received  destination=<none>  replyTo=<none>  body=[destination=queue:///APPQ?targetClient=1&persistence=2 threadId=22 msg=2]
2026-09-29 20:47:12,105 INFO  [26] com.example.mqconsumer.ConsumerWorker - Received  destination=<none>  replyTo=<none>  body=[destination=queue:///APPQ?targetClient=1&persistence=2 threadId=23 msg=2]
2026-09-29 20:47:12,106 INFO  [26] com.example.mqconsumer.ConsumerWorker - Received  destination=<none>  replyTo=<none>  body=[destination=queue:///APPQ?targetClient=1&persistence=2 threadId=23 msg=4]
2026-09-29 20:47:12,107 INFO  [26] com.example.mqconsumer.ConsumerWorker - Received  destination=<none>  replyTo=<none>  body=[destination=queue:///APPQ?targetClient=1&persistence=2 threadId=22 msg=7]
2026-09-29 20:47:12,108 INFO  [26] com.example.mqconsumer.ConsumerWorker - Received  destination=<none>  replyTo=<none>  body=[destination=queue:///APPQ?targetClient=1&persistence=2 threadId=23 msg=7]
2026-09-29 20:47:12,109 INFO  [26] com.example.mqconsumer.ConsumerWorker - Received  destination=<none>  replyTo=<none>  body=[destination=queue:///APPQ?targetClient=1&persistence=2 threadId=24 msg=8]
2026-09-29 20:47:12,110 INFO  [26] com.example.mqconsumer.ConsumerWorker - Received  destination=<none>  replyTo=<none>  body=[destination=queue:///APPQ?targetClient=1&persistence=2 threadId=23 msg=10]
2026-09-29 20:47:12,111 INFO  [26] com.example.mqconsumer.ConsumerWorker - Received  destination=<none>  replyTo=<none>  body=[destination=queue:///APPQ?targetClient=1&persistence=2 threadId=25 msg=11]
2026-09-29 20:47:12,112 INFO  [26] com.example.mqconsumer.ConsumerWorker - Received  destination=<none>  replyTo=<none>  body=[destination=queue:///APPQ?targetClient=1&persistence=2 threadId=24 msg=12]
2026-09-29 20:47:12,112 INFO  [26] com.example.mqconsumer.ConsumerWorker - Received  destination=<none>  replyTo=<none>  body=[destination=queue:///APPQ?targetClient=1&persistence=2 threadId=25 msg=2]
2026-09-29 20:47:12,113 INFO  [26] com.example.mqconsumer.ConsumerWorker - Received  destination=<none>  replyTo=<none>  body=[destination=queue:///APPQ?targetClient=1&persistence=2 threadId=23 msg=4]
2026-09-29 20:47:12,115 INFO  [26] com.example.mqconsumer.ConsumerWorker - Received  destination=<none>  replyTo=<none>  body=[destination=queue:///APPQ?targetClient=1&persistence=2 threadId=22 msg=4]
2026-09-29 20:47:12,116 INFO  [26] com.example.mqconsumer.ConsumerWorker - Received  destination=<none>  replyTo=<none>  body=[destination=queue:///APPQ?targetClient=1&persistence=2 threadId=24 msg=4]
2026-09-29 20:47:12,117 INFO  [26] com.example.mqconsumer.ConsumerWorker - Received  destination=<none>  replyTo=<none>  body=[destination=queue:///APPQ?targetClient=1&persistence=2 threadId=24 msg=6]
2026-09-29 20:47:12,117 INFO  [26] com.example.mqconsumer.ConsumerWorker - Received  destination=<none>  replyTo=<none>  body=[destination=queue:///APPQ?targetClient=1&persistence=2 threadId=24 msg=8]
2026-09-29 20:47:12,119 INFO  [26] com.example.mqconsumer.ConsumerWorker - Received  destination=<none>  replyTo=<none>  body=[destination=queue:///APPQ?targetClient=1&persistence=2 threadId=22 msg=8]
2026-09-29 20:47:12,119 INFO  [28] com.example.mqconsumer.ConsumerWorker - Worker 7 connected; waiting for messages on APPQ
2026-09-29 20:47:12,120 INFO  [26] com.example.mqconsumer.ConsumerWorker - Received  destination=<none>  replyTo=<none>  body=[destination=queue:///APPQ?targetClient=1&persistence=2 threadId=23 msg=8]
2026-09-29 20:47:12,120 INFO  [26] com.example.mqconsumer.ConsumerWorker - Received  destination=<none>  replyTo=<none>  body=[destination=queue:///APPQ?targetClient=1&persistence=2 threadId=24 msg=10]
2026-09-29 20:47:12,121 INFO  [26] com.example.mqconsumer.ConsumerWorker - Received  destination=<none>  replyTo=<none>  body=[destination=queue:///APPQ?targetClient=1&persistence=2 threadId=22 msg=12]
2026-09-29 20:47:12,122 INFO  [26] com.example.mqconsumer.ConsumerWorker - Received  destination=<none>  replyTo=<none>  body=[destination=queue:///APPQ?targetClient=1&persistence=2 threadId=24 msg=13]
2026-09-29 20:47:12,123 INFO  [26] com.example.mqconsumer.ConsumerWorker - Received  destination=<none>  replyTo=<none>  body=[destination=queue:///APPQ?targetClient=1&persistence=2 threadId=23 msg=13]
2026-09-29 20:47:12,124 INFO  [26] com.example.mqconsumer.ConsumerWorker - Received  destination=<none>  replyTo=<none>  body=[destination=queue:///APPQ?targetClient=1&persistence=2 threadId=22 msg=17]
2026-09-29 20:47:12,126 INFO  [26] com.example.mqconsumer.ConsumerWorker - Received  destination=<none>  replyTo=<none>  body=[destination=queue:///APPQ?targetClient=1&persistence=2 threadId=23 msg=17]
2026-09-29 20:47:12,126 INFO  [26] com.example.mqconsumer.ConsumerWorker - Received  destination=<none>  replyTo=<none>  body=[destination=queue:///APPQ?targetClient=1&persistence=2 threadId=25 msg=17]
2026-09-29 20:47:12,127 INFO  [26] com.example.mqconsumer.ConsumerWorker - Received  destination=<none>  replyTo=<none>  body=[destination=queue:///APPQ?targetClient=1&persistence=2 threadId=24 msg=20]
2026-09-29 20:47:12,128 INFO  [26] com.example.mqconsumer.ConsumerWorker - Received  destination=<none>  replyTo=<none>  body=[destination=queue:///APPQ?targetClient=1&persistence=2 threadId=22 msg=21]
2026-09-29 20:47:12,129 INFO  [26] com.example.mqconsumer.ConsumerWorker - Received  destination=<none>  replyTo=<none>  body=[destination=queue:///APPQ?targetClient=1&persistence=2 threadId=23 msg=21]
2026-09-29 20:47:12,130 INFO  [26] com.example.mqconsumer.ConsumerWorker - Received  destination=<none>  replyTo=<none>  body=[destination=queue:///APPQ?targetClient=1&persistence=2 threadId=25 msg=21]
2026-09-29 20:47:12,131 INFO  [26] com.example.mqconsumer.ConsumerWorker - Received  destination=<none>  replyTo=<none>  body=[destination=queue:///APPQ?targetClient=1&persistence=2 threadId=24 msg=24]
2026-09-29 20:47:12,133 INFO  [26] com.example.mqconsumer.ConsumerWorker - Received  destination=<none>  replyTo=<none>  body=[destination=queue:///APPQ?targetClient=1&persistence=2 threadId=22 msg=25]
2026-09-29 20:47:12,134 INFO  [26] com.example.mqconsumer.ConsumerWorker - Received  destination=<none>  replyTo=<none>  body=[destination=queue:///APPQ?targetClient=1&persistence=2 threadId=23 msg=25]
2026-09-29 20:47:12,134 INFO  [26] com.example.mqconsumer.ConsumerWorker - Received  destination=<none>  replyTo=<none>  body=[destination=queue:///APPQ?targetClient=1&persistence=2 threadId=25 msg=27]
2026-09-29 20:47:12,135 INFO  [26] com.example.mqconsumer.ConsumerWorker - Received  destination=<none>  replyTo=<none>  body=[destination=queue:///APPQ?targetClient=1&persistence=2 threadId=24 msg=28]
2026-09-29 20:47:12,136 INFO  [26] com.example.mqconsumer.ConsumerWorker - Received  destination=<none>  replyTo=<none>  body=[destination=queue:///APPQ?targetClient=1&persistence=2 threadId=23 msg=29]
2026-09-29 20:47:12,137 INFO  [26] com.example.mqconsumer.ConsumerWorker - Received  destination=<none>  replyTo=<none>  body=[destination=queue:///APPQ?targetClient=1&persistence=2 threadId=22 msg=29]
2026-09-29 20:47:12,138 INFO  [26] com.example.mqconsumer.ConsumerWorker - Received  destination=<none>  replyTo=<none>  body=[destination=queue:///APPQ?targetClient=1&persistence=2 threadId=25 msg=31]
2026-09-29 20:47:12,139 INFO  [26] com.example.mqconsumer.ConsumerWorker - Received  destination=<none>  replyTo=<none>  body=[destination=queue:///APPQ?targetClient=1&persistence=2 threadId=24 msg=32]
2026-09-29 20:47:12,139 INFO  [26] com.example.mqconsumer.ConsumerWorker - Received  destination=<none>  replyTo=<none>  body=[destination=queue:///APPQ?targetClient=1&persistence=2 threadId=23 msg=33]
2026-09-29 20:47:12,140 INFO  [26] com.example.mqconsumer.ConsumerWorker - Received  destination=<none>  replyTo=<none>  body=[destination=queue:///APPQ?targetClient=1&persistence=2 threadId=22 msg=33]
2026-09-29 20:47:12,140 INFO  [26] com.example.mqconsumer.ConsumerWorker - Received  destination=<none>  replyTo=<none>  body=[destination=queue:///APPQ?targetClient=1&persistence=2 threadId=24 msg=36]
2026-09-29 20:47:12,141 INFO  [26] com.example.mqconsumer.ConsumerWorker - Received  destination=<none>  replyTo=<none>  body=[destination=queue:///APPQ?targetClient=1&persistence=2 threadId=25 msg=36]
2026-09-29 20:47:12,142 INFO  [26] com.example.mqconsumer.ConsumerWorker - Received  destination=<none>  replyTo=<none>  body=[destination=queue:///APPQ?targetClient=1&persistence=2 threadId=23 msg=37]
2026-09-29 20:47:12,143 INFO  [26] com.example.mqconsumer.ConsumerWorker - Received  destination=<none>  replyTo=<none>  body=[destination=queue:///APPQ?targetClient=1&persistence=2 threadId=22 msg=37]
2026-09-29 20:47:12,143 INFO  [26] com.example.mqconsumer.ConsumerWorker - Received  destination=<none>  replyTo=<none>  body=[destination=queue:///APPQ?targetClient=1&persistence=2 threadId=24 msg=40]
2026-09-29 20:47:12,145 INFO  [26] com.example.mqconsumer.ConsumerWorker - Received  destination=<none>  replyTo=<none>  body=[destination=queue:///APPQ?targetClient=1&persistence=2 threadId=25 msg=40]
2026-09-29 20:47:12,146 INFO  [26] com.example.mqconsumer.ConsumerWorker - Received  destination=<none>  replyTo=<none>  body=[destination=queue:///APPQ?targetClient=1&persistence=2 threadId=22 msg=41]
2026-09-29 20:47:12,147 INFO  [26] com.example.mqconsumer.ConsumerWorker - Received  destination=<none>  replyTo=<none>  body=[destination=queue:///APPQ?targetClient=1&persistence=2 threadId=23 msg=42]
2026-09-29 20:47:12,149 INFO  [26] com.example.mqconsumer.ConsumerWorker - Received  destination=<none>  replyTo=<none>  body=[destination=queue:///APPQ?targetClient=1&persistence=2 threadId=24 msg=44]
2026-09-29 20:47:12,150 INFO  [26] com.example.mqconsumer.ConsumerWorker - Received  destination=<none>  replyTo=<none>  body=[destination=queue:///APPQ?targetClient=1&persistence=2 threadId=25 msg=44]
2026-09-29 20:47:12,150 INFO  [26] com.example.mqconsumer.ConsumerWorker - Received  destination=<none>  replyTo=<none>  body=[destination=queue:///APPQ?targetClient=1&persistence=2 threadId=22 msg=45]
2026-09-29 20:47:12,151 INFO  [26] com.example.mqconsumer.ConsumerWorker - Received  destination=<none>  replyTo=<none>  body=[destination=queue:///APPQ?targetClient=1&persistence=2 threadId=23 msg=46]
2026-09-29 20:47:49,729 SEVERE [29] com.example.mqconsumer.ConsumerWorker - JMSException JMSCMQ0002: The method 'MQCMIT' failed.
2026-09-29 20:47:49,736 INFO  [29] com.example.mqconsumer.ConsumerWorker - Received  destination=<none>  replyTo=<none>  body=[destination=queue:///APPQ?targetClient=1&persistence=2 threadId=25 msg=1]
2026-09-29 20:47:49,737 INFO  [29] com.example.mqconsumer.ConsumerWorker - Received  destination=<none>  replyTo=<none>  body=[destination=queue:///APPQ?targetClient=1&persistence=2 threadId=24 msg=2]
2026-09-29 20:47:49,738 INFO  [29] com.example.mqconsumer.ConsumerWorker - Received  destination=<none>  replyTo=<none>  body=[destination=queue:///APPQ?targetClient=1&persistence=2 threadId=25 msg=3]
2026-09-29 20:47:49,740 INFO  [29] com.example.mqconsumer.ConsumerWorker - Received  destination=<none>  replyTo=<none>  body=[destination=queue:///APPQ?targetClient=1&persistence=2 threadId=24 msg=4]
2026-09-29 20:47:49,743 INFO  [29] com.example.mqconsumer.ConsumerWorker - Received  destination=<none>  replyTo=<none>  body=[destination=queue:///APPQ?targetClient=1&persistence=2 threadId=22 msg=5]
2026-09-29 20:47:49,744 INFO  [29] com.example.mqconsumer.ConsumerWorker - Received  destination=<none>  replyTo=<none>  body=[destination=queue:///APPQ?targetClient=1&persistence=2 threadId=25 msg=5]
2026-09-29 20:47:49,745 INFO  [29] com.example.mqconsumer.ConsumerWorker - Received  destination=<none>  replyTo=<none>  body=[destination=queue:///APPQ?targetClient=1&persistence=2 threadId=25 msg=6]
2026-09-29 20:47:49,747 INFO  [29] com.example.mqconsumer.ConsumerWorker - Received  destination=<none>  replyTo=<none>  body=[destination=queue:///APPQ?targetClient=1&persistence=2 threadId=24 msg=7]
2026-09-29 20:47:49,748 INFO  [29] com.example.mqconsumer.ConsumerWorker - Received  destination=<none>  replyTo=<none>  body=[destination=queue:///APPQ?targetClient=1&persistence=2 threadId=22 msg=8]
2026-09-29 20:47:49,749 INFO  [29] com.example.mqconsumer.ConsumerWorker - Received  destination=<none>  replyTo=<none>  body=[destination=queue:///APPQ?targetClient=1&persistence=2 threadId=25 msg=8]
2026-09-29 20:47:49,750 INFO  [29] com.example.mqconsumer.ConsumerWorker - Received  destination=<none>  replyTo=<none>  body=[destination=queue:///APPQ?targetClient=1&persistence=2 threadId=23 msg=11]
2026-09-29 20:47:49,751 INFO  [29] com.example.mqconsumer.ConsumerWorker - Received  destination=<none>  replyTo=<none>  body=[destination=queue:///APPQ?targetClient=1&persistence=2 threadId=24 msg=11]
2026-09-29 20:47:49,752 INFO  [29] com.example.mqconsumer.ConsumerWorker - Received  destination=<none>  replyTo=<none>  body=[destination=queue:///APPQ?targetClient=1&persistence=2 threadId=22 msg=1]
2026-09-29 20:47:49,752 INFO  [29] com.example.mqconsumer.ConsumerWorker - Received  destination=<none>  replyTo=<none>  body=[destination=queue:///APPQ?targetClient=1&persistence=2 threadId=25 msg=1]
2026-09-29 20:47:49,753 INFO  [29] com.example.mqconsumer.ConsumerWorker - Received  destination=<none>  replyTo=<none>  body=[destination=queue:///APPQ?targetClient=1&persistence=2 threadId=23 msg=3]
2026-09-29 20:47:49,754 INFO  [29] com.example.mqconsumer.ConsumerWorker - Received  destination=<none>  replyTo=<none>  body=[destination=queue:///APPQ?targetClient=1&persistence=2 threadId=24 msg=3]
2026-09-29 20:47:49,755 INFO  [29] com.example.mqconsumer.ConsumerWorker - Received  destination=<none>  replyTo=<none>  body=[destination=queue:///APPQ?targetClient=1&persistence=2 threadId=22 msg=5]
2026-09-29 20:47:49,756 INFO  [29] com.example.mqconsumer.ConsumerWorker - Received  destination=<none>  replyTo=<none>  body=[destination=queue:///APPQ?targetClient=1&persistence=2 threadId=24 msg=5]
2026-09-29 20:47:49,757 INFO  [29] com.example.mqconsumer.ConsumerWorker - Received  destination=<none>  replyTo=<none>  body=[destination=queue:///APPQ?targetClient=1&persistence=2 threadId=24 msg=7]
2026-09-29 20:47:49,758 INFO  [29] com.example.mqconsumer.ConsumerWorker - Received  destination=<none>  replyTo=<none>  body=[destination=queue:///APPQ?targetClient=1&persistence=2 threadId=23 msg=7]
2026-09-29 20:47:49,759 INFO  [29] com.example.mqconsumer.ConsumerWorker - Received  destination=<none>  replyTo=<none>  body=[destination=queue:///APPQ?targetClient=1&persistence=2 threadId=24 msg=9]
2026-09-29 20:47:49,760 INFO  [29] com.example.mqconsumer.ConsumerWorker - Received  destination=<none>  replyTo=<none>  body=[destination=queue:///APPQ?targetClient=1&persistence=2 threadId=22 msg=9]
2026-09-29 20:47:49,761 INFO  [29] com.example.mqconsumer.ConsumerWorker - Received  destination=<none>  replyTo=<none>  body=[destination=queue:///APPQ?targetClient=1&persistence=2 threadId=24 msg=11]
2026-09-29 20:47:49,763 INFO  [29] com.example.mqconsumer.ConsumerWorker - Received  destination=<none>  replyTo=<none>  body=[destination=queue:///APPQ?targetClient=1&persistence=2 threadId=23 msg=12]
2026-09-29 20:47:49,763 INFO  [29] com.example.mqconsumer.ConsumerWorker - Received  destination=<none>  replyTo=<none>  body=[destination=queue:///APPQ?targetClient=1&persistence=2 threadId=22 msg=13]
2026-09-29 20:47:49,765 INFO  [29] com.example.mqconsumer.ConsumerWorker - Received  destination=<none>  replyTo=<none>  body=[destination=queue:///APPQ?targetClient=1&persistence=2 threadId=25 msg=13]
2026-09-29 20:47:49,767 INFO  [29] com.example.mqconsumer.ConsumerWorker - Received  destination=<none>  replyTo=<none>  body=[destination=queue:///APPQ?targetClient=1&persistence=2 threadId=24 msg=15]
2026-09-29 20:47:49,767 INFO  [29] com.example.mqconsumer.ConsumerWorker - Received  destination=<none>  replyTo=<none>  body=[destination=queue:///APPQ?targetClient=1&persistence=2 threadId=22 msg=15]
2026-09-29 20:47:49,769 INFO  [29] com.example.mqconsumer.ConsumerWorker - Received  destination=<none>  replyTo=<none>  body=[destination=queue:///APPQ?targetClient=1&persistence=2 threadId=23 msg=16]
2026-09-29 20:47:49,770 INFO  [29] com.example.mqconsumer.ConsumerWorker - Received  destination=<none>  replyTo=<none>  body=[destination=queue:///APPQ?targetClient=1&persistence=2 threadId=25 msg=16]
2026-09-29 20:47:49,772 INFO  [29] com.example.mqconsumer.ConsumerWorker - Received  destination=<none>  replyTo=<none>  body=[destination=queue:///APPQ?targetClient=1&persistence=2 threadId=24 msg=18]
2026-09-29 20:47:49,773 INFO  [29] com.example.mqconsumer.ConsumerWorker - Received  destination=<none>  replyTo=<none>  body=[destination=queue:///APPQ?targetClient=1&persistence=2 threadId=22 msg=19]
2026-09-29 20:47:49,774 INFO  [29] com.example.mqconsumer.ConsumerWorker - Received  destination=<none>  replyTo=<none>  body=[destination=queue:///APPQ?targetClient=1&persistence=2 threadId=23 msg=20]
2026-09-29 20:47:49,775 INFO  [29] com.example.mqconsumer.ConsumerWorker - Received  destination=<none>  replyTo=<none>  body=[destination=queue:///APPQ?targetClient=1&persistence=2 threadId=25 msg=20]
2026-09-29 20:47:49,777 INFO  [29] com.example.mqconsumer.ConsumerWorker - Received  destination=<none>  replyTo=<none>  body=[destination=queue:///APPQ?targetClient=1&persistence=2 threadId=24 msg=22]
2026-09-29 20:47:49,778 INFO  [29] com.example.mqconsumer.ConsumerWorker - Received  destination=<none>  replyTo=<none>  body=[destination=queue:///APPQ?targetClient=1&persistence=2 threadId=22 msg=23]
2026-09-29 20:47:49,780 INFO  [29] com.example.mqconsumer.ConsumerWorker - Received  destination=<none>  replyTo=<none>  body=[destination=queue:///APPQ?targetClient=1&persistence=2 threadId=23 msg=24]
2026-09-29 20:47:49,781 INFO  [29] com.example.mqconsumer.ConsumerWorker - Received  destination=<none>  replyTo=<none>  body=[destination=queue:///APPQ?targetClient=1&persistence=2 threadId=24 msg=26]
2026-09-29 20:47:49,782 INFO  [29] com.example.mqconsumer.ConsumerWorker - Received  destination=<none>  replyTo=<none>  body=[destination=queue:///APPQ?targetClient=1&persistence=2 threadId=25 msg=26]
2026-09-29 20:47:49,783 INFO  [29] com.example.mqconsumer.ConsumerWorker - Received  destination=<none>  replyTo=<none>  body=[destination=queue:///APPQ?targetClient=1&persistence=2 threadId=22 msg=27]
2026-09-29 20:47:49,784 INFO  [29] com.example.mqconsumer.ConsumerWorker - Received  destination=<none>  replyTo=<none>  body=[destination=queue:///APPQ?targetClient=1&persistence=2 threadId=23 msg=28]
2026-09-29 20:47:49,785 INFO  [29] com.example.mqconsumer.ConsumerWorker - Received  destination=<none>  replyTo=<none>  body=[destination=queue:///APPQ?targetClient=1&persistence=2 threadId=24 msg=30]
2026-09-29 20:47:49,786 INFO  [29] com.example.mqconsumer.ConsumerWorker - Received  destination=<none>  replyTo=<none>  body=[destination=queue:///APPQ?targetClient=1&persistence=2 threadId=25 msg=30]
2026-09-29 20:47:49,787 INFO  [29] com.example.mqconsumer.ConsumerWorker - Received  destination=<none>  replyTo=<none>  body=[destination=queue:///APPQ?targetClient=1&persistence=2 threadId=22 msg=31]
2026-09-29 20:47:49,788 INFO  [29] com.example.mqconsumer.ConsumerWorker - Received  destination=<none>  replyTo=<none>  body=[destination=queue:///APPQ?targetClient=1&persistence=2 threadId=23 msg=32]
2026-09-29 20:47:49,789 INFO  [29] com.example.mqconsumer.ConsumerWorker - Received  destination=<none>  replyTo=<none>  body=[destination=queue:///APPQ?targetClient=1&persistence=2 threadId=24 msg=34]
2026-09-29 20:47:49,790 INFO  [29] com.example.mqconsumer.ConsumerWorker - Received  destination=<none>  replyTo=<none>  body=[destination=queue:///APPQ?targetClient=1&persistence=2 threadId=22 msg=35]
2026-09-29 20:47:49,791 INFO  [29] com.example.mqconsumer.ConsumerWorker - Received  destination=<none>  replyTo=<none>  body=[destination=queue:///APPQ?targetClient=1&persistence=2 threadId=25 msg=35]
2026-09-29 20:47:49,792 INFO  [29] com.example.mqconsumer.ConsumerWorker - Received  destination=<none>  replyTo=<none>  body=[destination=queue:///APPQ?targetClient=1&persistence=2 threadId=23 msg=36]
2026-09-29 20:47:49,792 INFO  [29] com.example.mqconsumer.ConsumerWorker - Received  destination=<none>  replyTo=<none>  body=[destination=queue:///APPQ?targetClient=1&persistence=2 threadId=24 msg=38]
2026-09-29 20:47:49,793 INFO  [29] com.example.mqconsumer.ConsumerWorker - Received  destination=<none>  replyTo=<none>  body=[destination=queue:///APPQ?targetClient=1&persistence=2 threadId=22 msg=39]
2026-09-29 20:47:49,794 INFO  [29] com.example.mqconsumer.ConsumerWorker - Received  destination=<none>  replyTo=<none>  body=[destination=queue:///APPQ?targetClient=1&persistence=2 threadId=25 msg=39]
2026-09-29 20:47:49,795 INFO  [29] com.example.mqconsumer.ConsumerWorker - Received  destination=<none>  replyTo=<none>  body=[destination=queue:///APPQ?targetClient=1&persistence=2 threadId=23 msg=41]
2026-09-29 20:47:49,795 INFO  [29] com.example.mqconsumer.ConsumerWorker - Received  destination=<none>  replyTo=<none>  body=[destination=queue:///APPQ?targetClient=1&persistence=2 threadId=24 msg=42]
2026-09-29 20:47:49,797 INFO  [29] com.example.mqconsumer.ConsumerWorker - Received  destination=<none>  replyTo=<none>  body=[destination=queue:///APPQ?targetClient=1&persistence=2 threadId=22 msg=43]
2026-09-29 20:47:49,798 INFO  [29] com.example.mqconsumer.ConsumerWorker - Received  destination=<none>  replyTo=<none>  body=[destination=queue:///APPQ?targetClient=1&persistence=2 threadId=25 msg=43]
2026-09-29 20:47:49,799 INFO  [29] com.example.mqconsumer.ConsumerWorker - Received  destination=<none>  replyTo=<none>  body=[destination=queue:///APPQ?targetClient=1&persistence=2 threadId=23 msg=45]
2026-09-29 20:47:49,799 INFO  [29] com.example.mqconsumer.ConsumerWorker - Received  destination=<none>  replyTo=<none>  body=[destination=queue:///APPQ?targetClient=1&persistence=2 threadId=24 msg=46]
2026-09-29 20:57:56,780 FINE  [290] java.lang.Runtime - Runtime.exit() called with status: 130
java.lang.Throwable: Runtime.exit(130)
	at java.base/java.lang.Shutdown.logRuntimeExit(Shutdown.java:179)
	at java.base/java.lang.Shutdown.exit(Shutdown.java:160)
	at java.base/java.lang.Terminator$1.handle(Terminator.java:51)
	at java.base/jdk.internal.misc.Signal$1.run(Signal.java:218)
	at java.base/java.lang.Thread.run(Thread.java:1570)
2026-09-29 20:59:42,556 INFO  [1] com.example.mqconsumer.Main - Starting MQ consumer — threads=8  queue=APPQ  timeout=300s
2026-09-29 20:59:42,561 INFO  [22] com.example.mqconsumer.ConsumerWorker - Worker 1 starting
2026-09-29 20:59:42,562 INFO  [23] com.example.mqconsumer.ConsumerWorker - Worker 2 starting
2026-09-29 20:59:42,562 INFO  [28] com.example.mqconsumer.ConsumerWorker - Worker 7 starting
2026-09-29 20:59:42,562 INFO  [24] com.example.mqconsumer.ConsumerWorker - Worker 3 starting
2026-09-29 20:59:42,562 INFO  [26] com.example.mqconsumer.ConsumerWorker - Worker 5 starting
2026-09-29 20:59:42,562 INFO  [25] com.example.mqconsumer.ConsumerWorker - Worker 4 starting
2026-09-29 20:59:42,562 INFO  [27] com.example.mqconsumer.ConsumerWorker - Worker 6 starting
2026-09-29 20:59:42,562 INFO  [29] com.example.mqconsumer.ConsumerWorker - Worker 8 starting
2026-09-29 20:59:42,603 FINER [23] javax.management.mbeanserver - ObjectName = JMImplementation:type=MBeanServerDelegate
2026-09-29 20:59:42,604 FINER [23] javax.management.mbeanserver - name = JMImplementation:type=MBeanServerDelegate
2026-09-29 20:59:42,604 FINER [23] javax.management.mbeanserver - Send create notification of object JMImplementation:type=MBeanServerDelegate
2026-09-29 20:59:42,606 FINER [23] javax.management.mbeanserver - JMX.mbean.registered JMImplementation:type=MBeanServerDelegate
2026-09-29 20:59:42,618 FINER [23] javax.management.misc - Building MBeanInfo for sun.management.RuntimeImpl
2026-09-29 20:59:42,619 FINER [23] javax.management.mbeanserver - ObjectName = java.lang:type=Runtime
2026-09-29 20:59:42,619 FINER [23] javax.management.mbeanserver - name = java.lang:type=Runtime
2026-09-29 20:59:42,619 FINER [23] javax.management.mbeanserver - Send create notification of object java.lang:type=Runtime
2026-09-29 20:59:42,619 FINER [23] javax.management.mbeanserver - JMX.mbean.registered java.lang:type=Runtime
2026-09-29 20:59:42,622 FINER [23] javax.management.misc - Building MBeanInfo for com.sun.management.internal.HotSpotThreadImpl
2026-09-29 20:59:42,623 FINER [23] javax.management.mbeanserver - ObjectName = java.lang:type=Threading
2026-09-29 20:59:42,623 FINER [23] javax.management.mbeanserver - name = java.lang:type=Threading
2026-09-29 20:59:42,623 FINER [23] javax.management.mbeanserver - Send create notification of object java.lang:type=Threading
2026-09-29 20:59:42,623 FINER [23] javax.management.mbeanserver - JMX.mbean.registered java.lang:type=Threading
2026-09-29 20:59:42,629 FINER [23] javax.management.misc - Building MBeanInfo for com.sun.management.internal.OperatingSystemImpl
2026-09-29 20:59:42,629 FINER [23] javax.management.mbeanserver - ObjectName = java.lang:type=OperatingSystem
2026-09-29 20:59:42,629 FINER [23] javax.management.mbeanserver - name = java.lang:type=OperatingSystem
2026-09-29 20:59:42,629 FINER [23] javax.management.mbeanserver - Send create notification of object java.lang:type=OperatingSystem
2026-09-29 20:59:42,629 FINER [23] javax.management.mbeanserver - JMX.mbean.registered java.lang:type=OperatingSystem
2026-09-29 20:59:42,632 FINER [23] javax.management.misc - Building MBeanInfo for sun.management.MemoryManagerImpl
2026-09-29 20:59:42,632 FINER [23] javax.management.mbeanserver - ObjectName = java.lang:name=CodeCacheManager,type=MemoryManager
2026-09-29 20:59:42,632 FINER [23] javax.management.mbeanserver - name = java.lang:name=CodeCacheManager,type=MemoryManager
2026-09-29 20:59:42,632 FINER [23] javax.management.mbeanserver - Send create notification of object java.lang:name=CodeCacheManager,type=MemoryManager
2026-09-29 20:59:42,632 FINER [23] javax.management.mbeanserver - JMX.mbean.registered java.lang:name=CodeCacheManager,type=MemoryManager
2026-09-29 20:59:42,632 FINER [23] javax.management.misc - Building MBeanInfo for sun.management.MemoryManagerImpl
2026-09-29 20:59:42,632 FINER [23] javax.management.mbeanserver - ObjectName = java.lang:name=Metaspace Manager,type=MemoryManager
2026-09-29 20:59:42,632 FINER [23] javax.management.mbeanserver - name = java.lang:name=Metaspace Manager,type=MemoryManager
2026-09-29 20:59:42,633 FINER [23] javax.management.mbeanserver - Send create notification of object java.lang:name=Metaspace Manager,type=MemoryManager
2026-09-29 20:59:42,633 FINER [23] javax.management.mbeanserver - JMX.mbean.registered java.lang:name=Metaspace Manager,type=MemoryManager
2026-09-29 20:59:42,634 FINER [23] javax.management.misc - Building MBeanInfo for sun.management.MemoryPoolImpl
2026-09-29 20:59:42,634 FINER [23] javax.management.mbeanserver - ObjectName = java.lang:name=CodeHeap 'non-nmethods',type=MemoryPool
2026-09-29 20:59:42,634 FINER [23] javax.management.mbeanserver - name = java.lang:name=CodeHeap 'non-nmethods',type=MemoryPool
2026-09-29 20:59:42,634 FINER [23] javax.management.mbeanserver - Send create notification of object java.lang:name=CodeHeap 'non-nmethods',type=MemoryPool
2026-09-29 20:59:42,634 FINER [23] javax.management.mbeanserver - JMX.mbean.registered java.lang:name=CodeHeap 'non-nmethods',type=MemoryPool
2026-09-29 20:59:42,634 FINER [23] javax.management.misc - Building MBeanInfo for sun.management.MemoryPoolImpl
2026-09-29 20:59:42,634 FINER [23] javax.management.mbeanserver - ObjectName = java.lang:name=Metaspace,type=MemoryPool
2026-09-29 20:59:42,634 FINER [23] javax.management.mbeanserver - name = java.lang:name=Metaspace,type=MemoryPool
2026-09-29 20:59:42,634 FINER [23] javax.management.mbeanserver - Send create notification of object java.lang:name=Metaspace,type=MemoryPool
2026-09-29 20:59:42,634 FINER [23] javax.management.mbeanserver - JMX.mbean.registered java.lang:name=Metaspace,type=MemoryPool
2026-09-29 20:59:42,635 FINER [23] javax.management.misc - Building MBeanInfo for sun.management.MemoryPoolImpl
2026-09-29 20:59:42,635 FINER [23] javax.management.mbeanserver - ObjectName = java.lang:name=CodeHeap 'profiled nmethods',type=MemoryPool
2026-09-29 20:59:42,635 FINER [23] javax.management.mbeanserver - name = java.lang:name=CodeHeap 'profiled nmethods',type=MemoryPool
2026-09-29 20:59:42,635 FINER [23] javax.management.mbeanserver - Send create notification of object java.lang:name=CodeHeap 'profiled nmethods',type=MemoryPool
2026-09-29 20:59:42,635 FINER [23] javax.management.mbeanserver - JMX.mbean.registered java.lang:name=CodeHeap 'profiled nmethods',type=MemoryPool
2026-09-29 20:59:42,635 FINER [23] javax.management.misc - Building MBeanInfo for sun.management.MemoryPoolImpl
2026-09-29 20:59:42,635 FINER [23] javax.management.mbeanserver - ObjectName = java.lang:name=Compressed Class Space,type=MemoryPool
2026-09-29 20:59:42,635 FINER [23] javax.management.mbeanserver - name = java.lang:name=Compressed Class Space,type=MemoryPool
2026-09-29 20:59:42,635 FINER [23] javax.management.mbeanserver - Send create notification of object java.lang:name=Compressed Class Space,type=MemoryPool
2026-09-29 20:59:42,635 FINER [23] javax.management.mbeanserver - JMX.mbean.registered java.lang:name=Compressed Class Space,type=MemoryPool
2026-09-29 20:59:42,635 FINER [23] javax.management.misc - Building MBeanInfo for sun.management.MemoryPoolImpl
2026-09-29 20:59:42,635 FINER [23] javax.management.mbeanserver - ObjectName = java.lang:name=G1 Eden Space,type=MemoryPool
2026-09-29 20:59:42,635 FINER [23] javax.management.mbeanserver - name = java.lang:name=G1 Eden Space,type=MemoryPool
2026-09-29 20:59:42,635 FINER [23] javax.management.mbeanserver - Send create notification of object java.lang:name=G1 Eden Space,type=MemoryPool
2026-09-29 20:59:42,635 FINER [23] javax.management.mbeanserver - JMX.mbean.registered java.lang:name=G1 Eden Space,type=MemoryPool
2026-09-29 20:59:42,636 FINER [23] javax.management.misc - Building MBeanInfo for sun.management.MemoryPoolImpl
2026-09-29 20:59:42,636 FINER [23] javax.management.mbeanserver - ObjectName = java.lang:name=G1 Old Gen,type=MemoryPool
2026-09-29 20:59:42,636 FINER [23] javax.management.mbeanserver - name = java.lang:name=G1 Old Gen,type=MemoryPool
2026-09-29 20:59:42,636 FINER [23] javax.management.mbeanserver - Send create notification of object java.lang:name=G1 Old Gen,type=MemoryPool
2026-09-29 20:59:42,636 FINER [23] javax.management.mbeanserver - JMX.mbean.registered java.lang:name=G1 Old Gen,type=MemoryPool
2026-09-29 20:59:42,636 FINER [23] javax.management.misc - Building MBeanInfo for sun.management.MemoryPoolImpl
2026-09-29 20:59:42,636 FINER [23] javax.management.mbeanserver - ObjectName = java.lang:name=G1 Survivor Space,type=MemoryPool
2026-09-29 20:59:42,636 FINER [23] javax.management.mbeanserver - name = java.lang:name=G1 Survivor Space,type=MemoryPool
2026-09-29 20:59:42,636 FINER [23] javax.management.mbeanserver - Send create notification of object java.lang:name=G1 Survivor Space,type=MemoryPool
2026-09-29 20:59:42,636 FINER [23] javax.management.mbeanserver - JMX.mbean.registered java.lang:name=G1 Survivor Space,type=MemoryPool
2026-09-29 20:59:42,636 FINER [23] javax.management.misc - Building MBeanInfo for sun.management.MemoryPoolImpl
2026-09-29 20:59:42,636 FINER [23] javax.management.mbeanserver - ObjectName = java.lang:name=CodeHeap 'non-profiled nmethods',type=MemoryPool
2026-09-29 20:59:42,636 FINER [23] javax.management.mbeanserver - name = java.lang:name=CodeHeap 'non-profiled nmethods',type=MemoryPool
2026-09-29 20:59:42,636 FINER [23] javax.management.mbeanserver - Send create notification of object java.lang:name=CodeHeap 'non-profiled nmethods',type=MemoryPool
2026-09-29 20:59:42,636 FINER [23] javax.management.mbeanserver - JMX.mbean.registered java.lang:name=CodeHeap 'non-profiled nmethods',type=MemoryPool
2026-09-29 20:59:42,638 FINER [23] javax.management.misc - Building MBeanInfo for sun.management.CompilationImpl
2026-09-29 20:59:42,638 FINER [23] javax.management.mbeanserver - ObjectName = java.lang:type=Compilation
2026-09-29 20:59:42,638 FINER [23] javax.management.mbeanserver - name = java.lang:type=Compilation
2026-09-29 20:59:42,638 FINER [23] javax.management.mbeanserver - Send create notification of object java.lang:type=Compilation
2026-09-29 20:59:42,638 FINER [23] javax.management.mbeanserver - JMX.mbean.registered java.lang:type=Compilation
2026-09-29 20:59:42,638 FINER [23] javax.management.misc - Building MBeanInfo for sun.management.MemoryImpl
2026-09-29 20:59:42,639 FINER [23] javax.management.mbeanserver - ObjectName = java.lang:type=Memory
2026-09-29 20:59:42,639 FINER [23] javax.management.mbeanserver - name = java.lang:type=Memory
2026-09-29 20:59:42,639 FINER [23] javax.management.mbeanserver - Send create notification of object java.lang:type=Memory
2026-09-29 20:59:42,639 FINER [23] javax.management.mbeanserver - JMX.mbean.registered java.lang:type=Memory
2026-09-29 20:59:42,640 FINER [23] javax.management.misc - Building MBeanInfo for sun.management.ManagementFactoryHelper$PlatformLoggingImpl
2026-09-29 20:59:42,640 FINER [23] javax.management.mbeanserver - ObjectName = java.util.logging:type=Logging
2026-09-29 20:59:42,640 FINER [23] javax.management.mbeanserver - name = java.util.logging:type=Logging
2026-09-29 20:59:42,640 FINER [23] javax.management.mbeanserver - Send create notification of object java.util.logging:type=Logging
2026-09-29 20:59:42,640 FINER [23] javax.management.mbeanserver - JMX.mbean.registered java.util.logging:type=Logging
2026-09-29 20:59:42,640 FINER [23] javax.management.misc - Building MBeanInfo for sun.management.ClassLoadingImpl
2026-09-29 20:59:42,641 FINER [23] javax.management.mbeanserver - ObjectName = java.lang:type=ClassLoading
2026-09-29 20:59:42,641 FINER [23] javax.management.mbeanserver - name = java.lang:type=ClassLoading
2026-09-29 20:59:42,641 FINER [23] javax.management.mbeanserver - Send create notification of object java.lang:type=ClassLoading
2026-09-29 20:59:42,641 FINER [23] javax.management.mbeanserver - JMX.mbean.registered java.lang:type=ClassLoading
2026-09-29 20:59:42,679 FINER [23] javax.management.mbeanserver - ObjectName = com.sun.management:type=DiagnosticCommand
2026-09-29 20:59:42,679 FINER [23] javax.management.mbeanserver - name = com.sun.management:type=DiagnosticCommand
2026-09-29 20:59:42,679 FINER [23] javax.management.mbeanserver - Send create notification of object com.sun.management:type=DiagnosticCommand
2026-09-29 20:59:42,679 FINER [23] javax.management.mbeanserver - JMX.mbean.registered com.sun.management:type=DiagnosticCommand
2026-09-29 20:59:42,680 FINER [23] javax.management.misc - Building MBeanInfo for com.sun.management.internal.GarbageCollectorExtImpl
2026-09-29 20:59:42,680 FINER [23] javax.management.mbeanserver - ObjectName = java.lang:name=G1 Young Generation,type=GarbageCollector
2026-09-29 20:59:42,680 FINER [23] javax.management.mbeanserver - name = java.lang:name=G1 Young Generation,type=GarbageCollector
2026-09-29 20:59:42,680 FINER [23] javax.management.mbeanserver - Send create notification of object java.lang:name=G1 Young Generation,type=GarbageCollector
2026-09-29 20:59:42,680 FINER [23] javax.management.mbeanserver - JMX.mbean.registered java.lang:name=G1 Young Generation,type=GarbageCollector
2026-09-29 20:59:42,680 FINER [23] javax.management.misc - Building MBeanInfo for com.sun.management.internal.GarbageCollectorExtImpl
2026-09-29 20:59:42,680 FINER [23] javax.management.mbeanserver - ObjectName = java.lang:name=G1 Concurrent GC,type=GarbageCollector
2026-09-29 20:59:42,680 FINER [23] javax.management.mbeanserver - name = java.lang:name=G1 Concurrent GC,type=GarbageCollector
2026-09-29 20:59:42,680 FINER [23] javax.management.mbeanserver - Send create notification of object java.lang:name=G1 Concurrent GC,type=GarbageCollector
2026-09-29 20:59:42,680 FINER [23] javax.management.mbeanserver - JMX.mbean.registered java.lang:name=G1 Concurrent GC,type=GarbageCollector
2026-09-29 20:59:42,680 FINER [23] javax.management.misc - Building MBeanInfo for com.sun.management.internal.GarbageCollectorExtImpl
2026-09-29 20:59:42,680 FINER [23] javax.management.mbeanserver - ObjectName = java.lang:name=G1 Old Generation,type=GarbageCollector
2026-09-29 20:59:42,680 FINER [23] javax.management.mbeanserver - name = java.lang:name=G1 Old Generation,type=GarbageCollector
2026-09-29 20:59:42,680 FINER [23] javax.management.mbeanserver - Send create notification of object java.lang:name=G1 Old Generation,type=GarbageCollector
2026-09-29 20:59:42,681 FINER [23] javax.management.mbeanserver - JMX.mbean.registered java.lang:name=G1 Old Generation,type=GarbageCollector
2026-09-29 20:59:42,682 FINER [23] javax.management.misc - Building MBeanInfo for com.sun.management.internal.HotSpotDiagnostic
2026-09-29 20:59:42,682 FINER [23] javax.management.mbeanserver - ObjectName = com.sun.management:type=HotSpotDiagnostic
2026-09-29 20:59:42,682 FINER [23] javax.management.mbeanserver - name = com.sun.management:type=HotSpotDiagnostic
2026-09-29 20:59:42,682 FINER [23] javax.management.mbeanserver - Send create notification of object com.sun.management:type=HotSpotDiagnostic
2026-09-29 20:59:42,682 FINER [23] javax.management.mbeanserver - JMX.mbean.registered com.sun.management:type=HotSpotDiagnostic
2026-09-29 20:59:42,684 FINER [23] javax.management.misc - Building MBeanInfo for sun.management.ManagementFactoryHelper$1
2026-09-29 20:59:42,685 FINER [23] javax.management.mbeanserver - ObjectName = java.nio:name=mapped,type=BufferPool
2026-09-29 20:59:42,685 FINER [23] javax.management.mbeanserver - name = java.nio:name=mapped,type=BufferPool
2026-09-29 20:59:42,685 FINER [23] javax.management.mbeanserver - Send create notification of object java.nio:name=mapped,type=BufferPool
2026-09-29 20:59:42,685 FINER [23] javax.management.mbeanserver - JMX.mbean.registered java.nio:name=mapped,type=BufferPool
2026-09-29 20:59:42,685 FINER [23] javax.management.misc - Building MBeanInfo for sun.management.ManagementFactoryHelper$1
2026-09-29 20:59:42,685 FINER [23] javax.management.mbeanserver - ObjectName = java.nio:name=direct,type=BufferPool
2026-09-29 20:59:42,685 FINER [23] javax.management.mbeanserver - name = java.nio:name=direct,type=BufferPool
2026-09-29 20:59:42,685 FINER [23] javax.management.mbeanserver - Send create notification of object java.nio:name=direct,type=BufferPool
2026-09-29 20:59:42,685 FINER [23] javax.management.mbeanserver - JMX.mbean.registered java.nio:name=direct,type=BufferPool
2026-09-29 20:59:42,685 FINER [23] javax.management.misc - Building MBeanInfo for sun.management.ManagementFactoryHelper$1
2026-09-29 20:59:42,685 FINER [23] javax.management.mbeanserver - ObjectName = java.nio:name=mapped - 'non-volatile memory',type=BufferPool
2026-09-29 20:59:42,685 FINER [23] javax.management.mbeanserver - name = java.nio:name=mapped - 'non-volatile memory',type=BufferPool
2026-09-29 20:59:42,685 FINER [23] javax.management.mbeanserver - Send create notification of object java.nio:name=mapped - 'non-volatile memory',type=BufferPool
2026-09-29 20:59:42,685 FINER [23] javax.management.mbeanserver - JMX.mbean.registered java.nio:name=mapped - 'non-volatile memory',type=BufferPool
2026-09-29 20:59:42,689 FINER [23] javax.management.misc - Building MBeanInfo for jdk.management.jfr.FlightRecorderMXBeanImpl
2026-09-29 20:59:42,690 FINER [23] javax.management.mbeanserver - ObjectName = jdk.management.jfr:type=FlightRecorder
2026-09-29 20:59:42,691 FINER [23] javax.management.mbeanserver - name = jdk.management.jfr:type=FlightRecorder
2026-09-29 20:59:42,691 FINER [23] javax.management.mbeanserver - Send create notification of object jdk.management.jfr:type=FlightRecorder
2026-09-29 20:59:42,691 FINER [23] javax.management.mbeanserver - JMX.mbean.registered jdk.management.jfr:type=FlightRecorder
2026-09-29 20:59:42,692 FINER [23] javax.management.misc - Building MBeanInfo for com.ibm.msg.client.commonservices.propertystore.PropertyStoreControlImpl
2026-09-29 20:59:42,692 FINER [23] javax.management.mbeanserver - ObjectName = IBM MQ:type=CommonServices,name=PropertyStoreControl
2026-09-29 20:59:42,692 FINER [23] javax.management.mbeanserver - name = IBM MQ:type=CommonServices,name=PropertyStoreControl
2026-09-29 20:59:42,692 FINER [23] javax.management.mbeanserver - Send create notification of object IBM MQ:name=PropertyStoreControl,type=CommonServices
2026-09-29 20:59:42,692 FINER [23] javax.management.mbeanserver - JMX.mbean.registered IBM MQ:type=CommonServices,name=PropertyStoreControl
2026-09-29 20:59:42,717 FINER [23] javax.management.misc - Building MBeanInfo for com.ibm.msg.client.commonservices.propertystore.PropertyStoreControlImpl
2026-09-29 20:59:42,717 FINER [23] javax.management.mbeanserver - ObjectName = IBM MQ:type=CommonServices,name=PropertyStoreControl
2026-09-29 20:59:42,717 FINER [23] javax.management.mbeanserver - name = IBM MQ:type=CommonServices,name=PropertyStoreControl
2026-09-29 20:59:44,100 INFO  [27] com.example.mqconsumer.ConsumerWorker - Worker 6 connected; waiting for messages on APPQ
2026-09-29 20:59:44,100 INFO  [25] com.example.mqconsumer.ConsumerWorker - Worker 4 connected; waiting for messages on APPQ
2026-09-29 20:59:44,100 INFO  [22] com.example.mqconsumer.ConsumerWorker - Worker 1 connected; waiting for messages on APPQ
2026-09-29 20:59:44,100 INFO  [28] com.example.mqconsumer.ConsumerWorker - Worker 7 connected; waiting for messages on APPQ
2026-09-29 20:59:44,119 INFO  [26] com.example.mqconsumer.ConsumerWorker - Worker 5 connected; waiting for messages on APPQ
2026-09-29 20:59:44,146 INFO  [23] com.example.mqconsumer.ConsumerWorker - Worker 2 connected; waiting for messages on APPQ
2026-09-29 20:59:44,169 INFO  [24] com.example.mqconsumer.ConsumerWorker - Worker 3 connected; waiting for messages on APPQ
2026-09-29 20:59:44,193 INFO  [29] com.example.mqconsumer.ConsumerWorker - Worker 8 connected; waiting for messages on APPQ
2026-09-29 20:59:51,226 INFO  [26] com.example.mqconsumer.ConsumerWorker - Received  destination=<none>  replyTo=<none>  body=[destination=queue:///APPQ?targetClient=1&persistence=2 threadId=25 msg=1]
2026-09-29 20:59:51,226 INFO  [28] com.example.mqconsumer.ConsumerWorker - Received  destination=<none>  replyTo=<none>  body=[destination=queue:///APPQ?targetClient=1&persistence=2 threadId=24 msg=1]
2026-09-29 20:59:51,226 INFO  [27] com.example.mqconsumer.ConsumerWorker - Received  destination=<none>  replyTo=<none>  body=[destination=queue:///APPQ?targetClient=1&persistence=2 threadId=22 msg=1]
2026-09-29 20:59:51,226 INFO  [29] com.example.mqconsumer.ConsumerWorker - Received  destination=<none>  replyTo=<none>  body=[destination=queue:///APPQ?targetClient=1&persistence=2 threadId=23 msg=1]
2026-09-29 20:59:52,228 INFO  [29] com.example.mqconsumer.ConsumerWorker - Received  destination=<none>  replyTo=<none>  body=[destination=queue:///APPQ?targetClient=1&persistence=2 threadId=23 msg=2]
2026-09-29 20:59:52,233 INFO  [28] com.example.mqconsumer.ConsumerWorker - Received  destination=<none>  replyTo=<none>  body=[destination=queue:///APPQ?targetClient=1&persistence=2 threadId=25 msg=2]
2026-09-29 20:59:52,233 INFO  [26] com.example.mqconsumer.ConsumerWorker - Received  destination=<none>  replyTo=<none>  body=[destination=queue:///APPQ?targetClient=1&persistence=2 threadId=24 msg=2]
2026-09-29 20:59:52,233 INFO  [22] com.example.mqconsumer.ConsumerWorker - Received  destination=<none>  replyTo=<none>  body=[destination=queue:///APPQ?targetClient=1&persistence=2 threadId=22 msg=2]
2026-09-29 20:59:53,252 INFO  [29] com.example.mqconsumer.ConsumerWorker - Received  destination=<none>  replyTo=<none>  body=[destination=queue:///APPQ?targetClient=1&persistence=2 threadId=25 msg=3]
2026-09-29 20:59:53,254 INFO  [26] com.example.mqconsumer.ConsumerWorker - Received  destination=<none>  replyTo=<none>  body=[destination=queue:///APPQ?targetClient=1&persistence=2 threadId=22 msg=3]
2026-09-29 20:59:53,256 INFO  [29] com.example.mqconsumer.ConsumerWorker - Received  destination=<none>  replyTo=<none>  body=[destination=queue:///APPQ?targetClient=1&persistence=2 threadId=24 msg=3]
2026-09-29 20:59:53,258 INFO  [26] com.example.mqconsumer.ConsumerWorker - Received  destination=<none>  replyTo=<none>  body=[destination=queue:///APPQ?targetClient=1&persistence=2 threadId=23 msg=3]
2026-09-29 20:59:54,264 INFO  [28] com.example.mqconsumer.ConsumerWorker - Received  destination=<none>  replyTo=<none>  body=[destination=queue:///APPQ?targetClient=1&persistence=2 threadId=23 msg=4]
2026-09-29 20:59:54,264 INFO  [29] com.example.mqconsumer.ConsumerWorker - Received  destination=<none>  replyTo=<none>  body=[destination=queue:///APPQ?targetClient=1&persistence=2 threadId=22 msg=4]
2026-09-29 20:59:54,265 INFO  [25] com.example.mqconsumer.ConsumerWorker - Received  destination=<none>  replyTo=<none>  body=[destination=queue:///APPQ?targetClient=1&persistence=2 threadId=25 msg=4]
2026-09-29 20:59:54,265 INFO  [23] com.example.mqconsumer.ConsumerWorker - Received  destination=<none>  replyTo=<none>  body=[destination=queue:///APPQ?targetClient=1&persistence=2 threadId=24 msg=4]
2026-09-29 20:59:55,277 INFO  [24] com.example.mqconsumer.ConsumerWorker - Received  destination=<none>  replyTo=<none>  body=[destination=queue:///APPQ?targetClient=1&persistence=2 threadId=22 msg=5]
2026-09-29 20:59:55,277 INFO  [26] com.example.mqconsumer.ConsumerWorker - Received  destination=<none>  replyTo=<none>  body=[destination=queue:///APPQ?targetClient=1&persistence=2 threadId=25 msg=5]
2026-09-29 20:59:55,279 INFO  [22] com.example.mqconsumer.ConsumerWorker - Received  destination=<none>  replyTo=<none>  body=[destination=queue:///APPQ?targetClient=1&persistence=2 threadId=24 msg=5]
2026-09-29 20:59:55,282 INFO  [27] com.example.mqconsumer.ConsumerWorker - Received  destination=<none>  replyTo=<none>  body=[destination=queue:///APPQ?targetClient=1&persistence=2 threadId=23 msg=5]
2026-09-29 20:59:56,297 INFO  [29] com.example.mqconsumer.ConsumerWorker - Received  destination=<none>  replyTo=<none>  body=[destination=queue:///APPQ?targetClient=1&persistence=2 threadId=23 msg=6]
2026-09-29 20:59:56,299 INFO  [22] com.example.mqconsumer.ConsumerWorker - Received  destination=<none>  replyTo=<none>  body=[destination=queue:///APPQ?targetClient=1&persistence=2 threadId=22 msg=6]
2026-09-29 20:59:56,299 INFO  [28] com.example.mqconsumer.ConsumerWorker - Received  destination=<none>  replyTo=<none>  body=[destination=queue:///APPQ?targetClient=1&persistence=2 threadId=25 msg=6]
2026-09-29 20:59:56,302 INFO  [26] com.example.mqconsumer.ConsumerWorker - Received  destination=<none>  replyTo=<none>  body=[destination=queue:///APPQ?targetClient=1&persistence=2 threadId=24 msg=6]
2026-09-29 20:59:57,310 INFO  [28] com.example.mqconsumer.ConsumerWorker - Received  destination=<none>  replyTo=<none>  body=[destination=queue:///APPQ?targetClient=1&persistence=2 threadId=24 msg=7]
2026-09-29 20:59:57,313 INFO  [26] com.example.mqconsumer.ConsumerWorker - Received  destination=<none>  replyTo=<none>  body=[destination=queue:///APPQ?targetClient=1&persistence=2 threadId=23 msg=7]
2026-09-29 20:59:57,314 INFO  [29] com.example.mqconsumer.ConsumerWorker - Received  destination=<none>  replyTo=<none>  body=[destination=queue:///APPQ?targetClient=1&persistence=2 threadId=25 msg=7]
2026-09-29 20:59:57,315 INFO  [26] com.example.mqconsumer.ConsumerWorker - Received  destination=<none>  replyTo=<none>  body=[destination=queue:///APPQ?targetClient=1&persistence=2 threadId=22 msg=7]
2026-09-29 20:59:58,328 INFO  [25] com.example.mqconsumer.ConsumerWorker - Received  destination=<none>  replyTo=<none>  body=[destination=queue:///APPQ?targetClient=1&persistence=2 threadId=22 msg=8]
2026-09-29 20:59:58,328 INFO  [22] com.example.mqconsumer.ConsumerWorker - Received  destination=<none>  replyTo=<none>  body=[destination=queue:///APPQ?targetClient=1&persistence=2 threadId=23 msg=8]
2026-09-29 20:59:58,331 INFO  [23] com.example.mqconsumer.ConsumerWorker - Received  destination=<none>  replyTo=<none>  body=[destination=queue:///APPQ?targetClient=1&persistence=2 threadId=25 msg=8]
2026-09-29 20:59:58,331 INFO  [26] com.example.mqconsumer.ConsumerWorker - Received  destination=<none>  replyTo=<none>  body=[destination=queue:///APPQ?targetClient=1&persistence=2 threadId=24 msg=8]
2026-09-29 20:59:59,343 INFO  [24] com.example.mqconsumer.ConsumerWorker - Received  destination=<none>  replyTo=<none>  body=[destination=queue:///APPQ?targetClient=1&persistence=2 threadId=23 msg=9]
2026-09-29 20:59:59,344 INFO  [26] com.example.mqconsumer.ConsumerWorker - Received  destination=<none>  replyTo=<none>  body=[destination=queue:///APPQ?targetClient=1&persistence=2 threadId=25 msg=9]
2026-09-29 20:59:59,344 INFO  [29] com.example.mqconsumer.ConsumerWorker - Received  destination=<none>  replyTo=<none>  body=[destination=queue:///APPQ?targetClient=1&persistence=2 threadId=24 msg=9]
2026-09-29 20:59:59,344 INFO  [28] com.example.mqconsumer.ConsumerWorker - Received  destination=<none>  replyTo=<none>  body=[destination=queue:///APPQ?targetClient=1&persistence=2 threadId=22 msg=9]
2026-09-29 21:00:00,359 INFO  [29] com.example.mqconsumer.ConsumerWorker - Received  destination=<none>  replyTo=<none>  body=[destination=queue:///APPQ?targetClient=1&persistence=2 threadId=23 msg=10]
2026-09-29 21:00:00,362 INFO  [25] com.example.mqconsumer.ConsumerWorker - Received  destination=<none>  replyTo=<none>  body=[destination=queue:///APPQ?targetClient=1&persistence=2 threadId=24 msg=10]
2026-09-29 21:00:00,381 INFO  [26] com.example.mqconsumer.ConsumerWorker - Received  destination=<none>  replyTo=<none>  body=[destination=queue:///APPQ?targetClient=1&persistence=2 threadId=25 msg=10]
2026-09-29 21:00:00,386 INFO  [26] com.example.mqconsumer.ConsumerWorker - Received  destination=<none>  replyTo=<none>  body=[destination=queue:///APPQ?targetClient=1&persistence=2 threadId=22 msg=10]
2026-09-29 21:00:00,442 SEVERE [27] com.example.mqconsumer.ConsumerWorker - JMSException JMSCMQ0002: The method 'MQCMIT' failed.
2026-09-29 21:00:01,375 INFO  [22] com.example.mqconsumer.ConsumerWorker - Received  destination=<none>  replyTo=<none>  body=[destination=queue:///APPQ?targetClient=1&persistence=2 threadId=24 msg=11]
2026-09-29 21:00:01,376 INFO  [28] com.example.mqconsumer.ConsumerWorker - Received  destination=<none>  replyTo=<none>  body=[destination=queue:///APPQ?targetClient=1&persistence=2 threadId=25 msg=11]
2026-09-29 21:00:01,376 INFO  [29] com.example.mqconsumer.ConsumerWorker - Received  destination=<none>  replyTo=<none>  body=[destination=queue:///APPQ?targetClient=1&persistence=2 threadId=22 msg=11]
2026-09-29 21:00:01,377 INFO  [27] com.example.mqconsumer.ConsumerWorker - Received  destination=<none>  replyTo=<none>  body=[destination=queue:///APPQ?targetClient=1&persistence=2 threadId=23 msg=11]
2026-09-29 21:00:02,387 INFO  [29] com.example.mqconsumer.ConsumerWorker - Received  destination=<none>  replyTo=<none>  body=[destination=queue:///APPQ?targetClient=1&persistence=2 threadId=23 msg=12]
2026-09-29 21:00:02,387 INFO  [24] com.example.mqconsumer.ConsumerWorker - Received  destination=<none>  replyTo=<none>  body=[destination=queue:///APPQ?targetClient=1&persistence=2 threadId=22 msg=12]
2026-09-29 21:00:02,389 INFO  [26] com.example.mqconsumer.ConsumerWorker - Received  destination=<none>  replyTo=<none>  body=[destination=queue:///APPQ?targetClient=1&persistence=2 threadId=24 msg=12]
2026-09-29 21:00:02,389 INFO  [29] com.example.mqconsumer.ConsumerWorker - Received  destination=<none>  replyTo=<none>  body=[destination=queue:///APPQ?targetClient=1&persistence=2 threadId=25 msg=12]
2026-09-29 21:00:03,403 INFO  [22] com.example.mqconsumer.ConsumerWorker - Received  destination=<none>  replyTo=<none>  body=[destination=queue:///APPQ?targetClient=1&persistence=2 threadId=22 msg=13]
2026-09-29 21:00:03,403 INFO  [27] com.example.mqconsumer.ConsumerWorker - Received  destination=<none>  replyTo=<none>  body=[destination=queue:///APPQ?targetClient=1&persistence=2 threadId=23 msg=13]
2026-09-29 21:00:03,406 INFO  [29] com.example.mqconsumer.ConsumerWorker - Received  destination=<none>  replyTo=<none>  body=[destination=queue:///APPQ?targetClient=1&persistence=2 threadId=24 msg=13]
2026-09-29 21:00:03,409 INFO  [25] com.example.mqconsumer.ConsumerWorker - Received  destination=<none>  replyTo=<none>  body=[destination=queue:///APPQ?targetClient=1&persistence=2 threadId=25 msg=13]
2026-09-29 21:00:04,402 INFO  [24] com.example.mqconsumer.ConsumerWorker - Received  destination=<none>  replyTo=<none>  body=[destination=queue:///APPQ?targetClient=1&persistence=2 threadId=24 msg=14]
2026-09-29 21:00:04,402 INFO  [28] com.example.mqconsumer.ConsumerWorker - Received  destination=<none>  replyTo=<none>  body=[destination=queue:///APPQ?targetClient=1&persistence=2 threadId=23 msg=14]
2026-09-29 21:00:04,415 INFO  [26] com.example.mqconsumer.ConsumerWorker - Received  destination=<none>  replyTo=<none>  body=[destination=queue:///APPQ?targetClient=1&persistence=2 threadId=25 msg=14]
2026-09-29 21:00:04,418 INFO  [27] com.example.mqconsumer.ConsumerWorker - Received  destination=<none>  replyTo=<none>  body=[destination=queue:///APPQ?targetClient=1&persistence=2 threadId=22 msg=14]
2026-09-29 21:00:05,416 SEVERE [23] com.example.mqconsumer.ConsumerWorker - JMSException JMSCMQ0002: The method 'MQCMIT' failed.
2026-09-29 21:00:05,417 INFO  [25] com.example.mqconsumer.ConsumerWorker - Received  destination=<none>  replyTo=<none>  body=[destination=queue:///APPQ?targetClient=1&persistence=2 threadId=23 msg=15]
2026-09-29 21:00:05,420 INFO  [22] com.example.mqconsumer.ConsumerWorker - Received  destination=<none>  replyTo=<none>  body=[destination=queue:///APPQ?targetClient=1&persistence=2 threadId=24 msg=15]
2026-09-29 21:00:05,431 INFO  [28] com.example.mqconsumer.ConsumerWorker - Received  destination=<none>  replyTo=<none>  body=[destination=queue:///APPQ?targetClient=1&persistence=2 threadId=25 msg=15]
2026-09-29 21:00:05,431 INFO  [29] com.example.mqconsumer.ConsumerWorker - Received  destination=<none>  replyTo=<none>  body=[destination=queue:///APPQ?targetClient=1&persistence=2 threadId=22 msg=15]
2026-09-29 21:00:06,432 INFO  [29] com.example.mqconsumer.ConsumerWorker - Received  destination=<none>  replyTo=<none>  body=[destination=queue:///APPQ?targetClient=1&persistence=2 threadId=23 msg=16]
2026-09-29 21:00:06,437 INFO  [26] com.example.mqconsumer.ConsumerWorker - Received  destination=<none>  replyTo=<none>  body=[destination=queue:///APPQ?targetClient=1&persistence=2 threadId=24 msg=16]
2026-09-29 21:00:06,440 INFO  [29] com.example.mqconsumer.ConsumerWorker - Received  destination=<none>  replyTo=<none>  body=[destination=queue:///APPQ?targetClient=1&persistence=2 threadId=25 msg=16]
2026-09-29 21:00:06,580 INFO  [24] com.example.mqconsumer.ConsumerWorker - Received  destination=<none>  replyTo=<none>  body=[destination=queue:///APPQ?targetClient=1&persistence=2 threadId=22 msg=16]
2026-09-29 21:00:07,451 INFO  [23] com.example.mqconsumer.ConsumerWorker - Received  destination=<none>  replyTo=<none>  body=[destination=queue:///APPQ?targetClient=1&persistence=2 threadId=24 msg=17]
2026-09-29 21:00:07,453 INFO  [25] com.example.mqconsumer.ConsumerWorker - Received  destination=<none>  replyTo=<none>  body=[destination=queue:///APPQ?targetClient=1&persistence=2 threadId=25 msg=17]
2026-09-29 21:00:07,454 INFO  [27] com.example.mqconsumer.ConsumerWorker - Received  destination=<none>  replyTo=<none>  body=[destination=queue:///APPQ?targetClient=1&persistence=2 threadId=23 msg=17]
2026-09-29 21:00:07,454 INFO  [22] com.example.mqconsumer.ConsumerWorker - Received  destination=<none>  replyTo=<none>  body=[destination=queue:///APPQ?targetClient=1&persistence=2 threadId=22 msg=17]
2026-09-29 21:00:08,464 INFO  [26] com.example.mqconsumer.ConsumerWorker - Received  destination=<none>  replyTo=<none>  body=[destination=queue:///APPQ?targetClient=1&persistence=2 threadId=25 msg=18]
2026-09-29 21:00:08,465 INFO  [25] com.example.mqconsumer.ConsumerWorker - Received  destination=<none>  replyTo=<none>  body=[destination=queue:///APPQ?targetClient=1&persistence=2 threadId=22 msg=18]
2026-09-29 21:00:08,469 INFO  [28] com.example.mqconsumer.ConsumerWorker - Received  destination=<none>  replyTo=<none>  body=[destination=queue:///APPQ?targetClient=1&persistence=2 threadId=23 msg=18]
2026-09-29 21:00:08,469 INFO  [27] com.example.mqconsumer.ConsumerWorker - Received  destination=<none>  replyTo=<none>  body=[destination=queue:///APPQ?targetClient=1&persistence=2 threadId=24 msg=18]
2026-09-29 21:00:09,481 INFO  [23] com.example.mqconsumer.ConsumerWorker - Received  destination=<none>  replyTo=<none>  body=[destination=queue:///APPQ?targetClient=1&persistence=2 threadId=22 msg=19]
2026-09-29 21:00:09,482 INFO  [22] com.example.mqconsumer.ConsumerWorker - Received  destination=<none>  replyTo=<none>  body=[destination=queue:///APPQ?targetClient=1&persistence=2 threadId=25 msg=19]
2026-09-29 21:00:09,482 INFO  [29] com.example.mqconsumer.ConsumerWorker - Received  destination=<none>  replyTo=<none>  body=[destination=queue:///APPQ?targetClient=1&persistence=2 threadId=24 msg=19]
2026-09-29 21:00:09,484 INFO  [24] com.example.mqconsumer.ConsumerWorker - Received  destination=<none>  replyTo=<none>  body=[destination=queue:///APPQ?targetClient=1&persistence=2 threadId=23 msg=19]
2026-09-29 21:00:10,493 INFO  [29] com.example.mqconsumer.ConsumerWorker - Received  destination=<none>  replyTo=<none>  body=[destination=queue:///APPQ?targetClient=1&persistence=2 threadId=23 msg=20]
2026-09-29 21:00:10,496 INFO  [25] com.example.mqconsumer.ConsumerWorker - Received  destination=<none>  replyTo=<none>  body=[destination=queue:///APPQ?targetClient=1&persistence=2 threadId=24 msg=20]
2026-09-29 21:00:10,496 INFO  [26] com.example.mqconsumer.ConsumerWorker - Received  destination=<none>  replyTo=<none>  body=[destination=queue:///APPQ?targetClient=1&persistence=2 threadId=22 msg=20]
2026-09-29 21:00:10,496 INFO  [29] com.example.mqconsumer.ConsumerWorker - Received  destination=<none>  replyTo=<none>  body=[destination=queue:///APPQ?targetClient=1&persistence=2 threadId=25 msg=20]
2026-09-29 21:00:11,498 INFO  [23] com.example.mqconsumer.ConsumerWorker - Received  destination=<none>  replyTo=<none>  body=[destination=queue:///APPQ?targetClient=1&persistence=2 threadId=24 msg=21]
2026-09-29 21:00:11,502 INFO  [27] com.example.mqconsumer.ConsumerWorker - Received  destination=<none>  replyTo=<none>  body=[destination=queue:///APPQ?targetClient=1&persistence=2 threadId=23 msg=21]
2026-09-29 21:00:11,502 INFO  [29] com.example.mqconsumer.ConsumerWorker - Received  destination=<none>  replyTo=<none>  body=[destination=queue:///APPQ?targetClient=1&persistence=2 threadId=22 msg=21]
2026-09-29 21:00:11,502 INFO  [24] com.example.mqconsumer.ConsumerWorker - Received  destination=<none>  replyTo=<none>  body=[destination=queue:///APPQ?targetClient=1&persistence=2 threadId=25 msg=21]
2026-09-29 21:00:12,511 INFO  [29] com.example.mqconsumer.ConsumerWorker - Received  destination=<none>  replyTo=<none>  body=[destination=queue:///APPQ?targetClient=1&persistence=2 threadId=23 msg=22]
2026-09-29 21:00:12,512 INFO  [25] com.example.mqconsumer.ConsumerWorker - Received  destination=<none>  replyTo=<none>  body=[destination=queue:///APPQ?targetClient=1&persistence=2 threadId=22 msg=22]
2026-09-29 21:00:12,513 INFO  [26] com.example.mqconsumer.ConsumerWorker - Received  destination=<none>  replyTo=<none>  body=[destination=queue:///APPQ?targetClient=1&persistence=2 threadId=25 msg=22]
2026-09-29 21:00:12,516 INFO  [27] com.example.mqconsumer.ConsumerWorker - Received  destination=<none>  replyTo=<none>  body=[destination=queue:///APPQ?targetClient=1&persistence=2 threadId=24 msg=22]
2026-09-29 21:00:13,532 INFO  [29] com.example.mqconsumer.ConsumerWorker - Received  destination=<none>  replyTo=<none>  body=[destination=queue:///APPQ?targetClient=1&persistence=2 threadId=24 msg=23]
2026-09-29 21:00:13,533 INFO  [23] com.example.mqconsumer.ConsumerWorker - Received  destination=<none>  replyTo=<none>  body=[destination=queue:///APPQ?targetClient=1&persistence=2 threadId=25 msg=23]
2026-09-29 21:00:13,533 INFO  [22] com.example.mqconsumer.ConsumerWorker - Received  destination=<none>  replyTo=<none>  body=[destination=queue:///APPQ?targetClient=1&persistence=2 threadId=22 msg=23]
2026-09-29 21:00:13,534 INFO  [26] com.example.mqconsumer.ConsumerWorker - Received  destination=<none>  replyTo=<none>  body=[destination=queue:///APPQ?targetClient=1&persistence=2 threadId=23 msg=23]
2026-09-29 21:00:14,546 INFO  [29] com.example.mqconsumer.ConsumerWorker - Received  destination=<none>  replyTo=<none>  body=[destination=queue:///APPQ?targetClient=1&persistence=2 threadId=25 msg=24]
2026-09-29 21:00:14,546 INFO  [27] com.example.mqconsumer.ConsumerWorker - Received  destination=<none>  replyTo=<none>  body=[destination=queue:///APPQ?targetClient=1&persistence=2 threadId=22 msg=24]
2026-09-29 21:00:14,548 INFO  [24] com.example.mqconsumer.ConsumerWorker - Received  destination=<none>  replyTo=<none>  body=[destination=queue:///APPQ?targetClient=1&persistence=2 threadId=24 msg=24]
2026-09-29 21:00:14,549 SEVERE [28] com.example.mqconsumer.ConsumerWorker - JMSException JMSCMQ0002: The method 'MQCMIT' failed.
2026-09-29 21:00:14,553 INFO  [22] com.example.mqconsumer.ConsumerWorker - Received  destination=<none>  replyTo=<none>  body=[destination=queue:///APPQ?targetClient=1&persistence=2 threadId=23 msg=24]
2026-09-29 21:00:15,561 INFO  [23] com.example.mqconsumer.ConsumerWorker - Received  destination=<none>  replyTo=<none>  body=[destination=queue:///APPQ?targetClient=1&persistence=2 threadId=24 msg=25]
2026-09-29 21:00:15,561 INFO  [29] com.example.mqconsumer.ConsumerWorker - Received  destination=<none>  replyTo=<none>  body=[destination=queue:///APPQ?targetClient=1&persistence=2 threadId=22 msg=25]
2026-09-29 21:00:15,562 INFO  [25] com.example.mqconsumer.ConsumerWorker - Received  destination=<none>  replyTo=<none>  body=[destination=queue:///APPQ?targetClient=1&persistence=2 threadId=25 msg=25]
2026-09-29 21:00:15,563 INFO  [24] com.example.mqconsumer.ConsumerWorker - Received  destination=<none>  replyTo=<none>  body=[destination=queue:///APPQ?targetClient=1&persistence=2 threadId=23 msg=25]
2026-09-29 21:00:16,577 INFO  [26] com.example.mqconsumer.ConsumerWorker - Received  destination=<none>  replyTo=<none>  body=[destination=queue:///APPQ?targetClient=1&persistence=2 threadId=25 msg=26]
2026-09-29 21:00:16,577 INFO  [29] com.example.mqconsumer.ConsumerWorker - Received  destination=<none>  replyTo=<none>  body=[destination=queue:///APPQ?targetClient=1&persistence=2 threadId=23 msg=26]
2026-09-29 21:00:16,577 INFO  [25] com.example.mqconsumer.ConsumerWorker - Received  destination=<none>  replyTo=<none>  body=[destination=queue:///APPQ?targetClient=1&persistence=2 threadId=22 msg=26]
2026-09-29 21:00:16,580 INFO  [27] com.example.mqconsumer.ConsumerWorker - Received  destination=<none>  replyTo=<none>  body=[destination=queue:///APPQ?targetClient=1&persistence=2 threadId=24 msg=26]
2026-09-29 21:00:17,591 INFO  [28] com.example.mqconsumer.ConsumerWorker - Received  destination=<none>  replyTo=<none>  body=[destination=queue:///APPQ?targetClient=1&persistence=2 threadId=24 msg=27]
2026-09-29 21:00:17,591 INFO  [22] com.example.mqconsumer.ConsumerWorker - Received  destination=<none>  replyTo=<none>  body=[destination=queue:///APPQ?targetClient=1&persistence=2 threadId=25 msg=27]
2026-09-29 21:00:17,594 INFO  [26] com.example.mqconsumer.ConsumerWorker - Received  destination=<none>  replyTo=<none>  body=[destination=queue:///APPQ?targetClient=1&persistence=2 threadId=23 msg=27]
2026-09-29 21:00:17,595 INFO  [22] com.example.mqconsumer.ConsumerWorker - Received  destination=<none>  replyTo=<none>  body=[destination=queue:///APPQ?targetClient=1&persistence=2 threadId=22 msg=27]
2026-09-29 21:00:18,610 INFO  [24] com.example.mqconsumer.ConsumerWorker - Received  destination=<none>  replyTo=<none>  body=[destination=queue:///APPQ?targetClient=1&persistence=2 threadId=22 msg=28]
2026-09-29 21:00:18,617 INFO  [27] com.example.mqconsumer.ConsumerWorker - Received  destination=<none>  replyTo=<none>  body=[destination=queue:///APPQ?targetClient=1&persistence=2 threadId=24 msg=28]
2026-09-29 21:00:18,619 INFO  [29] com.example.mqconsumer.ConsumerWorker - Received  destination=<none>  replyTo=<none>  body=[destination=queue:///APPQ?targetClient=1&persistence=2 threadId=25 msg=28]
2026-09-29 21:00:18,621 INFO  [28] com.example.mqconsumer.ConsumerWorker - Received  destination=<none>  replyTo=<none>  body=[destination=queue:///APPQ?targetClient=1&persistence=2 threadId=23 msg=28]
2026-09-29 21:00:19,622 INFO  [24] com.example.mqconsumer.ConsumerWorker - Received  destination=<none>  replyTo=<none>  body=[destination=queue:///APPQ?targetClient=1&persistence=2 threadId=23 msg=29]
2026-09-29 21:00:19,622 INFO  [25] com.example.mqconsumer.ConsumerWorker - Received  destination=<none>  replyTo=<none>  body=[destination=queue:///APPQ?targetClient=1&persistence=2 threadId=25 msg=29]
2026-09-29 21:00:19,623 INFO  [22] com.example.mqconsumer.ConsumerWorker - Received  destination=<none>  replyTo=<none>  body=[destination=queue:///APPQ?targetClient=1&persistence=2 threadId=22 msg=29]
2026-09-29 21:00:19,624 INFO  [29] com.example.mqconsumer.ConsumerWorker - Received  destination=<none>  replyTo=<none>  body=[destination=queue:///APPQ?targetClient=1&persistence=2 threadId=24 msg=29]
2026-09-29 21:00:20,642 INFO  [29] com.example.mqconsumer.ConsumerWorker - Received  destination=<none>  replyTo=<none>  body=[destination=queue:///APPQ?targetClient=1&persistence=2 threadId=23 msg=30]
2026-09-29 21:00:20,642 INFO  [26] com.example.mqconsumer.ConsumerWorker - Received  destination=<none>  replyTo=<none>  body=[destination=queue:///APPQ?targetClient=1&persistence=2 threadId=25 msg=30]
2026-09-29 21:00:20,648 INFO  [25] com.example.mqconsumer.ConsumerWorker - Received  destination=<none>  replyTo=<none>  body=[destination=queue:///APPQ?targetClient=1&persistence=2 threadId=24 msg=30]
2026-09-29 21:00:20,648 INFO  [27] com.example.mqconsumer.ConsumerWorker - Received  destination=<none>  replyTo=<none>  body=[destination=queue:///APPQ?targetClient=1&persistence=2 threadId=22 msg=30]
2026-09-29 21:00:21,653 INFO  [29] com.example.mqconsumer.ConsumerWorker - Received  destination=<none>  replyTo=<none>  body=[destination=queue:///APPQ?targetClient=1&persistence=2 threadId=22 msg=31]
2026-09-29 21:00:21,654 INFO  [26] com.example.mqconsumer.ConsumerWorker - Received  destination=<none>  replyTo=<none>  body=[destination=queue:///APPQ?targetClient=1&persistence=2 threadId=23 msg=31]
2026-09-29 21:00:21,656 INFO  [22] com.example.mqconsumer.ConsumerWorker - Received  destination=<none>  replyTo=<none>  body=[destination=queue:///APPQ?targetClient=1&persistence=2 threadId=24 msg=31]
2026-09-29 21:00:21,659 INFO  [22] com.example.mqconsumer.ConsumerWorker - Received  destination=<none>  replyTo=<none>  body=[destination=queue:///APPQ?targetClient=1&persistence=2 threadId=25 msg=31]
2026-09-29 21:00:22,665 INFO  [29] com.example.mqconsumer.ConsumerWorker - Received  destination=<none>  replyTo=<none>  body=[destination=queue:///APPQ?targetClient=1&persistence=2 threadId=23 msg=32]
2026-09-29 21:00:22,665 INFO  [24] com.example.mqconsumer.ConsumerWorker - Received  destination=<none>  replyTo=<none>  body=[destination=queue:///APPQ?targetClient=1&persistence=2 threadId=22 msg=32]
2026-09-29 21:00:22,669 INFO  [29] com.example.mqconsumer.ConsumerWorker - Received  destination=<none>  replyTo=<none>  body=[destination=queue:///APPQ?targetClient=1&persistence=2 threadId=25 msg=32]
2026-09-29 21:00:22,669 INFO  [27] com.example.mqconsumer.ConsumerWorker - Received  destination=<none>  replyTo=<none>  body=[destination=queue:///APPQ?targetClient=1&persistence=2 threadId=24 msg=32]
2026-09-29 21:00:23,685 INFO  [29] com.example.mqconsumer.ConsumerWorker - Received  destination=<none>  replyTo=<none>  body=[destination=queue:///APPQ?targetClient=1&persistence=2 threadId=24 msg=33]
2026-09-29 21:00:23,685 INFO  [26] com.example.mqconsumer.ConsumerWorker - Received  destination=<none>  replyTo=<none>  body=[destination=queue:///APPQ?targetClient=1&persistence=2 threadId=23 msg=33]
2026-09-29 21:00:23,685 INFO  [22] com.example.mqconsumer.ConsumerWorker - Received  destination=<none>  replyTo=<none>  body=[destination=queue:///APPQ?targetClient=1&persistence=2 threadId=22 msg=33]
2026-09-29 21:00:23,685 INFO  [25] com.example.mqconsumer.ConsumerWorker - Received  destination=<none>  replyTo=<none>  body=[destination=queue:///APPQ?targetClient=1&persistence=2 threadId=25 msg=33]
2026-09-29 21:00:24,684 INFO  [27] com.example.mqconsumer.ConsumerWorker - Received  destination=<none>  replyTo=<none>  body=[destination=queue:///APPQ?targetClient=1&persistence=2 threadId=25 msg=34]
2026-09-29 21:00:24,688 INFO  [24] com.example.mqconsumer.ConsumerWorker - Received  destination=<none>  replyTo=<none>  body=[destination=queue:///APPQ?targetClient=1&persistence=2 threadId=24 msg=34]
2026-09-29 21:00:24,688 INFO  [22] com.example.mqconsumer.ConsumerWorker - Received  destination=<none>  replyTo=<none>  body=[destination=queue:///APPQ?targetClient=1&persistence=2 threadId=23 msg=34]
2026-09-29 21:00:24,689 INFO  [26] com.example.mqconsumer.ConsumerWorker - Received  destination=<none>  replyTo=<none>  body=[destination=queue:///APPQ?targetClient=1&persistence=2 threadId=22 msg=34]
2026-09-29 21:00:25,701 INFO  [22] com.example.mqconsumer.ConsumerWorker - Received  destination=<none>  replyTo=<none>  body=[destination=queue:///APPQ?targetClient=1&persistence=2 threadId=24 msg=35]
2026-09-29 21:00:25,704 INFO  [25] com.example.mqconsumer.ConsumerWorker - Received  destination=<none>  replyTo=<none>  body=[destination=queue:///APPQ?targetClient=1&persistence=2 threadId=23 msg=35]
2026-09-29 21:00:25,705 INFO  [29] com.example.mqconsumer.ConsumerWorker - Received  destination=<none>  replyTo=<none>  body=[destination=queue:///APPQ?targetClient=1&persistence=2 threadId=22 msg=35]
2026-09-29 21:00:25,705 INFO  [22] com.example.mqconsumer.ConsumerWorker - Received  destination=<none>  replyTo=<none>  body=[destination=queue:///APPQ?targetClient=1&persistence=2 threadId=25 msg=35]
2026-09-29 21:00:26,662 SEVERE [23] com.example.mqconsumer.ConsumerWorker - JMSException JMSCMQ0002: The method 'MQCMIT' failed.
2026-09-29 21:00:26,718 INFO  [24] com.example.mqconsumer.ConsumerWorker - Received  destination=<none>  replyTo=<none>  body=[destination=queue:///APPQ?targetClient=1&persistence=2 threadId=22 msg=36]
2026-09-29 21:00:26,720 INFO  [29] com.example.mqconsumer.ConsumerWorker - Received  destination=<none>  replyTo=<none>  body=[destination=queue:///APPQ?targetClient=1&persistence=2 threadId=23 msg=36]
2026-09-29 21:00:26,720 INFO  [27] com.example.mqconsumer.ConsumerWorker - Received  destination=<none>  replyTo=<none>  body=[destination=queue:///APPQ?targetClient=1&persistence=2 threadId=24 msg=36]
2026-09-29 21:00:26,722 INFO  [29] com.example.mqconsumer.ConsumerWorker - Received  destination=<none>  replyTo=<none>  body=[destination=queue:///APPQ?targetClient=1&persistence=2 threadId=25 msg=36]
2026-09-29 21:00:27,731 INFO  [25] com.example.mqconsumer.ConsumerWorker - Received  destination=<none>  replyTo=<none>  body=[destination=queue:///APPQ?targetClient=1&persistence=2 threadId=22 msg=37]
2026-09-29 21:00:27,731 INFO  [22] com.example.mqconsumer.ConsumerWorker - Received  destination=<none>  replyTo=<none>  body=[destination=queue:///APPQ?targetClient=1&persistence=2 threadId=24 msg=37]
2026-09-29 21:00:27,731 INFO  [26] com.example.mqconsumer.ConsumerWorker - Received  destination=<none>  replyTo=<none>  body=[destination=queue:///APPQ?targetClient=1&persistence=2 threadId=23 msg=37]
2026-09-29 21:00:27,731 INFO  [24] com.example.mqconsumer.ConsumerWorker - Received  destination=<none>  replyTo=<none>  body=[destination=queue:///APPQ?targetClient=1&persistence=2 threadId=25 msg=37]
2026-09-29 21:00:28,752 INFO  [27] com.example.mqconsumer.ConsumerWorker - Received  destination=<none>  replyTo=<none>  body=[destination=queue:///APPQ?targetClient=1&persistence=2 threadId=25 msg=38]
2026-09-29 21:00:28,754 INFO  [25] com.example.mqconsumer.ConsumerWorker - Received  destination=<none>  replyTo=<none>  body=[destination=queue:///APPQ?targetClient=1&persistence=2 threadId=23 msg=38]
2026-09-29 21:00:28,755 INFO  [22] com.example.mqconsumer.ConsumerWorker - Received  destination=<none>  replyTo=<none>  body=[destination=queue:///APPQ?targetClient=1&persistence=2 threadId=22 msg=38]
2026-09-29 21:00:28,757 SEVERE [28] com.example.mqconsumer.ConsumerWorker - JMSException JMSCMQ0002: The method 'MQCMIT' failed.
2026-09-29 21:00:28,762 INFO  [26] com.example.mqconsumer.ConsumerWorker - Received  destination=<none>  replyTo=<none>  body=[destination=queue:///APPQ?targetClient=1&persistence=2 threadId=24 msg=38]
2026-09-29 21:00:29,759 SEVERE [23] com.example.mqconsumer.ConsumerWorker - JMSException JMSCMQ0002: The method 'MQCMIT' failed.
2026-09-29 21:00:29,760 INFO  [22] com.example.mqconsumer.ConsumerWorker - Received  destination=<none>  replyTo=<none>  body=[destination=queue:///APPQ?targetClient=1&persistence=2 threadId=23 msg=39]
2026-09-29 21:00:29,772 INFO  [23] com.example.mqconsumer.ConsumerWorker - Received  destination=<none>  replyTo=<none>  body=[destination=queue:///APPQ?targetClient=1&persistence=2 threadId=25 msg=39]
2026-09-29 21:00:29,772 INFO  [27] com.example.mqconsumer.ConsumerWorker - Received  destination=<none>  replyTo=<none>  body=[destination=queue:///APPQ?targetClient=1&persistence=2 threadId=22 msg=39]
2026-09-29 21:00:29,776 INFO  [29] com.example.mqconsumer.ConsumerWorker - Received  destination=<none>  replyTo=<none>  body=[destination=queue:///APPQ?targetClient=1&persistence=2 threadId=24 msg=39]
2026-09-29 21:00:30,763 INFO  [29] com.example.mqconsumer.ConsumerWorker - Received  destination=<none>  replyTo=<none>  body=[destination=queue:///APPQ?targetClient=1&persistence=2 threadId=23 msg=40]
2026-09-29 21:00:30,779 INFO  [29] com.example.mqconsumer.ConsumerWorker - Received  destination=<none>  replyTo=<none>  body=[destination=queue:///APPQ?targetClient=1&persistence=2 threadId=22 msg=40]
2026-09-29 21:00:30,780 INFO  [24] com.example.mqconsumer.ConsumerWorker - Received  destination=<none>  replyTo=<none>  body=[destination=queue:///APPQ?targetClient=1&persistence=2 threadId=24 msg=40]
2026-09-29 21:00:30,960 INFO  [26] com.example.mqconsumer.ConsumerWorker - Received  destination=<none>  replyTo=<none>  body=[destination=queue:///APPQ?targetClient=1&persistence=2 threadId=25 msg=40]
2026-09-29 21:00:31,779 INFO  [25] com.example.mqconsumer.ConsumerWorker - Received  destination=<none>  replyTo=<none>  body=[destination=queue:///APPQ?targetClient=1&persistence=2 threadId=22 msg=41]
2026-09-29 21:00:31,780 INFO  [27] com.example.mqconsumer.ConsumerWorker - Received  destination=<none>  replyTo=<none>  body=[destination=queue:///APPQ?targetClient=1&persistence=2 threadId=23 msg=41]
2026-09-29 21:00:31,794 INFO  [22] com.example.mqconsumer.ConsumerWorker - Received  destination=<none>  replyTo=<none>  body=[destination=queue:///APPQ?targetClient=1&persistence=2 threadId=24 msg=41]
2026-09-29 21:00:31,798 INFO  [23] com.example.mqconsumer.ConsumerWorker - Received  destination=<none>  replyTo=<none>  body=[destination=queue:///APPQ?targetClient=1&persistence=2 threadId=25 msg=41]
2026-09-29 21:00:32,101 SEVERE [28] com.example.mqconsumer.ConsumerWorker - JMSException JMSCMQ0002: The method 'MQCMIT' failed.
2026-09-29 21:00:32,792 INFO  [29] com.example.mqconsumer.ConsumerWorker - Received  destination=<none>  replyTo=<none>  body=[destination=queue:///APPQ?targetClient=1&persistence=2 threadId=23 msg=42]
2026-09-29 21:00:32,794 INFO  [22] com.example.mqconsumer.ConsumerWorker - Received  destination=<none>  replyTo=<none>  body=[destination=queue:///APPQ?targetClient=1&persistence=2 threadId=22 msg=42]
2026-09-29 21:00:32,807 INFO  [26] com.example.mqconsumer.ConsumerWorker - Received  destination=<none>  replyTo=<none>  body=[destination=queue:///APPQ?targetClient=1&persistence=2 threadId=24 msg=42]
2026-09-29 21:00:32,807 INFO  [29] com.example.mqconsumer.ConsumerWorker - Received  destination=<none>  replyTo=<none>  body=[destination=queue:///APPQ?targetClient=1&persistence=2 threadId=25 msg=42]
2026-09-29 21:00:33,808 INFO  [28] com.example.mqconsumer.ConsumerWorker - Received  destination=<none>  replyTo=<none>  body=[destination=queue:///APPQ?targetClient=1&persistence=2 threadId=23 msg=43]
2026-09-29 21:00:33,808 INFO  [27] com.example.mqconsumer.ConsumerWorker - Received  destination=<none>  replyTo=<none>  body=[destination=queue:///APPQ?targetClient=1&persistence=2 threadId=22 msg=43]
2026-09-29 21:00:33,822 INFO  [24] com.example.mqconsumer.ConsumerWorker - Received  destination=<none>  replyTo=<none>  body=[destination=queue:///APPQ?targetClient=1&persistence=2 threadId=25 msg=43]
2026-09-29 21:00:33,822 INFO  [29] com.example.mqconsumer.ConsumerWorker - Received  destination=<none>  replyTo=<none>  body=[destination=queue:///APPQ?targetClient=1&persistence=2 threadId=24 msg=43]
2026-09-29 21:00:34,814 INFO  [29] com.example.mqconsumer.ConsumerWorker - Received  destination=<none>  replyTo=<none>  body=[destination=queue:///APPQ?targetClient=1&persistence=2 threadId=22 msg=44]
2026-09-29 21:00:34,816 INFO  [23] com.example.mqconsumer.ConsumerWorker - Received  destination=<none>  replyTo=<none>  body=[destination=queue:///APPQ?targetClient=1&persistence=2 threadId=23 msg=44]
2026-09-29 21:00:34,825 INFO  [26] com.example.mqconsumer.ConsumerWorker - Received  destination=<none>  replyTo=<none>  body=[destination=queue:///APPQ?targetClient=1&persistence=2 threadId=25 msg=44]
2026-09-29 21:00:34,826 INFO  [25] com.example.mqconsumer.ConsumerWorker - Received  destination=<none>  replyTo=<none>  body=[destination=queue:///APPQ?targetClient=1&persistence=2 threadId=24 msg=44]
2026-09-29 21:00:35,826 INFO  [24] com.example.mqconsumer.ConsumerWorker - Received  destination=<none>  replyTo=<none>  body=[destination=queue:///APPQ?targetClient=1&persistence=2 threadId=22 msg=45]
2026-09-29 21:00:35,828 INFO  [25] com.example.mqconsumer.ConsumerWorker - Received  destination=<none>  replyTo=<none>  body=[destination=queue:///APPQ?targetClient=1&persistence=2 threadId=23 msg=45]
2026-09-29 21:00:35,838 INFO  [22] com.example.mqconsumer.ConsumerWorker - Received  destination=<none>  replyTo=<none>  body=[destination=queue:///APPQ?targetClient=1&persistence=2 threadId=24 msg=45]
2026-09-29 21:00:35,842 INFO  [23] com.example.mqconsumer.ConsumerWorker - Received  destination=<none>  replyTo=<none>  body=[destination=queue:///APPQ?targetClient=1&persistence=2 threadId=25 msg=45]
2026-09-29 21:00:36,839 INFO  [29] com.example.mqconsumer.ConsumerWorker - Received  destination=<none>  replyTo=<none>  body=[destination=queue:///APPQ?targetClient=1&persistence=2 threadId=23 msg=46]
2026-09-29 21:00:36,844 INFO  [22] com.example.mqconsumer.ConsumerWorker - Received  destination=<none>  replyTo=<none>  body=[destination=queue:///APPQ?targetClient=1&persistence=2 threadId=22 msg=46]
2026-09-29 21:00:36,861 INFO  [29] com.example.mqconsumer.ConsumerWorker - Received  destination=<none>  replyTo=<none>  body=[destination=queue:///APPQ?targetClient=1&persistence=2 threadId=25 msg=46]
2026-09-29 21:00:36,861 INFO  [27] com.example.mqconsumer.ConsumerWorker - Received  destination=<none>  replyTo=<none>  body=[destination=queue:///APPQ?targetClient=1&persistence=2 threadId=24 msg=46]
2026-09-29 21:00:37,856 INFO  [23] com.example.mqconsumer.ConsumerWorker - Received  destination=<none>  replyTo=<none>  body=[destination=queue:///APPQ?targetClient=1&persistence=2 threadId=22 msg=47]
2026-09-29 21:00:37,870 INFO  [22] com.example.mqconsumer.ConsumerWorker - Received  destination=<none>  replyTo=<none>  body=[destination=queue:///APPQ?targetClient=1&persistence=2 threadId=24 msg=47]
2026-09-29 21:00:37,870 INFO  [26] com.example.mqconsumer.ConsumerWorker - Received  destination=<none>  replyTo=<none>  body=[destination=queue:///APPQ?targetClient=1&persistence=2 threadId=23 msg=47]
2026-09-29 21:00:37,873 INFO  [26] com.example.mqconsumer.ConsumerWorker - Received  destination=<none>  replyTo=<none>  body=[destination=queue:///APPQ?targetClient=1&persistence=2 threadId=25 msg=47]
2026-09-29 21:00:38,863 INFO  [23] com.example.mqconsumer.ConsumerWorker - Received  destination=<none>  replyTo=<none>  body=[destination=queue:///APPQ?targetClient=1&persistence=2 threadId=23 msg=48]
2026-09-29 21:00:38,879 INFO  [27] com.example.mqconsumer.ConsumerWorker - Received  destination=<none>  replyTo=<none>  body=[destination=queue:///APPQ?targetClient=1&persistence=2 threadId=24 msg=48]
2026-09-29 21:00:38,879 INFO  [22] com.example.mqconsumer.ConsumerWorker - Received  destination=<none>  replyTo=<none>  body=[destination=queue:///APPQ?targetClient=1&persistence=2 threadId=25 msg=48]
2026-09-29 21:00:39,215 INFO  [29] com.example.mqconsumer.ConsumerWorker - Received  destination=<none>  replyTo=<none>  body=[destination=queue:///APPQ?targetClient=1&persistence=2 threadId=22 msg=48]
2026-09-29 21:00:39,870 INFO  [29] com.example.mqconsumer.ConsumerWorker - Received  destination=<none>  replyTo=<none>  body=[destination=queue:///APPQ?targetClient=1&persistence=2 threadId=23 msg=49]
2026-09-29 21:00:39,885 INFO  [23] com.example.mqconsumer.ConsumerWorker - Received  destination=<none>  replyTo=<none>  body=[destination=queue:///APPQ?targetClient=1&persistence=2 threadId=24 msg=49]
2026-09-29 21:00:39,889 SEVERE [24] com.example.mqconsumer.ConsumerWorker - JMSException JMSCMQ0002: The method 'MQCMIT' failed.
2026-09-29 21:00:39,892 INFO  [29] com.example.mqconsumer.ConsumerWorker - Received  destination=<none>  replyTo=<none>  body=[destination=queue:///APPQ?targetClient=1&persistence=2 threadId=25 msg=49]
2026-09-29 21:00:40,246 INFO  [26] com.example.mqconsumer.ConsumerWorker - Received  destination=<none>  replyTo=<none>  body=[destination=queue:///APPQ?targetClient=1&persistence=2 threadId=22 msg=49]
2026-09-29 21:00:40,905 SEVERE [25] com.example.mqconsumer.ConsumerWorker - JMSException JMSCMQ0002: The method 'MQCMIT' failed.
2026-09-29 21:00:40,905 INFO  [24] com.example.mqconsumer.ConsumerWorker - Received  destination=<none>  replyTo=<none>  body=[destination=queue:///APPQ?targetClient=1&persistence=2 threadId=24 msg=50]
2026-09-29 21:00:40,907 INFO  [26] com.example.mqconsumer.ConsumerWorker - Received  destination=<none>  replyTo=<none>  body=[destination=queue:///APPQ?targetClient=1&persistence=2 threadId=25 msg=50]
2026-09-29 21:00:41,032 INFO  [27] com.example.mqconsumer.ConsumerWorker - Received  destination=<none>  replyTo=<none>  body=[destination=queue:///APPQ?targetClient=1&persistence=2 threadId=23 msg=50]
2026-09-29 21:00:41,247 INFO  [22] com.example.mqconsumer.ConsumerWorker - Received  destination=<none>  replyTo=<none>  body=[destination=queue:///APPQ?targetClient=1&persistence=2 threadId=22 msg=50]
2026-09-29 21:00:41,471 SEVERE [28] com.example.mqconsumer.ConsumerWorker - JMSException JMSCMQ0002: The method 'MQCMIT' failed.
2026-09-29 21:00:41,891 INFO  [23] com.example.mqconsumer.ConsumerWorker - Received  destination=<none>  replyTo=<none>  body=[destination=queue:///APPQ?targetClient=1&persistence=2 threadId=23 msg=51]
2026-09-29 21:00:41,912 INFO  [22] com.example.mqconsumer.ConsumerWorker - Received  destination=<none>  replyTo=<none>  body=[destination=queue:///APPQ?targetClient=1&persistence=2 threadId=25 msg=51]
2026-09-29 21:00:41,912 INFO  [25] com.example.mqconsumer.ConsumerWorker - Received  destination=<none>  replyTo=<none>  body=[destination=queue:///APPQ?targetClient=1&persistence=2 threadId=24 msg=51]
2026-09-29 21:00:42,257 INFO  [29] com.example.mqconsumer.ConsumerWorker - Received  destination=<none>  replyTo=<none>  body=[destination=queue:///APPQ?targetClient=1&persistence=2 threadId=22 msg=51]
2026-09-29 21:00:42,904 INFO  [24] com.example.mqconsumer.ConsumerWorker - Received  destination=<none>  replyTo=<none>  body=[destination=queue:///APPQ?targetClient=1&persistence=2 threadId=23 msg=52]
2026-09-29 21:00:42,917 INFO  [28] com.example.mqconsumer.ConsumerWorker - Received  destination=<none>  replyTo=<none>  body=[destination=queue:///APPQ?targetClient=1&persistence=2 threadId=24 msg=52]
2026-09-29 21:00:42,920 INFO  [29] com.example.mqconsumer.ConsumerWorker - Received  destination=<none>  replyTo=<none>  body=[destination=queue:///APPQ?targetClient=1&persistence=2 threadId=25 msg=52]
2026-09-29 21:00:43,266 INFO  [26] com.example.mqconsumer.ConsumerWorker - Received  destination=<none>  replyTo=<none>  body=[destination=queue:///APPQ?targetClient=1&persistence=2 threadId=22 msg=52]
2026-09-29 21:00:43,910 INFO  [25] com.example.mqconsumer.ConsumerWorker - Received  destination=<none>  replyTo=<none>  body=[destination=queue:///APPQ?targetClient=1&persistence=2 threadId=23 msg=53]
2026-09-29 21:00:43,924 INFO  [26] com.example.mqconsumer.ConsumerWorker - Received  destination=<none>  replyTo=<none>  body=[destination=queue:///APPQ?targetClient=1&persistence=2 threadId=25 msg=53]
2026-09-29 21:00:43,927 INFO  [27] com.example.mqconsumer.ConsumerWorker - Received  destination=<none>  replyTo=<none>  body=[destination=queue:///APPQ?targetClient=1&persistence=2 threadId=24 msg=53]
2026-09-29 21:00:44,278 INFO  [23] com.example.mqconsumer.ConsumerWorker - Received  destination=<none>  replyTo=<none>  body=[destination=queue:///APPQ?targetClient=1&persistence=2 threadId=22 msg=53]
2026-09-29 21:00:44,925 INFO  [22] com.example.mqconsumer.ConsumerWorker - Received  destination=<none>  replyTo=<none>  body=[destination=queue:///APPQ?targetClient=1&persistence=2 threadId=23 msg=54]
2026-09-29 21:00:44,934 INFO  [25] com.example.mqconsumer.ConsumerWorker - Received  destination=<none>  replyTo=<none>  body=[destination=queue:///APPQ?targetClient=1&persistence=2 threadId=24 msg=54]
2026-09-29 21:00:44,935 INFO  [28] com.example.mqconsumer.ConsumerWorker - Received  destination=<none>  replyTo=<none>  body=[destination=queue:///APPQ?targetClient=1&persistence=2 threadId=25 msg=54]
2026-09-29 21:00:45,299 INFO  [24] com.example.mqconsumer.ConsumerWorker - Received  destination=<none>  replyTo=<none>  body=[destination=queue:///APPQ?targetClient=1&persistence=2 threadId=22 msg=54]
2026-09-29 21:00:45,930 INFO  [29] com.example.mqconsumer.ConsumerWorker - Received  destination=<none>  replyTo=<none>  body=[destination=queue:///APPQ?targetClient=1&persistence=2 threadId=23 msg=55]
2026-09-29 21:00:45,945 INFO  [23] com.example.mqconsumer.ConsumerWorker - Received  destination=<none>  replyTo=<none>  body=[destination=queue:///APPQ?targetClient=1&persistence=2 threadId=24 msg=55]
2026-09-29 21:00:45,948 INFO  [27] com.example.mqconsumer.ConsumerWorker - Received  destination=<none>  replyTo=<none>  body=[destination=queue:///APPQ?targetClient=1&persistence=2 threadId=25 msg=55]
2026-09-29 21:00:46,311 INFO  [26] com.example.mqconsumer.ConsumerWorker - Received  destination=<none>  replyTo=<none>  body=[destination=queue:///APPQ?targetClient=1&persistence=2 threadId=22 msg=55]
2026-09-29 21:00:46,952 INFO  [25] com.example.mqconsumer.ConsumerWorker - Received  destination=<none>  replyTo=<none>  body=[destination=queue:///APPQ?targetClient=1&persistence=2 threadId=23 msg=56]
2026-09-29 21:00:46,962 INFO  [26] com.example.mqconsumer.ConsumerWorker - Received  destination=<none>  replyTo=<none>  body=[destination=queue:///APPQ?targetClient=1&persistence=2 threadId=25 msg=56]
2026-09-29 21:00:46,963 INFO  [24] com.example.mqconsumer.ConsumerWorker - Received  destination=<none>  replyTo=<none>  body=[destination=queue:///APPQ?targetClient=1&persistence=2 threadId=24 msg=56]
2026-09-29 21:00:47,324 INFO  [22] com.example.mqconsumer.ConsumerWorker - Received  destination=<none>  replyTo=<none>  body=[destination=queue:///APPQ?targetClient=1&persistence=2 threadId=22 msg=56]
2026-09-29 21:00:47,968 INFO  [28] com.example.mqconsumer.ConsumerWorker - Received  destination=<none>  replyTo=<none>  body=[destination=queue:///APPQ?targetClient=1&persistence=2 threadId=23 msg=57]
2026-09-29 21:00:47,982 INFO  [23] com.example.mqconsumer.ConsumerWorker - Received  destination=<none>  replyTo=<none>  body=[destination=queue:///APPQ?targetClient=1&persistence=2 threadId=25 msg=57]
2026-09-29 21:00:48,129 INFO  [25] com.example.mqconsumer.ConsumerWorker - Received  destination=<none>  replyTo=<none>  body=[destination=queue:///APPQ?targetClient=1&persistence=2 threadId=24 msg=57]
2026-09-29 21:00:48,345 INFO  [29] com.example.mqconsumer.ConsumerWorker - Received  destination=<none>  replyTo=<none>  body=[destination=queue:///APPQ?targetClient=1&persistence=2 threadId=22 msg=57]
2026-09-29 21:00:48,977 INFO  [27] com.example.mqconsumer.ConsumerWorker - Received  destination=<none>  replyTo=<none>  body=[destination=queue:///APPQ?targetClient=1&persistence=2 threadId=23 msg=58]
2026-09-29 21:00:48,993 INFO  [22] com.example.mqconsumer.ConsumerWorker - Received  destination=<none>  replyTo=<none>  body=[destination=queue:///APPQ?targetClient=1&persistence=2 threadId=24 msg=58]
2026-09-29 21:00:48,994 INFO  [24] com.example.mqconsumer.ConsumerWorker - Received  destination=<none>  replyTo=<none>  body=[destination=queue:///APPQ?targetClient=1&persistence=2 threadId=25 msg=58]
2026-09-29 21:00:49,353 INFO  [26] com.example.mqconsumer.ConsumerWorker - Received  destination=<none>  replyTo=<none>  body=[destination=queue:///APPQ?targetClient=1&persistence=2 threadId=22 msg=58]
2026-09-29 21:00:49,985 INFO  [26] com.example.mqconsumer.ConsumerWorker - Received  destination=<none>  replyTo=<none>  body=[destination=queue:///APPQ?targetClient=1&persistence=2 threadId=23 msg=59]
2026-09-29 21:00:50,011 INFO  [26] com.example.mqconsumer.ConsumerWorker - Received  destination=<none>  replyTo=<none>  body=[destination=queue:///APPQ?targetClient=1&persistence=2 threadId=25 msg=59]
2026-09-29 21:00:50,014 INFO  [29] com.example.mqconsumer.ConsumerWorker - Received  destination=<none>  replyTo=<none>  body=[destination=queue:///APPQ?targetClient=1&persistence=2 threadId=24 msg=59]
2026-09-29 21:00:50,361 INFO  [28] com.example.mqconsumer.ConsumerWorker - Received  destination=<none>  replyTo=<none>  body=[destination=queue:///APPQ?targetClient=1&persistence=2 threadId=22 msg=59]
2026-09-29 21:00:51,023 INFO  [26] com.example.mqconsumer.ConsumerWorker - Received  destination=<none>  replyTo=<none>  body=[destination=queue:///APPQ?targetClient=1&persistence=2 threadId=25 msg=60]
2026-09-29 21:00:51,027 INFO  [26] com.example.mqconsumer.ConsumerWorker - Received  destination=<none>  replyTo=<none>  body=[destination=queue:///APPQ?targetClient=1&persistence=2 threadId=24 msg=60]
2026-09-29 21:00:51,150 INFO  [23] com.example.mqconsumer.ConsumerWorker - Received  destination=<none>  replyTo=<none>  body=[destination=queue:///APPQ?targetClient=1&persistence=2 threadId=23 msg=60]
2026-09-29 21:00:51,374 INFO  [27] com.example.mqconsumer.ConsumerWorker - Received  destination=<none>  replyTo=<none>  body=[destination=queue:///APPQ?targetClient=1&persistence=2 threadId=22 msg=60]
2026-09-29 21:00:52,000 INFO  [24] com.example.mqconsumer.ConsumerWorker - Received  destination=<none>  replyTo=<none>  body=[destination=queue:///APPQ?targetClient=1&persistence=2 threadId=23 msg=61]
2026-09-29 21:00:52,031 INFO  [22] com.example.mqconsumer.ConsumerWorker - Received  destination=<none>  replyTo=<none>  body=[destination=queue:///APPQ?targetClient=1&persistence=2 threadId=24 msg=61]
2026-09-29 21:00:52,034 INFO  [28] com.example.mqconsumer.ConsumerWorker - Received  destination=<none>  replyTo=<none>  body=[destination=queue:///APPQ?targetClient=1&persistence=2 threadId=25 msg=61]
2026-09-29 21:00:52,386 INFO  [26] com.example.mqconsumer.ConsumerWorker - Received  destination=<none>  replyTo=<none>  body=[destination=queue:///APPQ?targetClient=1&persistence=2 threadId=22 msg=61]
2026-09-29 21:00:53,018 INFO  [29] com.example.mqconsumer.ConsumerWorker - Received  destination=<none>  replyTo=<none>  body=[destination=queue:///APPQ?targetClient=1&persistence=2 threadId=23 msg=62]
2026-09-29 21:00:53,047 INFO  [27] com.example.mqconsumer.ConsumerWorker - Received  destination=<none>  replyTo=<none>  body=[destination=queue:///APPQ?targetClient=1&persistence=2 threadId=24 msg=62]
2026-09-29 21:00:53,047 INFO  [24] com.example.mqconsumer.ConsumerWorker - Received  destination=<none>  replyTo=<none>  body=[destination=queue:///APPQ?targetClient=1&persistence=2 threadId=25 msg=62]
2026-09-29 21:00:53,401 INFO  [22] com.example.mqconsumer.ConsumerWorker - Received  destination=<none>  replyTo=<none>  body=[destination=queue:///APPQ?targetClient=1&persistence=2 threadId=22 msg=62]
2026-09-29 21:00:54,027 INFO  [26] com.example.mqconsumer.ConsumerWorker - Received  destination=<none>  replyTo=<none>  body=[destination=queue:///APPQ?targetClient=1&persistence=2 threadId=23 msg=63]
2026-09-29 21:00:54,054 INFO  [26] com.example.mqconsumer.ConsumerWorker - Received  destination=<none>  replyTo=<none>  body=[destination=queue:///APPQ?targetClient=1&persistence=2 threadId=25 msg=63]
2026-09-29 21:00:54,056 INFO  [26] com.example.mqconsumer.ConsumerWorker - Received  destination=<none>  replyTo=<none>  body=[destination=queue:///APPQ?targetClient=1&persistence=2 threadId=24 msg=63]
2026-09-29 21:00:54,404 INFO  [29] com.example.mqconsumer.ConsumerWorker - Received  destination=<none>  replyTo=<none>  body=[destination=queue:///APPQ?targetClient=1&persistence=2 threadId=22 msg=63]
2026-09-29 21:00:55,031 INFO  [28] com.example.mqconsumer.ConsumerWorker - Received  destination=<none>  replyTo=<none>  body=[destination=queue:///APPQ?targetClient=1&persistence=2 threadId=23 msg=64]
2026-09-29 21:00:55,062 SEVERE [25] com.example.mqconsumer.ConsumerWorker - JMSException JMSCMQ0002: The method 'MQCMIT' failed.
2026-09-29 21:00:55,063 INFO  [28] com.example.mqconsumer.ConsumerWorker - Received  destination=<none>  replyTo=<none>  body=[destination=queue:///APPQ?targetClient=1&persistence=2 threadId=25 msg=64]
2026-09-29 21:00:55,065 INFO  [22] com.example.mqconsumer.ConsumerWorker - Received  destination=<none>  replyTo=<none>  body=[destination=queue:///APPQ?targetClient=1&persistence=2 threadId=24 msg=64]
2026-09-29 21:00:55,417 INFO  [26] com.example.mqconsumer.ConsumerWorker - Received  destination=<none>  replyTo=<none>  body=[destination=queue:///APPQ?targetClient=1&persistence=2 threadId=22 msg=64]
2026-09-29 21:00:56,045 INFO  [27] com.example.mqconsumer.ConsumerWorker - Received  destination=<none>  replyTo=<none>  body=[destination=queue:///APPQ?targetClient=1&persistence=2 threadId=23 msg=65]
2026-09-29 21:00:56,079 INFO  [29] com.example.mqconsumer.ConsumerWorker - Received  destination=<none>  replyTo=<none>  body=[destination=queue:///APPQ?targetClient=1&persistence=2 threadId=25 msg=65]
2026-09-29 21:00:56,079 INFO  [24] com.example.mqconsumer.ConsumerWorker - Received  destination=<none>  replyTo=<none>  body=[destination=queue:///APPQ?targetClient=1&persistence=2 threadId=24 msg=65]
2026-09-29 21:00:56,430 INFO  [25] com.example.mqconsumer.ConsumerWorker - Received  destination=<none>  replyTo=<none>  body=[destination=queue:///APPQ?targetClient=1&persistence=2 threadId=22 msg=65]
2026-09-29 21:00:57,094 INFO  [26] com.example.mqconsumer.ConsumerWorker - Received  destination=<none>  replyTo=<none>  body=[destination=queue:///APPQ?targetClient=1&persistence=2 threadId=24 msg=66]
2026-09-29 21:00:57,095 SEVERE [23] com.example.mqconsumer.ConsumerWorker - JMSException JMSCMQ0002: The method 'MQCMIT' failed.
2026-09-29 21:00:57,098 INFO  [26] com.example.mqconsumer.ConsumerWorker - Received  destination=<none>  replyTo=<none>  body=[destination=queue:///APPQ?targetClient=1&persistence=2 threadId=25 msg=66]
2026-09-29 21:00:57,113 INFO  [23] com.example.mqconsumer.ConsumerWorker - Received  destination=<none>  replyTo=<none>  body=[destination=queue:///APPQ?targetClient=1&persistence=2 threadId=23 msg=66]
2026-09-29 21:00:57,450 INFO  [22] com.example.mqconsumer.ConsumerWorker - Received  destination=<none>  replyTo=<none>  body=[destination=queue:///APPQ?targetClient=1&persistence=2 threadId=22 msg=66]
2026-09-29 21:00:58,104 INFO  [28] com.example.mqconsumer.ConsumerWorker - Received  destination=<none>  replyTo=<none>  body=[destination=queue:///APPQ?targetClient=1&persistence=2 threadId=25 msg=67]
2026-09-29 21:00:58,104 INFO  [26] com.example.mqconsumer.ConsumerWorker - Received  destination=<none>  replyTo=<none>  body=[destination=queue:///APPQ?targetClient=1&persistence=2 threadId=24 msg=67]
2026-09-29 21:00:58,158 INFO  [25] com.example.mqconsumer.ConsumerWorker - Received  destination=<none>  replyTo=<none>  body=[destination=queue:///APPQ?targetClient=1&persistence=2 threadId=23 msg=67]
2026-09-29 21:00:58,523 INFO  [24] com.example.mqconsumer.ConsumerWorker - Received  destination=<none>  replyTo=<none>  body=[destination=queue:///APPQ?targetClient=1&persistence=2 threadId=22 msg=67]
2026-09-29 21:00:59,110 INFO  [22] com.example.mqconsumer.ConsumerWorker - Received  destination=<none>  replyTo=<none>  body=[destination=queue:///APPQ?targetClient=1&persistence=2 threadId=24 msg=68]
2026-09-29 21:00:59,112 INFO  [29] com.example.mqconsumer.ConsumerWorker - Received  destination=<none>  replyTo=<none>  body=[destination=queue:///APPQ?targetClient=1&persistence=2 threadId=25 msg=68]
2026-09-29 21:00:59,170 INFO  [24] com.example.mqconsumer.ConsumerWorker - Received  destination=<none>  replyTo=<none>  body=[destination=queue:///APPQ?targetClient=1&persistence=2 threadId=23 msg=68]
2026-09-29 21:00:59,481 INFO  [23] com.example.mqconsumer.ConsumerWorker - Received  destination=<none>  replyTo=<none>  body=[destination=queue:///APPQ?targetClient=1&persistence=2 threadId=22 msg=68]
2026-09-29 21:01:00,118 INFO  [26] com.example.mqconsumer.ConsumerWorker - Received  destination=<none>  replyTo=<none>  body=[destination=queue:///APPQ?targetClient=1&persistence=2 threadId=25 msg=69]
2026-09-29 21:01:00,122 INFO  [29] com.example.mqconsumer.ConsumerWorker - Received  destination=<none>  replyTo=<none>  body=[destination=queue:///APPQ?targetClient=1&persistence=2 threadId=24 msg=69]
2026-09-29 21:01:00,184 INFO  [23] com.example.mqconsumer.ConsumerWorker - Received  destination=<none>  replyTo=<none>  body=[destination=queue:///APPQ?targetClient=1&persistence=2 threadId=23 msg=69]
2026-09-29 21:01:00,496 INFO  [28] com.example.mqconsumer.ConsumerWorker - Received  destination=<none>  replyTo=<none>  body=[destination=queue:///APPQ?targetClient=1&persistence=2 threadId=22 msg=69]
2026-09-29 21:01:01,133 INFO  [26] com.example.mqconsumer.ConsumerWorker - Received  destination=<none>  replyTo=<none>  body=[destination=queue:///APPQ?targetClient=1&persistence=2 threadId=25 msg=70]
2026-09-29 21:01:01,135 INFO  [23] com.example.mqconsumer.ConsumerWorker - Received  destination=<none>  replyTo=<none>  body=[destination=queue:///APPQ?targetClient=1&persistence=2 threadId=24 msg=70]
2026-09-29 21:01:01,196 INFO  [25] com.example.mqconsumer.ConsumerWorker - Received  destination=<none>  replyTo=<none>  body=[destination=queue:///APPQ?targetClient=1&persistence=2 threadId=23 msg=70]
2026-09-29 21:01:01,518 INFO  [24] com.example.mqconsumer.ConsumerWorker - Received  destination=<none>  replyTo=<none>  body=[destination=queue:///APPQ?targetClient=1&persistence=2 threadId=22 msg=70]
2026-09-29 21:01:02,156 INFO  [28] com.example.mqconsumer.ConsumerWorker - Received  destination=<none>  replyTo=<none>  body=[destination=queue:///APPQ?targetClient=1&persistence=2 threadId=25 msg=71]
2026-09-29 21:01:02,205 SEVERE [27] com.example.mqconsumer.ConsumerWorker - JMSException JMSCMQ0002: The method 'MQCMIT' failed.
2026-09-29 21:01:02,211 INFO  [29] com.example.mqconsumer.ConsumerWorker - Received  destination=<none>  replyTo=<none>  body=[destination=queue:///APPQ?targetClient=1&persistence=2 threadId=23 msg=71]
2026-09-29 21:01:02,345 INFO  [26] com.example.mqconsumer.ConsumerWorker - Received  destination=<none>  replyTo=<none>  body=[destination=queue:///APPQ?targetClient=1&persistence=2 threadId=24 msg=71]
2026-09-29 21:01:02,527 INFO  [25] com.example.mqconsumer.ConsumerWorker - Received  destination=<none>  replyTo=<none>  body=[destination=queue:///APPQ?targetClient=1&persistence=2 threadId=22 msg=71]
2026-09-29 21:01:03,173 INFO  [24] com.example.mqconsumer.ConsumerWorker - Received  destination=<none>  replyTo=<none>  body=[destination=queue:///APPQ?targetClient=1&persistence=2 threadId=25 msg=72]
2026-09-29 21:01:03,213 INFO  [27] com.example.mqconsumer.ConsumerWorker - Received  destination=<none>  replyTo=<none>  body=[destination=queue:///APPQ?targetClient=1&persistence=2 threadId=23 msg=72]
2026-09-29 21:01:03,377 INFO  [29] com.example.mqconsumer.ConsumerWorker - Received  destination=<none>  replyTo=<none>  body=[destination=queue:///APPQ?targetClient=1&persistence=2 threadId=24 msg=72]
2026-09-29 21:01:03,546 INFO  [23] com.example.mqconsumer.ConsumerWorker - Received  destination=<none>  replyTo=<none>  body=[destination=queue:///APPQ?targetClient=1&persistence=2 threadId=22 msg=72]
2026-09-29 21:01:04,184 INFO  [26] com.example.mqconsumer.ConsumerWorker - Received  destination=<none>  replyTo=<none>  body=[destination=queue:///APPQ?targetClient=1&persistence=2 threadId=25 msg=73]
2026-09-29 21:01:04,235 SEVERE [22] com.example.mqconsumer.ConsumerWorker - JMSException JMSCMQ0002: The method 'MQCMIT' failed.
2026-09-29 21:01:04,241 INFO  [23] com.example.mqconsumer.ConsumerWorker - Received  destination=<none>  replyTo=<none>  body=[destination=queue:///APPQ?targetClient=1&persistence=2 threadId=23 msg=73]
2026-09-29 21:01:04,373 INFO  [28] com.example.mqconsumer.ConsumerWorker - Received  destination=<none>  replyTo=<none>  body=[destination=queue:///APPQ?targetClient=1&persistence=2 threadId=24 msg=73]
2026-09-29 21:01:04,559 INFO  [24] com.example.mqconsumer.ConsumerWorker - Received  destination=<none>  replyTo=<none>  body=[destination=queue:///APPQ?targetClient=1&persistence=2 threadId=22 msg=73]
2026-09-29 21:01:05,240 INFO  [25] com.example.mqconsumer.ConsumerWorker - Received  destination=<none>  replyTo=<none>  body=[destination=queue:///APPQ?targetClient=1&persistence=2 threadId=25 msg=74]
2026-09-29 21:01:05,245 INFO  [28] com.example.mqconsumer.ConsumerWorker - Received  destination=<none>  replyTo=<none>  body=[destination=queue:///APPQ?targetClient=1&persistence=2 threadId=23 msg=74]
2026-09-29 21:01:05,417 INFO  [26] com.example.mqconsumer.ConsumerWorker - Received  destination=<none>  replyTo=<none>  body=[destination=queue:///APPQ?targetClient=1&persistence=2 threadId=24 msg=74]
2026-09-29 21:01:05,561 INFO  [25] com.example.mqconsumer.ConsumerWorker - Received  destination=<none>  replyTo=<none>  body=[destination=queue:///APPQ?targetClient=1&persistence=2 threadId=22 msg=74]
2026-09-29 21:01:06,246 INFO  [27] com.example.mqconsumer.ConsumerWorker - Received  destination=<none>  replyTo=<none>  body=[destination=queue:///APPQ?targetClient=1&persistence=2 threadId=25 msg=75]
2026-09-29 21:01:06,260 INFO  [29] com.example.mqconsumer.ConsumerWorker - Received  destination=<none>  replyTo=<none>  body=[destination=queue:///APPQ?targetClient=1&persistence=2 threadId=23 msg=75]
2026-09-29 21:01:06,400 INFO  [22] com.example.mqconsumer.ConsumerWorker - Received  destination=<none>  replyTo=<none>  body=[destination=queue:///APPQ?targetClient=1&persistence=2 threadId=24 msg=75]
2026-09-29 21:01:06,572 INFO  [23] com.example.mqconsumer.ConsumerWorker - Received  destination=<none>  replyTo=<none>  body=[destination=queue:///APPQ?targetClient=1&persistence=2 threadId=22 msg=75]
2026-09-29 21:01:07,258 INFO  [26] com.example.mqconsumer.ConsumerWorker - Received  destination=<none>  replyTo=<none>  body=[destination=queue:///APPQ?targetClient=1&persistence=2 threadId=25 msg=76]
2026-09-29 21:01:07,276 INFO  [22] com.example.mqconsumer.ConsumerWorker - Received  destination=<none>  replyTo=<none>  body=[destination=queue:///APPQ?targetClient=1&persistence=2 threadId=23 msg=76]
2026-09-29 21:01:07,586 INFO  [28] com.example.mqconsumer.ConsumerWorker - Received  destination=<none>  replyTo=<none>  body=[destination=queue:///APPQ?targetClient=1&persistence=2 threadId=22 msg=76]
2026-09-29 21:01:07,589 INFO  [24] com.example.mqconsumer.ConsumerWorker - Received  destination=<none>  replyTo=<none>  body=[destination=queue:///APPQ?targetClient=1&persistence=2 threadId=24 msg=76]
2026-09-29 21:01:08,281 INFO  [25] com.example.mqconsumer.ConsumerWorker - Received  destination=<none>  replyTo=<none>  body=[destination=queue:///APPQ?targetClient=1&persistence=2 threadId=25 msg=77]
2026-09-29 21:01:08,281 INFO  [28] com.example.mqconsumer.ConsumerWorker - Received  destination=<none>  replyTo=<none>  body=[destination=queue:///APPQ?targetClient=1&persistence=2 threadId=23 msg=77]
2026-09-29 21:01:08,420 INFO  [25] com.example.mqconsumer.ConsumerWorker - Received  destination=<none>  replyTo=<none>  body=[destination=queue:///APPQ?targetClient=1&persistence=2 threadId=24 msg=77]
2026-09-29 21:01:08,610 INFO  [23] com.example.mqconsumer.ConsumerWorker - Received  destination=<none>  replyTo=<none>  body=[destination=queue:///APPQ?targetClient=1&persistence=2 threadId=22 msg=77]
2026-09-29 21:01:09,290 INFO  [27] com.example.mqconsumer.ConsumerWorker - Received  destination=<none>  replyTo=<none>  body=[destination=queue:///APPQ?targetClient=1&persistence=2 threadId=23 msg=78]
2026-09-29 21:01:09,292 INFO  [29] com.example.mqconsumer.ConsumerWorker - Received  destination=<none>  replyTo=<none>  body=[destination=queue:///APPQ?targetClient=1&persistence=2 threadId=25 msg=78]
2026-09-29 21:01:09,433 INFO  [26] com.example.mqconsumer.ConsumerWorker - Received  destination=<none>  replyTo=<none>  body=[destination=queue:///APPQ?targetClient=1&persistence=2 threadId=24 msg=78]
2026-09-29 21:01:09,614 INFO  [27] com.example.mqconsumer.ConsumerWorker - Received  destination=<none>  replyTo=<none>  body=[destination=queue:///APPQ?targetClient=1&persistence=2 threadId=22 msg=78]
2026-09-29 21:01:10,296 INFO  [22] com.example.mqconsumer.ConsumerWorker - Received  destination=<none>  replyTo=<none>  body=[destination=queue:///APPQ?targetClient=1&persistence=2 threadId=25 msg=79]
2026-09-29 21:01:10,299 INFO  [23] com.example.mqconsumer.ConsumerWorker - Received  destination=<none>  replyTo=<none>  body=[destination=queue:///APPQ?targetClient=1&persistence=2 threadId=23 msg=79]
2026-09-29 21:01:10,448 INFO  [29] com.example.mqconsumer.ConsumerWorker - Received  destination=<none>  replyTo=<none>  body=[destination=queue:///APPQ?targetClient=1&persistence=2 threadId=24 msg=79]
2026-09-29 21:01:10,618 INFO  [28] com.example.mqconsumer.ConsumerWorker - Received  destination=<none>  replyTo=<none>  body=[destination=queue:///APPQ?targetClient=1&persistence=2 threadId=22 msg=79]
2026-09-29 21:01:11,306 INFO  [25] com.example.mqconsumer.ConsumerWorker - Received  destination=<none>  replyTo=<none>  body=[destination=queue:///APPQ?targetClient=1&persistence=2 threadId=23 msg=80]
2026-09-29 21:01:11,448 INFO  [26] com.example.mqconsumer.ConsumerWorker - Received  destination=<none>  replyTo=<none>  body=[destination=queue:///APPQ?targetClient=1&persistence=2 threadId=25 msg=80]
2026-09-29 21:01:11,461 INFO  [28] com.example.mqconsumer.ConsumerWorker - Received  destination=<none>  replyTo=<none>  body=[destination=queue:///APPQ?targetClient=1&persistence=2 threadId=24 msg=80]
2026-09-29 21:01:11,628 INFO  [22] com.example.mqconsumer.ConsumerWorker - Received  destination=<none>  replyTo=<none>  body=[destination=queue:///APPQ?targetClient=1&persistence=2 threadId=22 msg=80]
2026-09-29 21:01:12,308 INFO  [27] com.example.mqconsumer.ConsumerWorker - Received  destination=<none>  replyTo=<none>  body=[destination=queue:///APPQ?targetClient=1&persistence=2 threadId=23 msg=81]
2026-09-29 21:01:12,310 INFO  [25] com.example.mqconsumer.ConsumerWorker - Received  destination=<none>  replyTo=<none>  body=[destination=queue:///APPQ?targetClient=1&persistence=2 threadId=25 msg=81]
2026-09-29 21:01:12,479 INFO  [29] com.example.mqconsumer.ConsumerWorker - Received  destination=<none>  replyTo=<none>  body=[destination=queue:///APPQ?targetClient=1&persistence=2 threadId=24 msg=81]
2026-09-29 21:01:12,638 SEVERE [24] com.example.mqconsumer.ConsumerWorker - JMSException JMSCMQ0002: The method 'MQCMIT' failed.
2026-09-29 21:01:12,641 INFO  [27] com.example.mqconsumer.ConsumerWorker - Received  destination=<none>  replyTo=<none>  body=[destination=queue:///APPQ?targetClient=1&persistence=2 threadId=22 msg=81]
2026-09-29 21:01:13,326 INFO  [29] com.example.mqconsumer.ConsumerWorker - Received  destination=<none>  replyTo=<none>  body=[destination=queue:///APPQ?targetClient=1&persistence=2 threadId=23 msg=82]
2026-09-29 21:01:13,327 INFO  [24] com.example.mqconsumer.ConsumerWorker - Received  destination=<none>  replyTo=<none>  body=[destination=queue:///APPQ?targetClient=1&persistence=2 threadId=25 msg=82]
2026-09-29 21:01:13,486 INFO  [23] com.example.mqconsumer.ConsumerWorker - Received  destination=<none>  replyTo=<none>  body=[destination=queue:///APPQ?targetClient=1&persistence=2 threadId=24 msg=82]
2026-09-29 21:01:13,656 INFO  [28] com.example.mqconsumer.ConsumerWorker - Received  destination=<none>  replyTo=<none>  body=[destination=queue:///APPQ?targetClient=1&persistence=2 threadId=22 msg=82]
2026-09-29 21:01:14,338 INFO  [22] com.example.mqconsumer.ConsumerWorker - Received  destination=<none>  replyTo=<none>  body=[destination=queue:///APPQ?targetClient=1&persistence=2 threadId=25 msg=83]
2026-09-29 21:01:14,344 INFO  [23] com.example.mqconsumer.ConsumerWorker - Received  destination=<none>  replyTo=<none>  body=[destination=queue:///APPQ?targetClient=1&persistence=2 threadId=23 msg=83]
2026-09-29 21:01:14,494 INFO  [25] com.example.mqconsumer.ConsumerWorker - Received  destination=<none>  replyTo=<none>  body=[destination=queue:///APPQ?targetClient=1&persistence=2 threadId=24 msg=83]
2026-09-29 21:01:14,671 INFO  [22] com.example.mqconsumer.ConsumerWorker - Received  destination=<none>  replyTo=<none>  body=[destination=queue:///APPQ?targetClient=1&persistence=2 threadId=22 msg=83]
2026-09-29 21:01:15,345 INFO  [28] com.example.mqconsumer.ConsumerWorker - Received  destination=<none>  replyTo=<none>  body=[destination=queue:///APPQ?targetClient=1&persistence=2 threadId=25 msg=84]
2026-09-29 21:01:15,357 INFO  [25] com.example.mqconsumer.ConsumerWorker - Received  destination=<none>  replyTo=<none>  body=[destination=queue:///APPQ?targetClient=1&persistence=2 threadId=23 msg=84]
2026-09-29 21:01:15,513 INFO  [27] com.example.mqconsumer.ConsumerWorker - Received  destination=<none>  replyTo=<none>  body=[destination=queue:///APPQ?targetClient=1&persistence=2 threadId=24 msg=84]
2026-09-29 21:01:15,684 INFO  [29] com.example.mqconsumer.ConsumerWorker - Received  destination=<none>  replyTo=<none>  body=[destination=queue:///APPQ?targetClient=1&persistence=2 threadId=22 msg=84]
2026-09-29 21:01:16,363 INFO  [24] com.example.mqconsumer.ConsumerWorker - Received  destination=<none>  replyTo=<none>  body=[destination=queue:///APPQ?targetClient=1&persistence=2 threadId=25 msg=85]
2026-09-29 21:01:16,374 INFO  [27] com.example.mqconsumer.ConsumerWorker - Received  destination=<none>  replyTo=<none>  body=[destination=queue:///APPQ?targetClient=1&persistence=2 threadId=23 msg=85]
2026-09-29 21:01:16,528 INFO  [23] com.example.mqconsumer.ConsumerWorker - Received  destination=<none>  replyTo=<none>  body=[destination=queue:///APPQ?targetClient=1&persistence=2 threadId=24 msg=85]
2026-09-29 21:01:16,694 INFO  [28] com.example.mqconsumer.ConsumerWorker - Received  destination=<none>  replyTo=<none>  body=[destination=queue:///APPQ?targetClient=1&persistence=2 threadId=22 msg=85]
2026-09-29 21:01:17,371 INFO  [22] com.example.mqconsumer.ConsumerWorker - Received  destination=<none>  replyTo=<none>  body=[destination=queue:///APPQ?targetClient=1&persistence=2 threadId=25 msg=86]
2026-09-29 21:01:17,385 INFO  [23] com.example.mqconsumer.ConsumerWorker - Received  destination=<none>  replyTo=<none>  body=[destination=queue:///APPQ?targetClient=1&persistence=2 threadId=23 msg=86]
2026-09-29 21:01:17,668 INFO  [29] com.example.mqconsumer.ConsumerWorker - Received  destination=<none>  replyTo=<none>  body=[destination=queue:///APPQ?targetClient=1&persistence=2 threadId=24 msg=86]
2026-09-29 21:01:17,697 INFO  [22] com.example.mqconsumer.ConsumerWorker - Received  destination=<none>  replyTo=<none>  body=[destination=queue:///APPQ?targetClient=1&persistence=2 threadId=22 msg=86]
2026-09-29 21:01:18,385 INFO  [25] com.example.mqconsumer.ConsumerWorker - Received  destination=<none>  replyTo=<none>  body=[destination=queue:///APPQ?targetClient=1&persistence=2 threadId=25 msg=87]
2026-09-29 21:01:18,403 SEVERE [26] com.example.mqconsumer.ConsumerWorker - JMSException JMSCMQ0002: The method 'MQCMIT' failed.
2026-09-29 21:01:18,407 INFO  [28] com.example.mqconsumer.ConsumerWorker - Received  destination=<none>  replyTo=<none>  body=[destination=queue:///APPQ?targetClient=1&persistence=2 threadId=23 msg=87]
2026-09-29 21:01:18,543 INFO  [25] com.example.mqconsumer.ConsumerWorker - Received  destination=<none>  replyTo=<none>  body=[destination=queue:///APPQ?targetClient=1&persistence=2 threadId=24 msg=87]
2026-09-29 21:01:18,709 INFO  [26] com.example.mqconsumer.ConsumerWorker - Received  destination=<none>  replyTo=<none>  body=[destination=queue:///APPQ?targetClient=1&persistence=2 threadId=22 msg=87]
2026-09-29 21:01:19,401 INFO  [24] com.example.mqconsumer.ConsumerWorker - Received  destination=<none>  replyTo=<none>  body=[destination=queue:///APPQ?targetClient=1&persistence=2 threadId=25 msg=88]
2026-09-29 21:01:19,414 INFO  [27] com.example.mqconsumer.ConsumerWorker - Received  destination=<none>  replyTo=<none>  body=[destination=queue:///APPQ?targetClient=1&persistence=2 threadId=23 msg=88]
2026-09-29 21:01:19,557 INFO  [23] com.example.mqconsumer.ConsumerWorker - Received  destination=<none>  replyTo=<none>  body=[destination=queue:///APPQ?targetClient=1&persistence=2 threadId=24 msg=88]
2026-09-29 21:01:19,714 INFO  [24] com.example.mqconsumer.ConsumerWorker - Received  destination=<none>  replyTo=<none>  body=[destination=queue:///APPQ?targetClient=1&persistence=2 threadId=22 msg=88]
2026-09-29 21:01:20,415 INFO  [22] com.example.mqconsumer.ConsumerWorker - Received  destination=<none>  replyTo=<none>  body=[destination=queue:///APPQ?targetClient=1&persistence=2 threadId=25 msg=89]
2026-09-29 21:01:20,431 INFO  [29] com.example.mqconsumer.ConsumerWorker - Received  destination=<none>  replyTo=<none>  body=[destination=queue:///APPQ?targetClient=1&persistence=2 threadId=23 msg=89]
2026-09-29 21:01:20,564 INFO  [27] com.example.mqconsumer.ConsumerWorker - Received  destination=<none>  replyTo=<none>  body=[destination=queue:///APPQ?targetClient=1&persistence=2 threadId=24 msg=89]
2026-09-29 21:01:20,733 INFO  [23] com.example.mqconsumer.ConsumerWorker - Received  destination=<none>  replyTo=<none>  body=[destination=queue:///APPQ?targetClient=1&persistence=2 threadId=22 msg=89]
2026-09-29 21:01:21,435 INFO  [28] com.example.mqconsumer.ConsumerWorker - Received  destination=<none>  replyTo=<none>  body=[destination=queue:///APPQ?targetClient=1&persistence=2 threadId=23 msg=90]
2026-09-29 21:01:21,572 INFO  [25] com.example.mqconsumer.ConsumerWorker - Received  destination=<none>  replyTo=<none>  body=[destination=queue:///APPQ?targetClient=1&persistence=2 threadId=24 msg=90]
2026-09-29 21:01:21,610 INFO  [22] com.example.mqconsumer.ConsumerWorker - Received  destination=<none>  replyTo=<none>  body=[destination=queue:///APPQ?targetClient=1&persistence=2 threadId=25 msg=90]
2026-09-29 21:01:21,742 INFO  [26] com.example.mqconsumer.ConsumerWorker - Received  destination=<none>  replyTo=<none>  body=[destination=queue:///APPQ?targetClient=1&persistence=2 threadId=22 msg=90]
2026-09-29 21:01:22,447 INFO  [24] com.example.mqconsumer.ConsumerWorker - Received  destination=<none>  replyTo=<none>  body=[destination=queue:///APPQ?targetClient=1&persistence=2 threadId=23 msg=91]
2026-09-29 21:01:22,449 INFO  [28] com.example.mqconsumer.ConsumerWorker - Received  destination=<none>  replyTo=<none>  body=[destination=queue:///APPQ?targetClient=1&persistence=2 threadId=25 msg=91]
2026-09-29 21:01:22,591 INFO  [27] com.example.mqconsumer.ConsumerWorker - Received  destination=<none>  replyTo=<none>  body=[destination=queue:///APPQ?targetClient=1&persistence=2 threadId=24 msg=91]
2026-09-29 21:01:22,760 INFO  [24] com.example.mqconsumer.ConsumerWorker - Received  destination=<none>  replyTo=<none>  body=[destination=queue:///APPQ?targetClient=1&persistence=2 threadId=22 msg=91]
2026-09-29 21:01:23,470 INFO  [27] com.example.mqconsumer.ConsumerWorker - Received  destination=<none>  replyTo=<none>  body=[destination=queue:///APPQ?targetClient=1&persistence=2 threadId=23 msg=92]
2026-09-29 21:01:23,474 INFO  [24] com.example.mqconsumer.ConsumerWorker - Received  destination=<none>  replyTo=<none>  body=[destination=queue:///APPQ?targetClient=1&persistence=2 threadId=25 msg=92]
2026-09-29 21:01:23,609 INFO  [29] com.example.mqconsumer.ConsumerWorker - Received  destination=<none>  replyTo=<none>  body=[destination=queue:///APPQ?targetClient=1&persistence=2 threadId=24 msg=92]
2026-09-29 21:01:23,776 INFO  [23] com.example.mqconsumer.ConsumerWorker - Received  destination=<none>  replyTo=<none>  body=[destination=queue:///APPQ?targetClient=1&persistence=2 threadId=22 msg=92]
2026-09-29 21:01:24,479 INFO  [29] com.example.mqconsumer.ConsumerWorker - Received  destination=<none>  replyTo=<none>  body=[destination=queue:///APPQ?targetClient=1&persistence=2 threadId=25 msg=93]
2026-09-29 21:01:24,482 INFO  [23] com.example.mqconsumer.ConsumerWorker - Received  destination=<none>  replyTo=<none>  body=[destination=queue:///APPQ?targetClient=1&persistence=2 threadId=23 msg=93]
2026-09-29 21:01:24,623 INFO  [25] com.example.mqconsumer.ConsumerWorker - Received  destination=<none>  replyTo=<none>  body=[destination=queue:///APPQ?targetClient=1&persistence=2 threadId=24 msg=93]
2026-09-29 21:01:24,780 INFO  [26] com.example.mqconsumer.ConsumerWorker - Received  destination=<none>  replyTo=<none>  body=[destination=queue:///APPQ?targetClient=1&persistence=2 threadId=22 msg=93]
2026-09-29 21:01:25,483 INFO  [28] com.example.mqconsumer.ConsumerWorker - Received  destination=<none>  replyTo=<none>  body=[destination=queue:///APPQ?targetClient=1&persistence=2 threadId=23 msg=94]
2026-09-29 21:01:25,497 INFO  [25] com.example.mqconsumer.ConsumerWorker - Received  destination=<none>  replyTo=<none>  body=[destination=queue:///APPQ?targetClient=1&persistence=2 threadId=25 msg=94]
2026-09-29 21:01:25,636 INFO  [27] com.example.mqconsumer.ConsumerWorker - Received  destination=<none>  replyTo=<none>  body=[destination=queue:///APPQ?targetClient=1&persistence=2 threadId=24 msg=94]
2026-09-29 21:01:25,795 INFO  [24] com.example.mqconsumer.ConsumerWorker - Received  destination=<none>  replyTo=<none>  body=[destination=queue:///APPQ?targetClient=1&persistence=2 threadId=22 msg=94]
2026-09-29 21:01:26,495 INFO  [27] com.example.mqconsumer.ConsumerWorker - Received  destination=<none>  replyTo=<none>  body=[destination=queue:///APPQ?targetClient=1&persistence=2 threadId=23 msg=95]
2026-09-29 21:01:26,513 INFO  [24] com.example.mqconsumer.ConsumerWorker - Received  destination=<none>  replyTo=<none>  body=[destination=queue:///APPQ?targetClient=1&persistence=2 threadId=25 msg=95]
2026-09-29 21:01:26,637 INFO  [26] com.example.mqconsumer.ConsumerWorker - Received  destination=<none>  replyTo=<none>  body=[destination=queue:///APPQ?targetClient=1&persistence=2 threadId=24 msg=95]
2026-09-29 21:01:26,808 INFO  [29] com.example.mqconsumer.ConsumerWorker - Received  destination=<none>  replyTo=<none>  body=[destination=queue:///APPQ?targetClient=1&persistence=2 threadId=22 msg=95]
2026-09-29 21:01:27,497 INFO  [23] com.example.mqconsumer.ConsumerWorker - Received  destination=<none>  replyTo=<none>  body=[destination=queue:///APPQ?targetClient=1&persistence=2 threadId=23 msg=96]
2026-09-29 21:01:27,820 INFO  [28] com.example.mqconsumer.ConsumerWorker - Received  destination=<none>  replyTo=<none>  body=[destination=queue:///APPQ?targetClient=1&persistence=2 threadId=22 msg=96]
2026-09-29 21:01:28,653 INFO  [25] com.example.mqconsumer.ConsumerWorker - Received  destination=<none>  replyTo=<none>  body=[destination=queue:///APPQ?targetClient=1&persistence=2 threadId=24 msg=97]
2026-09-29 21:01:28,668 INFO  [29] com.example.mqconsumer.ConsumerWorker - Received  destination=<none>  replyTo=<none>  body=[destination=queue:///APPQ?targetClient=1&persistence=2 threadId=25 msg=97]
2026-09-29 21:01:28,844 INFO  [23] com.example.mqconsumer.ConsumerWorker - Received  destination=<none>  replyTo=<none>  body=[destination=queue:///APPQ?targetClient=1&persistence=2 threadId=22 msg=97]
2026-09-29 21:01:29,532 INFO  [26] com.example.mqconsumer.ConsumerWorker - Received  destination=<none>  replyTo=<none>  body=[destination=queue:///APPQ?targetClient=1&persistence=2 threadId=23 msg=98]
2026-09-29 21:01:29,672 INFO  [27] com.example.mqconsumer.ConsumerWorker - Received  destination=<none>  replyTo=<none>  body=[destination=queue:///APPQ?targetClient=1&persistence=2 threadId=24 msg=98]
2026-09-29 21:01:29,686 INFO  [28] com.example.mqconsumer.ConsumerWorker - Received  destination=<none>  replyTo=<none>  body=[destination=queue:///APPQ?targetClient=1&persistence=2 threadId=25 msg=98]
2026-09-29 21:01:29,858 INFO  [24] com.example.mqconsumer.ConsumerWorker - Received  destination=<none>  replyTo=<none>  body=[destination=queue:///APPQ?targetClient=1&persistence=2 threadId=22 msg=98]
2026-09-29 21:01:30,543 SEVERE [22] com.example.mqconsumer.ConsumerWorker - JMSException JMSCMQ0002: The method 'MQCMIT' failed.
2026-09-29 21:01:30,546 INFO  [27] com.example.mqconsumer.ConsumerWorker - Received  destination=<none>  replyTo=<none>  body=[destination=queue:///APPQ?targetClient=1&persistence=2 threadId=23 msg=99]
2026-09-29 21:01:30,680 INFO  [29] com.example.mqconsumer.ConsumerWorker - Received  destination=<none>  replyTo=<none>  body=[destination=queue:///APPQ?targetClient=1&persistence=2 threadId=24 msg=99]
2026-09-29 21:01:30,694 INFO  [23] com.example.mqconsumer.ConsumerWorker - Received  destination=<none>  replyTo=<none>  body=[destination=queue:///APPQ?targetClient=1&persistence=2 threadId=25 msg=99]
2026-09-29 21:01:31,559 INFO  [29] com.example.mqconsumer.ConsumerWorker - Received  destination=<none>  replyTo=<none>  body=[destination=queue:///APPQ?targetClient=1&persistence=2 threadId=23 msg=100]
2026-09-29 21:01:31,703 INFO  [25] com.example.mqconsumer.ConsumerWorker - Received  destination=<none>  replyTo=<none>  body=[destination=queue:///APPQ?targetClient=1&persistence=2 threadId=25 msg=100]
2026-09-29 21:01:31,884 INFO  [28] com.example.mqconsumer.ConsumerWorker - Received  destination=<none>  replyTo=<none>  body=[destination=queue:///APPQ?targetClient=1&persistence=2 threadId=22 msg=100]
2026-09-29 21:01:32,692 INFO  [24] com.example.mqconsumer.ConsumerWorker - Received  destination=<none>  replyTo=<none>  body=[destination=queue:///APPQ?targetClient=1&persistence=2 threadId=24 msg=101]
2026-09-29 21:01:32,707 INFO  [22] com.example.mqconsumer.ConsumerWorker - Received  destination=<none>  replyTo=<none>  body=[destination=queue:///APPQ?targetClient=1&persistence=2 threadId=25 msg=101]
2026-09-29 21:01:32,888 SEVERE [26] com.example.mqconsumer.ConsumerWorker - JMSException JMSCMQ0002: The method 'MQCMIT' failed.
2026-09-29 21:01:32,892 INFO  [26] com.example.mqconsumer.ConsumerWorker - Received  destination=<none>  replyTo=<none>  body=[destination=queue:///APPQ?targetClient=1&persistence=2 threadId=24 msg=96]
2026-09-29 21:01:32,893 INFO  [26] com.example.mqconsumer.ConsumerWorker - Received  destination=<none>  replyTo=<none>  body=[destination=queue:///APPQ?targetClient=1&persistence=2 threadId=25 msg=96]
2026-09-29 21:01:32,894 INFO  [26] com.example.mqconsumer.ConsumerWorker - Received  destination=<none>  replyTo=<none>  body=[destination=queue:///APPQ?targetClient=1&persistence=2 threadId=23 msg=97]
2026-09-29 21:01:32,899 INFO  [26] com.example.mqconsumer.ConsumerWorker - Received  destination=<none>  replyTo=<none>  body=[destination=queue:///APPQ?targetClient=1&persistence=2 threadId=22 msg=99]
2026-09-29 21:01:32,900 INFO  [26] com.example.mqconsumer.ConsumerWorker - Received  destination=<none>  replyTo=<none>  body=[destination=queue:///APPQ?targetClient=1&persistence=2 threadId=24 msg=100]
2026-09-29 21:01:32,900 INFO  [26] com.example.mqconsumer.ConsumerWorker - Received  destination=<none>  replyTo=<none>  body=[destination=queue:///APPQ?targetClient=1&persistence=2 threadId=23 msg=101]
2026-09-29 21:01:32,901 INFO  [23] com.example.mqconsumer.ConsumerWorker - Received  destination=<none>  replyTo=<none>  body=[destination=queue:///APPQ?targetClient=1&persistence=2 threadId=22 msg=101]
2026-09-29 21:01:33,574 INFO  [27] com.example.mqconsumer.ConsumerWorker - Received  destination=<none>  replyTo=<none>  body=[destination=queue:///APPQ?targetClient=1&persistence=2 threadId=23 msg=102]
2026-09-29 21:01:33,705 INFO  [29] com.example.mqconsumer.ConsumerWorker - Received  destination=<none>  replyTo=<none>  body=[destination=queue:///APPQ?targetClient=1&persistence=2 threadId=24 msg=102]
2026-09-29 21:01:33,713 INFO  [26] com.example.mqconsumer.ConsumerWorker - Received  destination=<none>  replyTo=<none>  body=[destination=queue:///APPQ?targetClient=1&persistence=2 threadId=25 msg=102]
2026-09-29 21:01:33,908 INFO  [24] com.example.mqconsumer.ConsumerWorker - Received  destination=<none>  replyTo=<none>  body=[destination=queue:///APPQ?targetClient=1&persistence=2 threadId=22 msg=102]
2026-09-29 21:01:34,591 INFO  [23] com.example.mqconsumer.ConsumerWorker - Received  destination=<none>  replyTo=<none>  body=[destination=queue:///APPQ?targetClient=1&persistence=2 threadId=23 msg=103]
2026-09-29 21:01:34,713 INFO  [29] com.example.mqconsumer.ConsumerWorker - Received  destination=<none>  replyTo=<none>  body=[destination=queue:///APPQ?targetClient=1&persistence=2 threadId=25 msg=103]
2026-09-29 21:01:34,715 INFO  [25] com.example.mqconsumer.ConsumerWorker - Received  destination=<none>  replyTo=<none>  body=[destination=queue:///APPQ?targetClient=1&persistence=2 threadId=24 msg=103]
2026-09-29 21:01:34,915 INFO  [26] com.example.mqconsumer.ConsumerWorker - Received  destination=<none>  replyTo=<none>  body=[destination=queue:///APPQ?targetClient=1&persistence=2 threadId=22 msg=103]
2026-09-29 21:01:35,602 INFO  [28] com.example.mqconsumer.ConsumerWorker - Received  destination=<none>  replyTo=<none>  body=[destination=queue:///APPQ?targetClient=1&persistence=2 threadId=23 msg=104]
2026-09-29 21:01:35,729 INFO  [26] com.example.mqconsumer.ConsumerWorker - Received  destination=<none>  replyTo=<none>  body=[destination=queue:///APPQ?targetClient=1&persistence=2 threadId=24 msg=104]
2026-09-29 21:01:35,730 INFO  [25] com.example.mqconsumer.ConsumerWorker - Received  destination=<none>  replyTo=<none>  body=[destination=queue:///APPQ?targetClient=1&persistence=2 threadId=25 msg=104]
2026-09-29 21:01:35,932 INFO  [28] com.example.mqconsumer.ConsumerWorker - Received  destination=<none>  replyTo=<none>  body=[destination=queue:///APPQ?targetClient=1&persistence=2 threadId=22 msg=104]
2026-09-29 21:01:36,609 INFO  [26] com.example.mqconsumer.ConsumerWorker - Received  destination=<none>  replyTo=<none>  body=[destination=queue:///APPQ?targetClient=1&persistence=2 threadId=23 msg=105]
2026-09-29 21:01:36,750 INFO  [22] com.example.mqconsumer.ConsumerWorker - Received  destination=<none>  replyTo=<none>  body=[destination=queue:///APPQ?targetClient=1&persistence=2 threadId=25 msg=105]
2026-09-29 21:01:36,752 INFO  [27] com.example.mqconsumer.ConsumerWorker - Received  destination=<none>  replyTo=<none>  body=[destination=queue:///APPQ?targetClient=1&persistence=2 threadId=24 msg=105]
2026-09-29 21:01:36,950 INFO  [23] com.example.mqconsumer.ConsumerWorker - Received  destination=<none>  replyTo=<none>  body=[destination=queue:///APPQ?targetClient=1&persistence=2 threadId=22 msg=105]
2026-09-29 21:01:37,619 INFO  [24] com.example.mqconsumer.ConsumerWorker - Received  destination=<none>  replyTo=<none>  body=[destination=queue:///APPQ?targetClient=1&persistence=2 threadId=23 msg=106]
2026-09-29 21:01:37,761 INFO  [26] com.example.mqconsumer.ConsumerWorker - Received  destination=<none>  replyTo=<none>  body=[destination=queue:///APPQ?targetClient=1&persistence=2 threadId=25 msg=106]
2026-09-29 21:01:37,762 INFO  [29] com.example.mqconsumer.ConsumerWorker - Received  destination=<none>  replyTo=<none>  body=[destination=queue:///APPQ?targetClient=1&persistence=2 threadId=24 msg=106]
2026-09-29 21:01:37,950 INFO  [25] com.example.mqconsumer.ConsumerWorker - Received  destination=<none>  replyTo=<none>  body=[destination=queue:///APPQ?targetClient=1&persistence=2 threadId=22 msg=106]
2026-09-29 21:01:38,641 INFO  [23] com.example.mqconsumer.ConsumerWorker - Received  destination=<none>  replyTo=<none>  body=[destination=queue:///APPQ?targetClient=1&persistence=2 threadId=23 msg=107]
2026-09-29 21:01:38,760 INFO  [29] com.example.mqconsumer.ConsumerWorker - Received  destination=<none>  replyTo=<none>  body=[destination=queue:///APPQ?targetClient=1&persistence=2 threadId=25 msg=107]
2026-09-29 21:01:38,786 INFO  [22] com.example.mqconsumer.ConsumerWorker - Received  destination=<none>  replyTo=<none>  body=[destination=queue:///APPQ?targetClient=1&persistence=2 threadId=24 msg=107]
2026-09-29 21:01:38,965 INFO  [23] com.example.mqconsumer.ConsumerWorker - Received  destination=<none>  replyTo=<none>  body=[destination=queue:///APPQ?targetClient=1&persistence=2 threadId=22 msg=107]
2026-09-29 21:01:39,656 INFO  [28] com.example.mqconsumer.ConsumerWorker - Received  destination=<none>  replyTo=<none>  body=[destination=queue:///APPQ?targetClient=1&persistence=2 threadId=23 msg=108]
2026-09-29 21:01:39,777 INFO  [25] com.example.mqconsumer.ConsumerWorker - Received  destination=<none>  replyTo=<none>  body=[destination=queue:///APPQ?targetClient=1&persistence=2 threadId=25 msg=108]
2026-09-29 21:01:39,792 INFO  [28] com.example.mqconsumer.ConsumerWorker - Received  destination=<none>  replyTo=<none>  body=[destination=queue:///APPQ?targetClient=1&persistence=2 threadId=24 msg=108]
2026-09-29 21:01:39,971 INFO  [24] com.example.mqconsumer.ConsumerWorker - Received  destination=<none>  replyTo=<none>  body=[destination=queue:///APPQ?targetClient=1&persistence=2 threadId=22 msg=108]
2026-09-29 21:01:40,672 INFO  [26] com.example.mqconsumer.ConsumerWorker - Received  destination=<none>  replyTo=<none>  body=[destination=queue:///APPQ?targetClient=1&persistence=2 threadId=23 msg=109]
2026-09-29 21:01:40,783 INFO  [22] com.example.mqconsumer.ConsumerWorker - Received  destination=<none>  replyTo=<none>  body=[destination=queue:///APPQ?targetClient=1&persistence=2 threadId=25 msg=109]
2026-09-29 21:01:40,799 INFO  [26] com.example.mqconsumer.ConsumerWorker - Received  destination=<none>  replyTo=<none>  body=[destination=queue:///APPQ?targetClient=1&persistence=2 threadId=24 msg=109]
2026-09-29 21:01:40,983 INFO  [26] com.example.mqconsumer.ConsumerWorker - Received  destination=<none>  replyTo=<none>  body=[destination=queue:///APPQ?targetClient=1&persistence=2 threadId=22 msg=109]
2026-09-29 21:01:41,680 INFO  [24] com.example.mqconsumer.ConsumerWorker - Received  destination=<none>  replyTo=<none>  body=[destination=queue:///APPQ?targetClient=1&persistence=2 threadId=23 msg=110]
2026-09-29 21:01:41,810 INFO  [22] com.example.mqconsumer.ConsumerWorker - Received  destination=<none>  replyTo=<none>  body=[destination=queue:///APPQ?targetClient=1&persistence=2 threadId=24 msg=110]
2026-09-29 21:01:41,953 INFO  [29] com.example.mqconsumer.ConsumerWorker - Received  destination=<none>  replyTo=<none>  body=[destination=queue:///APPQ?targetClient=1&persistence=2 threadId=25 msg=110]
2026-09-29 21:01:41,992 INFO  [25] com.example.mqconsumer.ConsumerWorker - Received  destination=<none>  replyTo=<none>  body=[destination=queue:///APPQ?targetClient=1&persistence=2 threadId=22 msg=110]
2026-09-29 21:01:42,703 INFO  [23] com.example.mqconsumer.ConsumerWorker - Received  destination=<none>  replyTo=<none>  body=[destination=queue:///APPQ?targetClient=1&persistence=2 threadId=23 msg=111]
2026-09-29 21:01:42,817 INFO  [25] com.example.mqconsumer.ConsumerWorker - Received  destination=<none>  replyTo=<none>  body=[destination=queue:///APPQ?targetClient=1&persistence=2 threadId=25 msg=111]
2026-09-29 21:01:42,817 INFO  [28] com.example.mqconsumer.ConsumerWorker - Received  destination=<none>  replyTo=<none>  body=[destination=queue:///APPQ?targetClient=1&persistence=2 threadId=24 msg=111]
2026-09-29 21:01:42,999 SEVERE [27] com.example.mqconsumer.ConsumerWorker - JMSException JMSCMQ0002: The method 'MQCMIT' failed.
2026-09-29 21:01:43,003 INFO  [23] com.example.mqconsumer.ConsumerWorker - Received  destination=<none>  replyTo=<none>  body=[destination=queue:///APPQ?targetClient=1&persistence=2 threadId=22 msg=111]
2026-09-29 21:01:43,714 INFO  [24] com.example.mqconsumer.ConsumerWorker - Received  destination=<none>  replyTo=<none>  body=[destination=queue:///APPQ?targetClient=1&persistence=2 threadId=23 msg=112]
2026-09-29 21:01:43,831 INFO  [26] com.example.mqconsumer.ConsumerWorker - Received  destination=<none>  replyTo=<none>  body=[destination=queue:///APPQ?targetClient=1&persistence=2 threadId=24 msg=112]
2026-09-29 21:01:43,831 INFO  [22] com.example.mqconsumer.ConsumerWorker - Received  destination=<none>  replyTo=<none>  body=[destination=queue:///APPQ?targetClient=1&persistence=2 threadId=25 msg=112]
2026-09-29 21:01:44,016 INFO  [24] com.example.mqconsumer.ConsumerWorker - Received  destination=<none>  replyTo=<none>  body=[destination=queue:///APPQ?targetClient=1&persistence=2 threadId=22 msg=112]
2026-09-29 21:01:44,730 INFO  [27] com.example.mqconsumer.ConsumerWorker - Received  destination=<none>  replyTo=<none>  body=[destination=queue:///APPQ?targetClient=1&persistence=2 threadId=23 msg=113]
2026-09-29 21:01:44,842 INFO  [23] com.example.mqconsumer.ConsumerWorker - Received  destination=<none>  replyTo=<none>  body=[destination=queue:///APPQ?targetClient=1&persistence=2 threadId=24 msg=113]
2026-09-29 21:01:44,842 INFO  [26] com.example.mqconsumer.ConsumerWorker - Received  destination=<none>  replyTo=<none>  body=[destination=queue:///APPQ?targetClient=1&persistence=2 threadId=25 msg=113]
2026-09-29 21:01:45,030 INFO  [26] com.example.mqconsumer.ConsumerWorker - Received  destination=<none>  replyTo=<none>  body=[destination=queue:///APPQ?targetClient=1&persistence=2 threadId=22 msg=113]
2026-09-29 21:01:45,751 INFO  [28] com.example.mqconsumer.ConsumerWorker - Received  destination=<none>  replyTo=<none>  body=[destination=queue:///APPQ?targetClient=1&persistence=2 threadId=23 msg=114]
2026-09-29 21:01:45,859 INFO  [29] com.example.mqconsumer.ConsumerWorker - Received  destination=<none>  replyTo=<none>  body=[destination=queue:///APPQ?targetClient=1&persistence=2 threadId=25 msg=114]
2026-09-29 21:01:45,861 INFO  [22] com.example.mqconsumer.ConsumerWorker - Received  destination=<none>  replyTo=<none>  body=[destination=queue:///APPQ?targetClient=1&persistence=2 threadId=24 msg=114]
2026-09-29 21:01:46,043 INFO  [25] com.example.mqconsumer.ConsumerWorker - Received  destination=<none>  replyTo=<none>  body=[destination=queue:///APPQ?targetClient=1&persistence=2 threadId=22 msg=114]
2026-09-29 21:01:46,767 INFO  [26] com.example.mqconsumer.ConsumerWorker - Received  destination=<none>  replyTo=<none>  body=[destination=queue:///APPQ?targetClient=1&persistence=2 threadId=23 msg=115]
2026-09-29 21:01:46,874 INFO  [28] com.example.mqconsumer.ConsumerWorker - Received  destination=<none>  replyTo=<none>  body=[destination=queue:///APPQ?targetClient=1&persistence=2 threadId=25 msg=115]
2026-09-29 21:01:46,874 INFO  [25] com.example.mqconsumer.ConsumerWorker - Received  destination=<none>  replyTo=<none>  body=[destination=queue:///APPQ?targetClient=1&persistence=2 threadId=24 msg=115]
2026-09-29 21:01:47,061 INFO  [27] com.example.mqconsumer.ConsumerWorker - Received  destination=<none>  replyTo=<none>  body=[destination=queue:///APPQ?targetClient=1&persistence=2 threadId=22 msg=115]
2026-09-29 21:01:47,777 INFO  [24] com.example.mqconsumer.ConsumerWorker - Received  destination=<none>  replyTo=<none>  body=[destination=queue:///APPQ?targetClient=1&persistence=2 threadId=23 msg=116]
2026-09-29 21:01:47,890 INFO  [23] com.example.mqconsumer.ConsumerWorker - Received  destination=<none>  replyTo=<none>  body=[destination=queue:///APPQ?targetClient=1&persistence=2 threadId=24 msg=116]
2026-09-29 21:01:47,890 INFO  [22] com.example.mqconsumer.ConsumerWorker - Received  destination=<none>  replyTo=<none>  body=[destination=queue:///APPQ?targetClient=1&persistence=2 threadId=25 msg=116]
2026-09-29 21:01:48,073 INFO  [28] com.example.mqconsumer.ConsumerWorker - Received  destination=<none>  replyTo=<none>  body=[destination=queue:///APPQ?targetClient=1&persistence=2 threadId=22 msg=116]
2026-09-29 21:01:48,901 INFO  [26] com.example.mqconsumer.ConsumerWorker - Received  destination=<none>  replyTo=<none>  body=[destination=queue:///APPQ?targetClient=1&persistence=2 threadId=25 msg=117]
2026-09-29 21:01:48,902 INFO  [24] com.example.mqconsumer.ConsumerWorker - Received  destination=<none>  replyTo=<none>  body=[destination=queue:///APPQ?targetClient=1&persistence=2 threadId=24 msg=117]
2026-09-29 21:01:49,005 INFO  [29] com.example.mqconsumer.ConsumerWorker - Received  destination=<none>  replyTo=<none>  body=[destination=queue:///APPQ?targetClient=1&persistence=2 threadId=23 msg=117]
2026-09-29 21:01:49,088 INFO  [27] com.example.mqconsumer.ConsumerWorker - Received  destination=<none>  replyTo=<none>  body=[destination=queue:///APPQ?targetClient=1&persistence=2 threadId=22 msg=117]
2026-09-29 21:01:49,811 INFO  [25] com.example.mqconsumer.ConsumerWorker - Received  destination=<none>  replyTo=<none>  body=[destination=queue:///APPQ?targetClient=1&persistence=2 threadId=23 msg=118]
2026-09-29 21:01:49,904 INFO  [23] com.example.mqconsumer.ConsumerWorker - Received  destination=<none>  replyTo=<none>  body=[destination=queue:///APPQ?targetClient=1&persistence=2 threadId=25 msg=118]
2026-09-29 21:01:49,907 INFO  [28] com.example.mqconsumer.ConsumerWorker - Received  destination=<none>  replyTo=<none>  body=[destination=queue:///APPQ?targetClient=1&persistence=2 threadId=24 msg=118]
2026-09-29 21:01:50,095 INFO  [22] com.example.mqconsumer.ConsumerWorker - Received  destination=<none>  replyTo=<none>  body=[destination=queue:///APPQ?targetClient=1&persistence=2 threadId=22 msg=118]
2026-09-29 21:01:50,826 INFO  [26] com.example.mqconsumer.ConsumerWorker - Received  destination=<none>  replyTo=<none>  body=[destination=queue:///APPQ?targetClient=1&persistence=2 threadId=23 msg=119]
2026-09-29 21:01:50,915 INFO  [27] com.example.mqconsumer.ConsumerWorker - Received  destination=<none>  replyTo=<none>  body=[destination=queue:///APPQ?targetClient=1&persistence=2 threadId=25 msg=119]
2026-09-29 21:01:50,916 INFO  [29] com.example.mqconsumer.ConsumerWorker - Received  destination=<none>  replyTo=<none>  body=[destination=queue:///APPQ?targetClient=1&persistence=2 threadId=24 msg=119]
2026-09-29 21:01:51,109 INFO  [26] com.example.mqconsumer.ConsumerWorker - Received  destination=<none>  replyTo=<none>  body=[destination=queue:///APPQ?targetClient=1&persistence=2 threadId=22 msg=119]
2026-09-29 21:01:51,836 INFO  [24] com.example.mqconsumer.ConsumerWorker - Received  destination=<none>  replyTo=<none>  body=[destination=queue:///APPQ?targetClient=1&persistence=2 threadId=23 msg=120]
2026-09-29 21:01:51,931 INFO  [22] com.example.mqconsumer.ConsumerWorker - Received  destination=<none>  replyTo=<none>  body=[destination=queue:///APPQ?targetClient=1&persistence=2 threadId=24 msg=120]
2026-09-29 21:01:51,931 INFO  [25] com.example.mqconsumer.ConsumerWorker - Received  destination=<none>  replyTo=<none>  body=[destination=queue:///APPQ?targetClient=1&persistence=2 threadId=25 msg=120]
2026-09-29 21:01:52,118 INFO  [28] com.example.mqconsumer.ConsumerWorker - Received  destination=<none>  replyTo=<none>  body=[destination=queue:///APPQ?targetClient=1&persistence=2 threadId=22 msg=120]
2026-09-29 21:01:52,843 INFO  [27] com.example.mqconsumer.ConsumerWorker - Received  destination=<none>  replyTo=<none>  body=[destination=queue:///APPQ?targetClient=1&persistence=2 threadId=23 msg=121]
2026-09-29 21:01:52,932 INFO  [24] com.example.mqconsumer.ConsumerWorker - Received  destination=<none>  replyTo=<none>  body=[destination=queue:///APPQ?targetClient=1&persistence=2 threadId=25 msg=121]
2026-09-29 21:01:52,932 INFO  [25] com.example.mqconsumer.ConsumerWorker - Received  destination=<none>  replyTo=<none>  body=[destination=queue:///APPQ?targetClient=1&persistence=2 threadId=24 msg=121]
2026-09-29 21:01:53,139 INFO  [27] com.example.mqconsumer.ConsumerWorker - Received  destination=<none>  replyTo=<none>  body=[destination=queue:///APPQ?targetClient=1&persistence=2 threadId=22 msg=121]
2026-09-29 21:01:53,853 INFO  [22] com.example.mqconsumer.ConsumerWorker - Received  destination=<none>  replyTo=<none>  body=[destination=queue:///APPQ?targetClient=1&persistence=2 threadId=23 msg=122]
2026-09-29 21:01:53,933 INFO  [29] com.example.mqconsumer.ConsumerWorker - Received  destination=<none>  replyTo=<none>  body=[destination=queue:///APPQ?targetClient=1&persistence=2 threadId=25 msg=122]
2026-09-29 21:01:53,935 INFO  [26] com.example.mqconsumer.ConsumerWorker - Received  destination=<none>  replyTo=<none>  body=[destination=queue:///APPQ?targetClient=1&persistence=2 threadId=24 msg=122]
2026-09-29 21:01:54,155 INFO  [24] com.example.mqconsumer.ConsumerWorker - Received  destination=<none>  replyTo=<none>  body=[destination=queue:///APPQ?targetClient=1&persistence=2 threadId=22 msg=122]
2026-09-29 21:01:54,869 INFO  [27] com.example.mqconsumer.ConsumerWorker - Received  destination=<none>  replyTo=<none>  body=[destination=queue:///APPQ?targetClient=1&persistence=2 threadId=23 msg=123]
2026-09-29 21:01:54,946 INFO  [27] com.example.mqconsumer.ConsumerWorker - Received  destination=<none>  replyTo=<none>  body=[destination=queue:///APPQ?targetClient=1&persistence=2 threadId=25 msg=123]
2026-09-29 21:01:54,948 INFO  [27] com.example.mqconsumer.ConsumerWorker - Received  destination=<none>  replyTo=<none>  body=[destination=queue:///APPQ?targetClient=1&persistence=2 threadId=24 msg=123]
2026-09-29 21:01:55,167 SEVERE [23] com.example.mqconsumer.ConsumerWorker - JMSException JMSCMQ0002: The method 'MQCMIT' failed.
2026-09-29 21:01:55,170 INFO  [29] com.example.mqconsumer.ConsumerWorker - Received  destination=<none>  replyTo=<none>  body=[destination=queue:///APPQ?targetClient=1&persistence=2 threadId=22 msg=123]
2026-09-29 21:01:55,873 INFO  [28] com.example.mqconsumer.ConsumerWorker - Received  destination=<none>  replyTo=<none>  body=[destination=queue:///APPQ?targetClient=1&persistence=2 threadId=23 msg=124]
2026-09-29 21:01:55,953 INFO  [22] com.example.mqconsumer.ConsumerWorker - Received  destination=<none>  replyTo=<none>  body=[destination=queue:///APPQ?targetClient=1&persistence=2 threadId=24 msg=124]
2026-09-29 21:01:55,953 INFO  [25] com.example.mqconsumer.ConsumerWorker - Received  destination=<none>  replyTo=<none>  body=[destination=queue:///APPQ?targetClient=1&persistence=2 threadId=25 msg=124]
2026-09-29 21:01:56,171 INFO  [28] com.example.mqconsumer.ConsumerWorker - Received  destination=<none>  replyTo=<none>  body=[destination=queue:///APPQ?targetClient=1&persistence=2 threadId=22 msg=124]
2026-09-29 21:01:56,887 INFO  [26] com.example.mqconsumer.ConsumerWorker - Received  destination=<none>  replyTo=<none>  body=[destination=queue:///APPQ?targetClient=1&persistence=2 threadId=23 msg=125]
2026-09-29 21:01:56,964 INFO  [25] com.example.mqconsumer.ConsumerWorker - Received  destination=<none>  replyTo=<none>  body=[destination=queue:///APPQ?targetClient=1&persistence=2 threadId=24 msg=125]
2026-09-29 21:01:56,964 INFO  [24] com.example.mqconsumer.ConsumerWorker - Received  destination=<none>  replyTo=<none>  body=[destination=queue:///APPQ?targetClient=1&persistence=2 threadId=25 msg=125]
2026-09-29 21:01:57,186 INFO  [27] com.example.mqconsumer.ConsumerWorker - Received  destination=<none>  replyTo=<none>  body=[destination=queue:///APPQ?targetClient=1&persistence=2 threadId=22 msg=125]
2026-09-29 21:01:57,890 INFO  [22] com.example.mqconsumer.ConsumerWorker - Received  destination=<none>  replyTo=<none>  body=[destination=queue:///APPQ?targetClient=1&persistence=2 threadId=23 msg=126]
2026-09-29 21:01:57,969 INFO  [27] com.example.mqconsumer.ConsumerWorker - Received  destination=<none>  replyTo=<none>  body=[destination=queue:///APPQ?targetClient=1&persistence=2 threadId=24 msg=126]
2026-09-29 21:01:57,983 INFO  [23] com.example.mqconsumer.ConsumerWorker - Received  destination=<none>  replyTo=<none>  body=[destination=queue:///APPQ?targetClient=1&persistence=2 threadId=25 msg=126]
2026-09-29 21:01:58,201 INFO  [28] com.example.mqconsumer.ConsumerWorker - Received  destination=<none>  replyTo=<none>  body=[destination=queue:///APPQ?targetClient=1&persistence=2 threadId=22 msg=126]
2026-09-29 21:01:58,910 INFO  [27] com.example.mqconsumer.ConsumerWorker - Received  destination=<none>  replyTo=<none>  body=[destination=queue:///APPQ?targetClient=1&persistence=2 threadId=23 msg=127]
2026-09-29 21:01:58,995 INFO  [27] com.example.mqconsumer.ConsumerWorker - Received  destination=<none>  replyTo=<none>  body=[destination=queue:///APPQ?targetClient=1&persistence=2 threadId=25 msg=127]
2026-09-29 21:01:59,212 INFO  [22] com.example.mqconsumer.ConsumerWorker - Received  destination=<none>  replyTo=<none>  body=[destination=queue:///APPQ?targetClient=1&persistence=2 threadId=24 msg=127]
2026-09-29 21:01:59,216 INFO  [27] com.example.mqconsumer.ConsumerWorker - Received  destination=<none>  replyTo=<none>  body=[destination=queue:///APPQ?targetClient=1&persistence=2 threadId=22 msg=127]
2026-09-29 21:01:59,919 INFO  [25] com.example.mqconsumer.ConsumerWorker - Received  destination=<none>  replyTo=<none>  body=[destination=queue:///APPQ?targetClient=1&persistence=2 threadId=23 msg=128]
2026-09-29 21:02:00,000 INFO  [28] com.example.mqconsumer.ConsumerWorker - Received  destination=<none>  replyTo=<none>  body=[destination=queue:///APPQ?targetClient=1&persistence=2 threadId=24 msg=128]
2026-09-29 21:02:00,020 INFO  [25] com.example.mqconsumer.ConsumerWorker - Received  destination=<none>  replyTo=<none>  body=[destination=queue:///APPQ?targetClient=1&persistence=2 threadId=25 msg=128]
2026-09-29 21:02:00,234 INFO  [22] com.example.mqconsumer.ConsumerWorker - Received  destination=<none>  replyTo=<none>  body=[destination=queue:///APPQ?targetClient=1&persistence=2 threadId=22 msg=128]
2026-09-29 21:02:00,393 SEVERE [24] com.example.mqconsumer.ConsumerWorker - JMSException JMSCMQ0002: The method 'MQCMIT' failed.
2026-09-29 21:02:00,932 INFO  [29] com.example.mqconsumer.ConsumerWorker - Received  destination=<none>  replyTo=<none>  body=[destination=queue:///APPQ?targetClient=1&persistence=2 threadId=23 msg=129]
2026-09-29 21:02:01,017 INFO  [26] com.example.mqconsumer.ConsumerWorker - Received  destination=<none>  replyTo=<none>  body=[destination=queue:///APPQ?targetClient=1&persistence=2 threadId=24 msg=129]
2026-09-29 21:02:01,029 INFO  [27] com.example.mqconsumer.ConsumerWorker - Received  destination=<none>  replyTo=<none>  body=[destination=queue:///APPQ?targetClient=1&persistence=2 threadId=25 msg=129]
2026-09-29 21:02:01,250 INFO  [23] com.example.mqconsumer.ConsumerWorker - Received  destination=<none>  replyTo=<none>  body=[destination=queue:///APPQ?targetClient=1&persistence=2 threadId=22 msg=129]
2026-09-29 21:02:01,946 INFO  [22] com.example.mqconsumer.ConsumerWorker - Received  destination=<none>  replyTo=<none>  body=[destination=queue:///APPQ?targetClient=1&persistence=2 threadId=23 msg=130]
2026-09-29 21:02:02,030 INFO  [24] com.example.mqconsumer.ConsumerWorker - Received  destination=<none>  replyTo=<none>  body=[destination=queue:///APPQ?targetClient=1&persistence=2 threadId=24 msg=130]
2026-09-29 21:02:02,053 INFO  [28] com.example.mqconsumer.ConsumerWorker - Received  destination=<none>  replyTo=<none>  body=[destination=queue:///APPQ?targetClient=1&persistence=2 threadId=25 msg=130]
2026-09-29 21:02:02,248 INFO  [25] com.example.mqconsumer.ConsumerWorker - Received  destination=<none>  replyTo=<none>  body=[destination=queue:///APPQ?targetClient=1&persistence=2 threadId=22 msg=130]
2026-09-29 21:02:02,965 INFO  [27] com.example.mqconsumer.ConsumerWorker - Received  destination=<none>  replyTo=<none>  body=[destination=queue:///APPQ?targetClient=1&persistence=2 threadId=23 msg=131]
2026-09-29 21:02:03,043 INFO  [22] com.example.mqconsumer.ConsumerWorker - Received  destination=<none>  replyTo=<none>  body=[destination=queue:///APPQ?targetClient=1&persistence=2 threadId=24 msg=131]
2026-09-29 21:02:03,059 INFO  [22] com.example.mqconsumer.ConsumerWorker - Received  destination=<none>  replyTo=<none>  body=[destination=queue:///APPQ?targetClient=1&persistence=2 threadId=25 msg=131]
2026-09-29 21:02:03,266 INFO  [24] com.example.mqconsumer.ConsumerWorker - Received  destination=<none>  replyTo=<none>  body=[destination=queue:///APPQ?targetClient=1&persistence=2 threadId=22 msg=131]
2026-09-29 21:02:03,970 INFO  [22] com.example.mqconsumer.ConsumerWorker - Received  destination=<none>  replyTo=<none>  body=[destination=queue:///APPQ?targetClient=1&persistence=2 threadId=23 msg=132]
2026-09-29 21:02:04,048 INFO  [28] com.example.mqconsumer.ConsumerWorker - Received  destination=<none>  replyTo=<none>  body=[destination=queue:///APPQ?targetClient=1&persistence=2 threadId=24 msg=132]
2026-09-29 21:02:04,078 INFO  [26] com.example.mqconsumer.ConsumerWorker - Received  destination=<none>  replyTo=<none>  body=[destination=queue:///APPQ?targetClient=1&persistence=2 threadId=25 msg=132]
2026-09-29 21:02:04,277 INFO  [22] com.example.mqconsumer.ConsumerWorker - Received  destination=<none>  replyTo=<none>  body=[destination=queue:///APPQ?targetClient=1&persistence=2 threadId=22 msg=132]
2026-09-29 21:02:04,982 INFO  [27] com.example.mqconsumer.ConsumerWorker - Received  destination=<none>  replyTo=<none>  body=[destination=queue:///APPQ?targetClient=1&persistence=2 threadId=23 msg=133]
2026-09-29 21:02:05,051 INFO  [23] com.example.mqconsumer.ConsumerWorker - Received  destination=<none>  replyTo=<none>  body=[destination=queue:///APPQ?targetClient=1&persistence=2 threadId=24 msg=133]
2026-09-29 21:02:05,090 INFO  [24] com.example.mqconsumer.ConsumerWorker - Received  destination=<none>  replyTo=<none>  body=[destination=queue:///APPQ?targetClient=1&persistence=2 threadId=25 msg=133]
2026-09-29 21:02:05,296 INFO  [26] com.example.mqconsumer.ConsumerWorker - Received  destination=<none>  replyTo=<none>  body=[destination=queue:///APPQ?targetClient=1&persistence=2 threadId=22 msg=133]
2026-09-29 21:02:05,999 INFO  [25] com.example.mqconsumer.ConsumerWorker - Received  destination=<none>  replyTo=<none>  body=[destination=queue:///APPQ?targetClient=1&persistence=2 threadId=23 msg=134]
2026-09-29 21:02:06,062 INFO  [27] com.example.mqconsumer.ConsumerWorker - Received  destination=<none>  replyTo=<none>  body=[destination=queue:///APPQ?targetClient=1&persistence=2 threadId=24 msg=134]
2026-09-29 21:02:06,109 INFO  [28] com.example.mqconsumer.ConsumerWorker - Received  destination=<none>  replyTo=<none>  body=[destination=queue:///APPQ?targetClient=1&persistence=2 threadId=25 msg=134]
2026-09-29 21:02:06,308 INFO  [25] com.example.mqconsumer.ConsumerWorker - Received  destination=<none>  replyTo=<none>  body=[destination=queue:///APPQ?targetClient=1&persistence=2 threadId=22 msg=134]
2026-09-29 21:02:07,019 INFO  [23] com.example.mqconsumer.ConsumerWorker - Received  destination=<none>  replyTo=<none>  body=[destination=queue:///APPQ?targetClient=1&persistence=2 threadId=23 msg=135]
2026-09-29 21:02:07,075 INFO  [22] com.example.mqconsumer.ConsumerWorker - Received  destination=<none>  replyTo=<none>  body=[destination=queue:///APPQ?targetClient=1&persistence=2 threadId=24 msg=135]
2026-09-29 21:02:07,126 SEVERE [29] com.example.mqconsumer.ConsumerWorker - JMSException JMSCMQ0002: The method 'MQCMIT' failed.
2026-09-29 21:02:07,129 INFO  [22] com.example.mqconsumer.ConsumerWorker - Received  destination=<none>  replyTo=<none>  body=[destination=queue:///APPQ?targetClient=1&persistence=2 threadId=25 msg=135]
2026-09-29 21:02:07,330 INFO  [24] com.example.mqconsumer.ConsumerWorker - Received  destination=<none>  replyTo=<none>  body=[destination=queue:///APPQ?targetClient=1&persistence=2 threadId=22 msg=135]
2026-09-29 21:02:08,024 INFO  [29] com.example.mqconsumer.ConsumerWorker - Received  destination=<none>  replyTo=<none>  body=[destination=queue:///APPQ?targetClient=1&persistence=2 threadId=23 msg=136]
2026-09-29 21:02:08,086 INFO  [27] com.example.mqconsumer.ConsumerWorker - Received  destination=<none>  replyTo=<none>  body=[destination=queue:///APPQ?targetClient=1&persistence=2 threadId=24 msg=136]
2026-09-29 21:02:08,133 INFO  [26] com.example.mqconsumer.ConsumerWorker - Received  destination=<none>  replyTo=<none>  body=[destination=queue:///APPQ?targetClient=1&persistence=2 threadId=25 msg=136]
2026-09-29 21:02:08,339 INFO  [28] com.example.mqconsumer.ConsumerWorker - Received  destination=<none>  replyTo=<none>  body=[destination=queue:///APPQ?targetClient=1&persistence=2 threadId=22 msg=136]
2026-09-29 21:02:09,031 INFO  [24] com.example.mqconsumer.ConsumerWorker - Received  destination=<none>  replyTo=<none>  body=[destination=queue:///APPQ?targetClient=1&persistence=2 threadId=23 msg=137]
2026-09-29 21:02:09,102 INFO  [22] com.example.mqconsumer.ConsumerWorker - Received  destination=<none>  replyTo=<none>  body=[destination=queue:///APPQ?targetClient=1&persistence=2 threadId=24 msg=137]
2026-09-29 21:02:09,135 INFO  [27] com.example.mqconsumer.ConsumerWorker - Received  destination=<none>  replyTo=<none>  body=[destination=queue:///APPQ?targetClient=1&persistence=2 threadId=25 msg=137]
2026-09-29 21:02:09,354 INFO  [24] com.example.mqconsumer.ConsumerWorker - Received  destination=<none>  replyTo=<none>  body=[destination=queue:///APPQ?targetClient=1&persistence=2 threadId=22 msg=137]
2026-09-29 21:02:10,046 INFO  [25] com.example.mqconsumer.ConsumerWorker - Received  destination=<none>  replyTo=<none>  body=[destination=queue:///APPQ?targetClient=1&persistence=2 threadId=23 msg=138]
2026-09-29 21:02:10,111 INFO  [28] com.example.mqconsumer.ConsumerWorker - Received  destination=<none>  replyTo=<none>  body=[destination=queue:///APPQ?targetClient=1&persistence=2 threadId=24 msg=138]
2026-09-29 21:02:10,149 INFO  [25] com.example.mqconsumer.ConsumerWorker - Received  destination=<none>  replyTo=<none>  body=[destination=queue:///APPQ?targetClient=1&persistence=2 threadId=25 msg=138]
2026-09-29 21:02:10,374 INFO  [29] com.example.mqconsumer.ConsumerWorker - Received  destination=<none>  replyTo=<none>  body=[destination=queue:///APPQ?targetClient=1&persistence=2 threadId=22 msg=138]
2026-09-29 21:02:11,056 INFO  [26] com.example.mqconsumer.ConsumerWorker - Received  destination=<none>  replyTo=<none>  body=[destination=queue:///APPQ?targetClient=1&persistence=2 threadId=23 msg=139]
2026-09-29 21:02:11,121 INFO  [26] com.example.mqconsumer.ConsumerWorker - Received  destination=<none>  replyTo=<none>  body=[destination=queue:///APPQ?targetClient=1&persistence=2 threadId=24 msg=139]
2026-09-29 21:02:11,167 INFO  [22] com.example.mqconsumer.ConsumerWorker - Received  destination=<none>  replyTo=<none>  body=[destination=queue:///APPQ?targetClient=1&persistence=2 threadId=25 msg=139]
2026-09-29 21:02:11,384 INFO  [26] com.example.mqconsumer.ConsumerWorker - Received  destination=<none>  replyTo=<none>  body=[destination=queue:///APPQ?targetClient=1&persistence=2 threadId=22 msg=139]
2026-09-29 21:02:12,060 INFO  [29] com.example.mqconsumer.ConsumerWorker - Received  destination=<none>  replyTo=<none>  body=[destination=queue:///APPQ?targetClient=1&persistence=2 threadId=23 msg=140]
2026-09-29 21:02:12,142 INFO  [22] com.example.mqconsumer.ConsumerWorker - Received  destination=<none>  replyTo=<none>  body=[destination=queue:///APPQ?targetClient=1&persistence=2 threadId=24 msg=140]
2026-09-29 21:02:12,308 INFO  [27] com.example.mqconsumer.ConsumerWorker - Received  destination=<none>  replyTo=<none>  body=[destination=queue:///APPQ?targetClient=1&persistence=2 threadId=25 msg=140]
2026-09-29 21:02:12,400 INFO  [28] com.example.mqconsumer.ConsumerWorker - Received  destination=<none>  replyTo=<none>  body=[destination=queue:///APPQ?targetClient=1&persistence=2 threadId=22 msg=140]
2026-09-29 21:02:13,070 INFO  [24] com.example.mqconsumer.ConsumerWorker - Received  destination=<none>  replyTo=<none>  body=[destination=queue:///APPQ?targetClient=1&persistence=2 threadId=23 msg=141]
2026-09-29 21:02:13,154 INFO  [25] com.example.mqconsumer.ConsumerWorker - Received  destination=<none>  replyTo=<none>  body=[destination=queue:///APPQ?targetClient=1&persistence=2 threadId=24 msg=141]
2026-09-29 21:02:13,186 SEVERE [23] com.example.mqconsumer.ConsumerWorker - JMSException JMSCMQ0002: The method 'MQCMIT' failed.
2026-09-29 21:02:13,190 INFO  [28] com.example.mqconsumer.ConsumerWorker - Received  destination=<none>  replyTo=<none>  body=[destination=queue:///APPQ?targetClient=1&persistence=2 threadId=25 msg=141]
2026-09-29 21:02:13,423 INFO  [24] com.example.mqconsumer.ConsumerWorker - Received  destination=<none>  replyTo=<none>  body=[destination=queue:///APPQ?targetClient=1&persistence=2 threadId=22 msg=141]
2026-09-29 21:02:14,078 INFO  [29] com.example.mqconsumer.ConsumerWorker - Received  destination=<none>  replyTo=<none>  body=[destination=queue:///APPQ?targetClient=1&persistence=2 threadId=23 msg=142]
2026-09-29 21:02:14,166 INFO  [26] com.example.mqconsumer.ConsumerWorker - Received  destination=<none>  replyTo=<none>  body=[destination=queue:///APPQ?targetClient=1&persistence=2 threadId=24 msg=142]
2026-09-29 21:02:14,199 INFO  [22] com.example.mqconsumer.ConsumerWorker - Received  destination=<none>  replyTo=<none>  body=[destination=queue:///APPQ?targetClient=1&persistence=2 threadId=25 msg=142]
2026-09-29 21:02:14,432 INFO  [27] com.example.mqconsumer.ConsumerWorker - Received  destination=<none>  replyTo=<none>  body=[destination=queue:///APPQ?targetClient=1&persistence=2 threadId=22 msg=142]
2026-09-29 21:02:15,090 INFO  [24] com.example.mqconsumer.ConsumerWorker - Received  destination=<none>  replyTo=<none>  body=[destination=queue:///APPQ?targetClient=1&persistence=2 threadId=23 msg=143]
2026-09-29 21:02:15,173 INFO  [24] com.example.mqconsumer.ConsumerWorker - Received  destination=<none>  replyTo=<none>  body=[destination=queue:///APPQ?targetClient=1&persistence=2 threadId=24 msg=143]
2026-09-29 21:02:15,214 INFO  [26] com.example.mqconsumer.ConsumerWorker - Received  destination=<none>  replyTo=<none>  body=[destination=queue:///APPQ?targetClient=1&persistence=2 threadId=25 msg=143]
2026-09-29 21:02:15,436 INFO  [26] com.example.mqconsumer.ConsumerWorker - Received  destination=<none>  replyTo=<none>  body=[destination=queue:///APPQ?targetClient=1&persistence=2 threadId=22 msg=143]
2026-09-29 21:02:16,104 INFO  [25] com.example.mqconsumer.ConsumerWorker - Received  destination=<none>  replyTo=<none>  body=[destination=queue:///APPQ?targetClient=1&persistence=2 threadId=23 msg=144]
2026-09-29 21:02:16,181 INFO  [29] com.example.mqconsumer.ConsumerWorker - Received  destination=<none>  replyTo=<none>  body=[destination=queue:///APPQ?targetClient=1&persistence=2 threadId=24 msg=144]
2026-09-29 21:02:16,226 INFO  [24] com.example.mqconsumer.ConsumerWorker - Received  destination=<none>  replyTo=<none>  body=[destination=queue:///APPQ?targetClient=1&persistence=2 threadId=25 msg=144]
2026-09-29 21:02:16,445 INFO  [23] com.example.mqconsumer.ConsumerWorker - Received  destination=<none>  replyTo=<none>  body=[destination=queue:///APPQ?targetClient=1&persistence=2 threadId=22 msg=144]
2026-09-29 21:02:17,122 INFO  [26] com.example.mqconsumer.ConsumerWorker - Received  destination=<none>  replyTo=<none>  body=[destination=queue:///APPQ?targetClient=1&persistence=2 threadId=23 msg=145]
2026-09-29 21:02:17,186 INFO  [28] com.example.mqconsumer.ConsumerWorker - Received  destination=<none>  replyTo=<none>  body=[destination=queue:///APPQ?targetClient=1&persistence=2 threadId=24 msg=145]
2026-09-29 21:02:17,232 INFO  [25] com.example.mqconsumer.ConsumerWorker - Received  destination=<none>  replyTo=<none>  body=[destination=queue:///APPQ?targetClient=1&persistence=2 threadId=25 msg=145]
2026-09-29 21:02:17,467 INFO  [24] com.example.mqconsumer.ConsumerWorker - Received  destination=<none>  replyTo=<none>  body=[destination=queue:///APPQ?targetClient=1&persistence=2 threadId=22 msg=145]
2026-09-29 21:02:18,135 INFO  [22] com.example.mqconsumer.ConsumerWorker - Received  destination=<none>  replyTo=<none>  body=[destination=queue:///APPQ?targetClient=1&persistence=2 threadId=23 msg=146]
2026-09-29 21:02:18,197 INFO  [24] com.example.mqconsumer.ConsumerWorker - Received  destination=<none>  replyTo=<none>  body=[destination=queue:///APPQ?targetClient=1&persistence=2 threadId=24 msg=146]
2026-09-29 21:02:18,245 INFO  [27] com.example.mqconsumer.ConsumerWorker - Received  destination=<none>  replyTo=<none>  body=[destination=queue:///APPQ?targetClient=1&persistence=2 threadId=25 msg=146]
2026-09-29 21:02:18,467 INFO  [23] com.example.mqconsumer.ConsumerWorker - Received  destination=<none>  replyTo=<none>  body=[destination=queue:///APPQ?targetClient=1&persistence=2 threadId=22 msg=146]
2026-09-29 21:02:19,145 INFO  [24] com.example.mqconsumer.ConsumerWorker - Received  destination=<none>  replyTo=<none>  body=[destination=queue:///APPQ?targetClient=1&persistence=2 threadId=23 msg=147]
2026-09-29 21:02:19,259 INFO  [26] com.example.mqconsumer.ConsumerWorker - Received  destination=<none>  replyTo=<none>  body=[destination=queue:///APPQ?targetClient=1&persistence=2 threadId=25 msg=147]
2026-09-29 21:02:19,364 INFO  [29] com.example.mqconsumer.ConsumerWorker - Received  destination=<none>  replyTo=<none>  body=[destination=queue:///APPQ?targetClient=1&persistence=2 threadId=24 msg=147]
2026-09-29 21:02:19,478 INFO  [24] com.example.mqconsumer.ConsumerWorker - Received  destination=<none>  replyTo=<none>  body=[destination=queue:///APPQ?targetClient=1&persistence=2 threadId=22 msg=147]
2026-09-29 21:02:20,157 INFO  [28] com.example.mqconsumer.ConsumerWorker - Received  destination=<none>  replyTo=<none>  body=[destination=queue:///APPQ?targetClient=1&persistence=2 threadId=23 msg=148]
2026-09-29 21:02:20,218 INFO  [25] com.example.mqconsumer.ConsumerWorker - Received  destination=<none>  replyTo=<none>  body=[destination=queue:///APPQ?targetClient=1&persistence=2 threadId=24 msg=148]
2026-09-29 21:02:20,265 INFO  [24] com.example.mqconsumer.ConsumerWorker - Received  destination=<none>  replyTo=<none>  body=[destination=queue:///APPQ?targetClient=1&persistence=2 threadId=25 msg=148]
2026-09-29 21:02:20,485 INFO  [22] com.example.mqconsumer.ConsumerWorker - Received  destination=<none>  replyTo=<none>  body=[destination=queue:///APPQ?targetClient=1&persistence=2 threadId=22 msg=148]
2026-09-29 21:02:21,174 INFO  [26] com.example.mqconsumer.ConsumerWorker - Received  destination=<none>  replyTo=<none>  body=[destination=queue:///APPQ?targetClient=1&persistence=2 threadId=23 msg=149]
2026-09-29 21:02:21,234 INFO  [26] com.example.mqconsumer.ConsumerWorker - Received  destination=<none>  replyTo=<none>  body=[destination=queue:///APPQ?targetClient=1&persistence=2 threadId=24 msg=149]
2026-09-29 21:02:21,279 INFO  [23] com.example.mqconsumer.ConsumerWorker - Received  destination=<none>  replyTo=<none>  body=[destination=queue:///APPQ?targetClient=1&persistence=2 threadId=25 msg=149]
2026-09-29 21:02:21,493 INFO  [26] com.example.mqconsumer.ConsumerWorker - Received  destination=<none>  replyTo=<none>  body=[destination=queue:///APPQ?targetClient=1&persistence=2 threadId=22 msg=149]
2026-09-29 21:02:22,182 INFO  [27] com.example.mqconsumer.ConsumerWorker - Received  destination=<none>  replyTo=<none>  body=[destination=queue:///APPQ?targetClient=1&persistence=2 threadId=23 msg=150]
2026-09-29 21:02:22,245 INFO  [24] com.example.mqconsumer.ConsumerWorker - Received  destination=<none>  replyTo=<none>  body=[destination=queue:///APPQ?targetClient=1&persistence=2 threadId=24 msg=150]
2026-09-29 21:02:22,292 INFO  [24] com.example.mqconsumer.ConsumerWorker - Received  destination=<none>  replyTo=<none>  body=[destination=queue:///APPQ?targetClient=1&persistence=2 threadId=25 msg=150]
2026-09-29 21:02:22,509 INFO  [25] com.example.mqconsumer.ConsumerWorker - Received  destination=<none>  replyTo=<none>  body=[destination=queue:///APPQ?targetClient=1&persistence=2 threadId=22 msg=150]
2026-09-29 21:32:03,071 FINE  [811] java.lang.Runtime - Runtime.exit() called with status: 130
java.lang.Throwable: Runtime.exit(130)
	at java.base/java.lang.Shutdown.logRuntimeExit(Shutdown.java:179)
	at java.base/java.lang.Shutdown.exit(Shutdown.java:160)
	at java.base/java.lang.Terminator$1.handle(Terminator.java:51)
	at java.base/jdk.internal.misc.Signal$1.run(Signal.java:218)
	at java.base/java.lang.Thread.run(Thread.java:1570)
