2026-09-29 14:11:06,014 INFO  [1] com.example.mqproducer.Main - Starting MQ producer harness — threads=10  messagesPerThread=500  totalMessages=5000  queue=APPQ
2026-09-29 14:11:06,035 INFO  [26] com.example.mqproducer.ProducerWorker - Producer 5 starting
2026-09-29 14:11:06,035 INFO  [23] com.example.mqproducer.ProducerWorker - Producer 2 starting
2026-09-29 14:11:06,035 INFO  [22] com.example.mqproducer.ProducerWorker - Producer 1 starting
2026-09-29 14:11:06,036 INFO  [30] com.example.mqproducer.ProducerWorker - Producer 9 starting
2026-09-29 14:11:06,035 INFO  [27] com.example.mqproducer.ProducerWorker - Producer 6 starting
2026-09-29 14:11:06,035 INFO  [24] com.example.mqproducer.ProducerWorker - Producer 3 starting
2026-09-29 14:11:06,036 INFO  [25] com.example.mqproducer.ProducerWorker - Producer 4 starting
2026-09-29 14:11:06,036 INFO  [28] com.example.mqproducer.ProducerWorker - Producer 7 starting
2026-09-29 14:11:06,036 INFO  [29] com.example.mqproducer.ProducerWorker - Producer 8 starting
2026-09-29 14:11:06,036 INFO  [31] com.example.mqproducer.ProducerWorker - Producer 10 starting
2026-09-29 14:11:06,080 FINER [31] javax.management.mbeanserver - ObjectName = JMImplementation:type=MBeanServerDelegate
2026-09-29 14:11:06,080 FINER [31] javax.management.mbeanserver - name = JMImplementation:type=MBeanServerDelegate
2026-09-29 14:11:06,080 FINER [31] javax.management.mbeanserver - Send create notification of object JMImplementation:type=MBeanServerDelegate
2026-09-29 14:11:06,085 FINER [31] javax.management.mbeanserver - JMX.mbean.registered JMImplementation:type=MBeanServerDelegate
2026-09-29 14:11:06,095 FINER [31] javax.management.misc - Building MBeanInfo for sun.management.RuntimeImpl
2026-09-29 14:11:06,096 FINER [31] javax.management.mbeanserver - ObjectName = java.lang:type=Runtime
2026-09-29 14:11:06,096 FINER [31] javax.management.mbeanserver - name = java.lang:type=Runtime
2026-09-29 14:11:06,096 FINER [31] javax.management.mbeanserver - Send create notification of object java.lang:type=Runtime
2026-09-29 14:11:06,096 FINER [31] javax.management.mbeanserver - JMX.mbean.registered java.lang:type=Runtime
2026-09-29 14:11:06,099 FINER [31] javax.management.misc - Building MBeanInfo for com.sun.management.internal.HotSpotThreadImpl
2026-09-29 14:11:06,099 FINER [31] javax.management.mbeanserver - ObjectName = java.lang:type=Threading
2026-09-29 14:11:06,099 FINER [31] javax.management.mbeanserver - name = java.lang:type=Threading
2026-09-29 14:11:06,099 FINER [31] javax.management.mbeanserver - Send create notification of object java.lang:type=Threading
2026-09-29 14:11:06,099 FINER [31] javax.management.mbeanserver - JMX.mbean.registered java.lang:type=Threading
2026-09-29 14:11:06,107 FINER [31] javax.management.misc - Building MBeanInfo for com.sun.management.internal.OperatingSystemImpl
2026-09-29 14:11:06,107 FINER [31] javax.management.mbeanserver - ObjectName = java.lang:type=OperatingSystem
2026-09-29 14:11:06,107 FINER [31] javax.management.mbeanserver - name = java.lang:type=OperatingSystem
2026-09-29 14:11:06,107 FINER [31] javax.management.mbeanserver - Send create notification of object java.lang:type=OperatingSystem
2026-09-29 14:11:06,107 FINER [31] javax.management.mbeanserver - JMX.mbean.registered java.lang:type=OperatingSystem
2026-09-29 14:11:06,109 FINER [31] javax.management.misc - Building MBeanInfo for sun.management.MemoryManagerImpl
2026-09-29 14:11:06,109 FINER [31] javax.management.mbeanserver - ObjectName = java.lang:name=CodeCacheManager,type=MemoryManager
2026-09-29 14:11:06,110 FINER [31] javax.management.mbeanserver - name = java.lang:name=CodeCacheManager,type=MemoryManager
2026-09-29 14:11:06,110 FINER [31] javax.management.mbeanserver - Send create notification of object java.lang:name=CodeCacheManager,type=MemoryManager
2026-09-29 14:11:06,110 FINER [31] javax.management.mbeanserver - JMX.mbean.registered java.lang:name=CodeCacheManager,type=MemoryManager
2026-09-29 14:11:06,110 FINER [31] javax.management.misc - Building MBeanInfo for sun.management.MemoryManagerImpl
2026-09-29 14:11:06,110 FINER [31] javax.management.mbeanserver - ObjectName = java.lang:name=Metaspace Manager,type=MemoryManager
2026-09-29 14:11:06,110 FINER [31] javax.management.mbeanserver - name = java.lang:name=Metaspace Manager,type=MemoryManager
2026-09-29 14:11:06,110 FINER [31] javax.management.mbeanserver - Send create notification of object java.lang:name=Metaspace Manager,type=MemoryManager
2026-09-29 14:11:06,110 FINER [31] javax.management.mbeanserver - JMX.mbean.registered java.lang:name=Metaspace Manager,type=MemoryManager
2026-09-29 14:11:06,111 FINER [31] javax.management.misc - Building MBeanInfo for sun.management.MemoryPoolImpl
2026-09-29 14:11:06,111 FINER [31] javax.management.mbeanserver - ObjectName = java.lang:name=CodeHeap 'non-nmethods',type=MemoryPool
2026-09-29 14:11:06,112 FINER [31] javax.management.mbeanserver - name = java.lang:name=CodeHeap 'non-nmethods',type=MemoryPool
2026-09-29 14:11:06,112 FINER [31] javax.management.mbeanserver - Send create notification of object java.lang:name=CodeHeap 'non-nmethods',type=MemoryPool
2026-09-29 14:11:06,112 FINER [31] javax.management.mbeanserver - JMX.mbean.registered java.lang:name=CodeHeap 'non-nmethods',type=MemoryPool
2026-09-29 14:11:06,112 FINER [31] javax.management.misc - Building MBeanInfo for sun.management.MemoryPoolImpl
2026-09-29 14:11:06,112 FINER [31] javax.management.mbeanserver - ObjectName = java.lang:name=Metaspace,type=MemoryPool
2026-09-29 14:11:06,112 FINER [31] javax.management.mbeanserver - name = java.lang:name=Metaspace,type=MemoryPool
2026-09-29 14:11:06,112 FINER [31] javax.management.mbeanserver - Send create notification of object java.lang:name=Metaspace,type=MemoryPool
2026-09-29 14:11:06,112 FINER [31] javax.management.mbeanserver - JMX.mbean.registered java.lang:name=Metaspace,type=MemoryPool
2026-09-29 14:11:06,112 FINER [31] javax.management.misc - Building MBeanInfo for sun.management.MemoryPoolImpl
2026-09-29 14:11:06,112 FINER [31] javax.management.mbeanserver - ObjectName = java.lang:name=CodeHeap 'profiled nmethods',type=MemoryPool
2026-09-29 14:11:06,112 FINER [31] javax.management.mbeanserver - name = java.lang:name=CodeHeap 'profiled nmethods',type=MemoryPool
2026-09-29 14:11:06,112 FINER [31] javax.management.mbeanserver - Send create notification of object java.lang:name=CodeHeap 'profiled nmethods',type=MemoryPool
2026-09-29 14:11:06,112 FINER [31] javax.management.mbeanserver - JMX.mbean.registered java.lang:name=CodeHeap 'profiled nmethods',type=MemoryPool
2026-09-29 14:11:06,112 FINER [31] javax.management.misc - Building MBeanInfo for sun.management.MemoryPoolImpl
2026-09-29 14:11:06,112 FINER [31] javax.management.mbeanserver - ObjectName = java.lang:name=Compressed Class Space,type=MemoryPool
2026-09-29 14:11:06,112 FINER [31] javax.management.mbeanserver - name = java.lang:name=Compressed Class Space,type=MemoryPool
2026-09-29 14:11:06,112 FINER [31] javax.management.mbeanserver - Send create notification of object java.lang:name=Compressed Class Space,type=MemoryPool
2026-09-29 14:11:06,112 FINER [31] javax.management.mbeanserver - JMX.mbean.registered java.lang:name=Compressed Class Space,type=MemoryPool
2026-09-29 14:11:06,112 FINER [31] javax.management.misc - Building MBeanInfo for sun.management.MemoryPoolImpl
2026-09-29 14:11:06,112 FINER [31] javax.management.mbeanserver - ObjectName = java.lang:name=G1 Eden Space,type=MemoryPool
2026-09-29 14:11:06,112 FINER [31] javax.management.mbeanserver - name = java.lang:name=G1 Eden Space,type=MemoryPool
2026-09-29 14:11:06,112 FINER [31] javax.management.mbeanserver - Send create notification of object java.lang:name=G1 Eden Space,type=MemoryPool
2026-09-29 14:11:06,113 FINER [31] javax.management.mbeanserver - JMX.mbean.registered java.lang:name=G1 Eden Space,type=MemoryPool
2026-09-29 14:11:06,113 FINER [31] javax.management.misc - Building MBeanInfo for sun.management.MemoryPoolImpl
2026-09-29 14:11:06,113 FINER [31] javax.management.mbeanserver - ObjectName = java.lang:name=G1 Old Gen,type=MemoryPool
2026-09-29 14:11:06,113 FINER [31] javax.management.mbeanserver - name = java.lang:name=G1 Old Gen,type=MemoryPool
2026-09-29 14:11:06,113 FINER [31] javax.management.mbeanserver - Send create notification of object java.lang:name=G1 Old Gen,type=MemoryPool
2026-09-29 14:11:06,113 FINER [31] javax.management.mbeanserver - JMX.mbean.registered java.lang:name=G1 Old Gen,type=MemoryPool
2026-09-29 14:11:06,113 FINER [31] javax.management.misc - Building MBeanInfo for sun.management.MemoryPoolImpl
2026-09-29 14:11:06,113 FINER [31] javax.management.mbeanserver - ObjectName = java.lang:name=G1 Survivor Space,type=MemoryPool
2026-09-29 14:11:06,114 FINER [31] javax.management.mbeanserver - name = java.lang:name=G1 Survivor Space,type=MemoryPool
2026-09-29 14:11:06,114 FINER [31] javax.management.mbeanserver - Send create notification of object java.lang:name=G1 Survivor Space,type=MemoryPool
2026-09-29 14:11:06,114 FINER [31] javax.management.mbeanserver - JMX.mbean.registered java.lang:name=G1 Survivor Space,type=MemoryPool
2026-09-29 14:11:06,114 FINER [31] javax.management.misc - Building MBeanInfo for sun.management.MemoryPoolImpl
2026-09-29 14:11:06,115 FINER [31] javax.management.mbeanserver - ObjectName = java.lang:name=CodeHeap 'non-profiled nmethods',type=MemoryPool
2026-09-29 14:11:06,115 FINER [31] javax.management.mbeanserver - name = java.lang:name=CodeHeap 'non-profiled nmethods',type=MemoryPool
2026-09-29 14:11:06,115 FINER [31] javax.management.mbeanserver - Send create notification of object java.lang:name=CodeHeap 'non-profiled nmethods',type=MemoryPool
2026-09-29 14:11:06,115 FINER [31] javax.management.mbeanserver - JMX.mbean.registered java.lang:name=CodeHeap 'non-profiled nmethods',type=MemoryPool
2026-09-29 14:11:06,115 FINER [31] javax.management.misc - Building MBeanInfo for sun.management.CompilationImpl
2026-09-29 14:11:06,116 FINER [31] javax.management.mbeanserver - ObjectName = java.lang:type=Compilation
2026-09-29 14:11:06,116 FINER [31] javax.management.mbeanserver - name = java.lang:type=Compilation
2026-09-29 14:11:06,116 FINER [31] javax.management.mbeanserver - Send create notification of object java.lang:type=Compilation
2026-09-29 14:11:06,116 FINER [31] javax.management.mbeanserver - JMX.mbean.registered java.lang:type=Compilation
2026-09-29 14:11:06,116 FINER [31] javax.management.misc - Building MBeanInfo for sun.management.MemoryImpl
2026-09-29 14:11:06,116 FINER [31] javax.management.mbeanserver - ObjectName = java.lang:type=Memory
2026-09-29 14:11:06,116 FINER [31] javax.management.mbeanserver - name = java.lang:type=Memory
2026-09-29 14:11:06,116 FINER [31] javax.management.mbeanserver - Send create notification of object java.lang:type=Memory
2026-09-29 14:11:06,117 FINER [31] javax.management.mbeanserver - JMX.mbean.registered java.lang:type=Memory
2026-09-29 14:11:06,118 FINER [31] javax.management.misc - Building MBeanInfo for sun.management.ManagementFactoryHelper$PlatformLoggingImpl
2026-09-29 14:11:06,118 FINER [31] javax.management.mbeanserver - ObjectName = java.util.logging:type=Logging
2026-09-29 14:11:06,118 FINER [31] javax.management.mbeanserver - name = java.util.logging:type=Logging
2026-09-29 14:11:06,118 FINER [31] javax.management.mbeanserver - Send create notification of object java.util.logging:type=Logging
2026-09-29 14:11:06,118 FINER [31] javax.management.mbeanserver - JMX.mbean.registered java.util.logging:type=Logging
2026-09-29 14:11:06,118 FINER [31] javax.management.misc - Building MBeanInfo for sun.management.ClassLoadingImpl
2026-09-29 14:11:06,118 FINER [31] javax.management.mbeanserver - ObjectName = java.lang:type=ClassLoading
2026-09-29 14:11:06,118 FINER [31] javax.management.mbeanserver - name = java.lang:type=ClassLoading
2026-09-29 14:11:06,118 FINER [31] javax.management.mbeanserver - Send create notification of object java.lang:type=ClassLoading
2026-09-29 14:11:06,118 FINER [31] javax.management.mbeanserver - JMX.mbean.registered java.lang:type=ClassLoading
2026-09-29 14:11:06,160 FINER [31] javax.management.mbeanserver - ObjectName = com.sun.management:type=DiagnosticCommand
2026-09-29 14:11:06,160 FINER [31] javax.management.mbeanserver - name = com.sun.management:type=DiagnosticCommand
2026-09-29 14:11:06,160 FINER [31] javax.management.mbeanserver - Send create notification of object com.sun.management:type=DiagnosticCommand
2026-09-29 14:11:06,160 FINER [31] javax.management.mbeanserver - JMX.mbean.registered com.sun.management:type=DiagnosticCommand
2026-09-29 14:11:06,161 FINER [31] javax.management.misc - Building MBeanInfo for com.sun.management.internal.GarbageCollectorExtImpl
2026-09-29 14:11:06,162 FINER [31] javax.management.mbeanserver - ObjectName = java.lang:name=G1 Young Generation,type=GarbageCollector
2026-09-29 14:11:06,162 FINER [31] javax.management.mbeanserver - name = java.lang:name=G1 Young Generation,type=GarbageCollector
2026-09-29 14:11:06,162 FINER [31] javax.management.mbeanserver - Send create notification of object java.lang:name=G1 Young Generation,type=GarbageCollector
2026-09-29 14:11:06,162 FINER [31] javax.management.mbeanserver - JMX.mbean.registered java.lang:name=G1 Young Generation,type=GarbageCollector
2026-09-29 14:11:06,162 FINER [31] javax.management.misc - Building MBeanInfo for com.sun.management.internal.GarbageCollectorExtImpl
2026-09-29 14:11:06,162 FINER [31] javax.management.mbeanserver - ObjectName = java.lang:name=G1 Concurrent GC,type=GarbageCollector
2026-09-29 14:11:06,162 FINER [31] javax.management.mbeanserver - name = java.lang:name=G1 Concurrent GC,type=GarbageCollector
2026-09-29 14:11:06,162 FINER [31] javax.management.mbeanserver - Send create notification of object java.lang:name=G1 Concurrent GC,type=GarbageCollector
2026-09-29 14:11:06,162 FINER [31] javax.management.mbeanserver - JMX.mbean.registered java.lang:name=G1 Concurrent GC,type=GarbageCollector
2026-09-29 14:11:06,162 FINER [31] javax.management.misc - Building MBeanInfo for com.sun.management.internal.GarbageCollectorExtImpl
2026-09-29 14:11:06,163 FINER [31] javax.management.mbeanserver - ObjectName = java.lang:name=G1 Old Generation,type=GarbageCollector
2026-09-29 14:11:06,163 FINER [31] javax.management.mbeanserver - name = java.lang:name=G1 Old Generation,type=GarbageCollector
2026-09-29 14:11:06,163 FINER [31] javax.management.mbeanserver - Send create notification of object java.lang:name=G1 Old Generation,type=GarbageCollector
2026-09-29 14:11:06,163 FINER [31] javax.management.mbeanserver - JMX.mbean.registered java.lang:name=G1 Old Generation,type=GarbageCollector
2026-09-29 14:11:06,164 FINER [31] javax.management.misc - Building MBeanInfo for com.sun.management.internal.HotSpotDiagnostic
2026-09-29 14:11:06,164 FINER [31] javax.management.mbeanserver - ObjectName = com.sun.management:type=HotSpotDiagnostic
2026-09-29 14:11:06,164 FINER [31] javax.management.mbeanserver - name = com.sun.management:type=HotSpotDiagnostic
2026-09-29 14:11:06,164 FINER [31] javax.management.mbeanserver - Send create notification of object com.sun.management:type=HotSpotDiagnostic
2026-09-29 14:11:06,164 FINER [31] javax.management.mbeanserver - JMX.mbean.registered com.sun.management:type=HotSpotDiagnostic
2026-09-29 14:11:06,168 FINER [31] javax.management.misc - Building MBeanInfo for sun.management.ManagementFactoryHelper$1
2026-09-29 14:11:06,168 FINER [31] javax.management.mbeanserver - ObjectName = java.nio:name=mapped,type=BufferPool
2026-09-29 14:11:06,168 FINER [31] javax.management.mbeanserver - name = java.nio:name=mapped,type=BufferPool
2026-09-29 14:11:06,168 FINER [31] javax.management.mbeanserver - Send create notification of object java.nio:name=mapped,type=BufferPool
2026-09-29 14:11:06,168 FINER [31] javax.management.mbeanserver - JMX.mbean.registered java.nio:name=mapped,type=BufferPool
2026-09-29 14:11:06,168 FINER [31] javax.management.misc - Building MBeanInfo for sun.management.ManagementFactoryHelper$1
2026-09-29 14:11:06,168 FINER [31] javax.management.mbeanserver - ObjectName = java.nio:name=direct,type=BufferPool
2026-09-29 14:11:06,168 FINER [31] javax.management.mbeanserver - name = java.nio:name=direct,type=BufferPool
2026-09-29 14:11:06,169 FINER [31] javax.management.mbeanserver - Send create notification of object java.nio:name=direct,type=BufferPool
2026-09-29 14:11:06,169 FINER [31] javax.management.mbeanserver - JMX.mbean.registered java.nio:name=direct,type=BufferPool
2026-09-29 14:11:06,169 FINER [31] javax.management.misc - Building MBeanInfo for sun.management.ManagementFactoryHelper$1
2026-09-29 14:11:06,169 FINER [31] javax.management.mbeanserver - ObjectName = java.nio:name=mapped - 'non-volatile memory',type=BufferPool
2026-09-29 14:11:06,169 FINER [31] javax.management.mbeanserver - name = java.nio:name=mapped - 'non-volatile memory',type=BufferPool
2026-09-29 14:11:06,169 FINER [31] javax.management.mbeanserver - Send create notification of object java.nio:name=mapped - 'non-volatile memory',type=BufferPool
2026-09-29 14:11:06,169 FINER [31] javax.management.mbeanserver - JMX.mbean.registered java.nio:name=mapped - 'non-volatile memory',type=BufferPool
2026-09-29 14:11:06,173 FINER [31] javax.management.misc - Building MBeanInfo for jdk.management.jfr.FlightRecorderMXBeanImpl
2026-09-29 14:11:06,174 FINER [31] javax.management.mbeanserver - ObjectName = jdk.management.jfr:type=FlightRecorder
2026-09-29 14:11:06,174 FINER [31] javax.management.mbeanserver - name = jdk.management.jfr:type=FlightRecorder
2026-09-29 14:11:06,175 FINER [31] javax.management.mbeanserver - Send create notification of object jdk.management.jfr:type=FlightRecorder
2026-09-29 14:11:06,175 FINER [31] javax.management.mbeanserver - JMX.mbean.registered jdk.management.jfr:type=FlightRecorder
2026-09-29 14:11:06,175 FINER [31] javax.management.misc - Building MBeanInfo for com.ibm.msg.client.commonservices.propertystore.PropertyStoreControlImpl
2026-09-29 14:11:06,176 FINER [31] javax.management.mbeanserver - ObjectName = IBM MQ:type=CommonServices,name=PropertyStoreControl
2026-09-29 14:11:06,176 FINER [31] javax.management.mbeanserver - name = IBM MQ:type=CommonServices,name=PropertyStoreControl
2026-09-29 14:11:06,176 FINER [31] javax.management.mbeanserver - Send create notification of object IBM MQ:name=PropertyStoreControl,type=CommonServices
2026-09-29 14:11:06,176 FINER [31] javax.management.mbeanserver - JMX.mbean.registered IBM MQ:type=CommonServices,name=PropertyStoreControl
2026-09-29 14:11:06,205 FINER [31] javax.management.misc - Building MBeanInfo for com.ibm.msg.client.commonservices.propertystore.PropertyStoreControlImpl
2026-09-29 14:11:06,205 FINER [31] javax.management.mbeanserver - ObjectName = IBM MQ:type=CommonServices,name=PropertyStoreControl
2026-09-29 14:11:06,205 FINER [31] javax.management.mbeanserver - name = IBM MQ:type=CommonServices,name=PropertyStoreControl
2026-09-29 14:11:07,003 SEVERE [22] com.example.mqproducer.ProducerWorker - Producer 1 encountered an error
com.ibm.msg.client.jakarta.jms.DetailedJMSException: JMSWMQ2020: Failed to connect to queue manager '*PROD' with connection mode 'Client' and supplied CCDT URL 'file:///C:/Views/ACE12/UniformCluster/Agents/ucl1.json', see linked exception for more information.
Check the queue manager is started and if running in client mode, check there is a listener running. Please see the linked exception for more information.
	at com.ibm.msg.client.jakarta.wmq.common.internal.Reason.reasonToException(Reason.java:709)
	at com.ibm.msg.client.jakarta.wmq.common.internal.Reason.createException(Reason.java:229)
	at com.ibm.msg.client.jakarta.wmq.internal.WMQConnection.<init>(WMQConnection.java:509)
	at com.ibm.msg.client.jakarta.wmq.factories.WMQConnectionFactory.createV7ProviderConnection(WMQConnectionFactory.java:9699)
	at com.ibm.msg.client.jakarta.wmq.factories.WMQConnectionFactory.createProviderConnection(WMQConnectionFactory.java:8917)
	at com.ibm.msg.client.jakarta.jms.admin.JmsConnectionFactoryImpl._createConnection(JmsConnectionFactoryImpl.java:322)
	at com.ibm.msg.client.jakarta.jms.admin.JmsConnectionFactoryImpl.createConnection(JmsConnectionFactoryImpl.java:242)
	at com.ibm.mq.jakarta.jms.MQConnectionFactory.createCommonConnection(MQConnectionFactory.java:6666)
	at com.ibm.mq.jakarta.jms.MQConnectionFactory.createConnection(MQConnectionFactory.java:6695)
	at com.example.mqproducer.ProducerWorker.run(ProducerWorker.java:70)
	at java.base/java.lang.Thread.run(Thread.java:1570)
Caused by: com.ibm.mq.MQException: JMSCMQ0001: IBM MQ call failed with compcode '2' ('MQCC_FAILED') reason '2537' ('MQRC_CHANNEL_NOT_AVAILABLE').
	at com.ibm.msg.client.jakarta.wmq.common.internal.Reason.createException(Reason.java:217)
	... 9 more
Caused by: com.ibm.mq.jmqi.JmqiException: CC=2;RC=2537;AMQ9204: Connection to host 'localhost(41417)' rejected. [1=com.ibm.mq.jmqi.JmqiException[CC=2;RC=2537;AMQ9536: Channel ended by an exit. [1=APP.CHL             ,2=MQ94\mqccred(ChlExit)]],3=localhost(41417),4=,5=RemoteExitChain.callScyExitSecParms]
	at com.ibm.mq.jmqi.remote.api.RemoteFAP$Connector.jmqiConnect(RemoteFAP.java:13938)
	at com.ibm.mq.jmqi.remote.api.RemoteFAP$Connector.access$200(RemoteFAP.java:13337)
	at com.ibm.mq.jmqi.remote.api.RemoteFAP.jmqiConnect(RemoteFAP.java:1536)
	at com.ibm.mq.jmqi.remote.api.RemoteFAP.jmqiConnect(RemoteFAP.java:1405)
	at com.ibm.mq.ese.jmqi.InterceptedJmqiImpl.jmqiConnect(InterceptedJmqiImpl.java:377)
	at com.ibm.mq.ese.jmqi.ESEJMQI.jmqiConnect(ESEJMQI.java:562)
	at com.ibm.msg.client.jakarta.wmq.internal.WMQConnection.<init>(WMQConnection.java:441)
	... 8 more
Caused by: com.ibm.mq.jmqi.JmqiException: CC=2;RC=2537;AMQ9204: Connection to host 'localhost(41418)' rejected. [1=com.ibm.mq.jmqi.JmqiException[CC=2;RC=2537;AMQ9536: Channel ended by an exit. [1=APP.CHL             ,2=MQ94\mqccred(ChlExit)]],3=localhost(41418),4=,5=RemoteExitChain.callScyExitSecParms]
	... 15 more
Caused by: com.ibm.mq.jmqi.JmqiException: CC=2;RC=2537;AMQ9204: Connection to host 'localhost(41416)' rejected. [1=com.ibm.mq.jmqi.JmqiException[CC=2;RC=2537;AMQ9536: Channel ended by an exit. [1=APP.CHL             ,2=MQ94\mqccred(ChlExit)]],3=localhost(41416),4=,5=RemoteExitChain.callScyExitSecParms]
	... 15 more
Caused by: com.ibm.mq.jmqi.JmqiException: CC=2;RC=2537;AMQ9204: Connection to host 'localhost(41419)' rejected. [1=com.ibm.mq.jmqi.JmqiException[CC=2;RC=2537;AMQ9536: Channel ended by an exit. [1=APP.CHL             ,2=MQ94\mqccred(ChlExit)]],3=localhost(41419),4=,5=RemoteExitChain.callScyExitSecParms]
	... 15 more
Caused by: com.ibm.mq.jmqi.JmqiException: CC=2;RC=2537;AMQ9536: Channel ended by an exit. [1=APP.CHL             ,2=MQ94\mqccred(ChlExit)]
	at com.ibm.mq.jmqi.remote.exit.RemoteExitChain.callScyExitSecParms(RemoteExitChain.java:601)
	at com.ibm.mq.jmqi.remote.impl.RemoteConnection.initOAMUserAuth(RemoteConnection.java:2434)
	at com.ibm.mq.jmqi.remote.impl.RemoteSession.initOAMUserAuth(RemoteSession.java:3073)
	at com.ibm.mq.jmqi.remote.impl.RemoteConnectionSpecification.getSession(RemoteConnectionSpecification.java:173)
	at com.ibm.mq.jmqi.remote.impl.RemoteConnectionPool.getSession(RemoteConnectionPool.java:128)
	at com.ibm.mq.jmqi.remote.api.RemoteFAP$Connector.jmqiConnect(RemoteFAP.java:13602)
	... 14 more
2026-09-29 14:11:07,003 SEVERE [24] com.example.mqproducer.ProducerWorker - Producer 3 encountered an error
com.ibm.msg.client.jakarta.jms.DetailedJMSException: JMSWMQ2020: Failed to connect to queue manager '*PROD' with connection mode 'Client' and supplied CCDT URL 'file:///C:/Views/ACE12/UniformCluster/Agents/ucl1.json', see linked exception for more information.
Check the queue manager is started and if running in client mode, check there is a listener running. Please see the linked exception for more information.
	at com.ibm.msg.client.jakarta.wmq.common.internal.Reason.reasonToException(Reason.java:709)
	at com.ibm.msg.client.jakarta.wmq.common.internal.Reason.createException(Reason.java:229)
	at com.ibm.msg.client.jakarta.wmq.internal.WMQConnection.<init>(WMQConnection.java:509)
	at com.ibm.msg.client.jakarta.wmq.factories.WMQConnectionFactory.createV7ProviderConnection(WMQConnectionFactory.java:9699)
	at com.ibm.msg.client.jakarta.wmq.factories.WMQConnectionFactory.createProviderConnection(WMQConnectionFactory.java:8917)
	at com.ibm.msg.client.jakarta.jms.admin.JmsConnectionFactoryImpl._createConnection(JmsConnectionFactoryImpl.java:322)
	at com.ibm.msg.client.jakarta.jms.admin.JmsConnectionFactoryImpl.createConnection(JmsConnectionFactoryImpl.java:242)
	at com.ibm.mq.jakarta.jms.MQConnectionFactory.createCommonConnection(MQConnectionFactory.java:6666)
	at com.ibm.mq.jakarta.jms.MQConnectionFactory.createConnection(MQConnectionFactory.java:6695)
	at com.example.mqproducer.ProducerWorker.run(ProducerWorker.java:70)
	at java.base/java.lang.Thread.run(Thread.java:1570)
Caused by: com.ibm.mq.MQException: JMSCMQ0001: IBM MQ call failed with compcode '2' ('MQCC_FAILED') reason '2537' ('MQRC_CHANNEL_NOT_AVAILABLE').
	at com.ibm.msg.client.jakarta.wmq.common.internal.Reason.createException(Reason.java:217)
	... 9 more
Caused by: com.ibm.mq.jmqi.JmqiException: CC=2;RC=2537;AMQ9204: Connection to host 'localhost(41419)' rejected. [1=com.ibm.mq.jmqi.JmqiException[CC=2;RC=2537;AMQ9536: Channel ended by an exit. [1=APP.CHL             ,2=MQ94\mqccred(ChlExit)]],3=localhost(41419),4=,5=RemoteExitChain.callScyExitSecParms]
	at com.ibm.mq.jmqi.remote.api.RemoteFAP$Connector.jmqiConnect(RemoteFAP.java:13938)
	at com.ibm.mq.jmqi.remote.api.RemoteFAP$Connector.access$200(RemoteFAP.java:13337)
	at com.ibm.mq.jmqi.remote.api.RemoteFAP.jmqiConnect(RemoteFAP.java:1536)
	at com.ibm.mq.jmqi.remote.api.RemoteFAP.jmqiConnect(RemoteFAP.java:1405)
	at com.ibm.mq.ese.jmqi.InterceptedJmqiImpl.jmqiConnect(InterceptedJmqiImpl.java:377)
	at com.ibm.mq.ese.jmqi.ESEJMQI.jmqiConnect(ESEJMQI.java:562)
	at com.ibm.msg.client.jakarta.wmq.internal.WMQConnection.<init>(WMQConnection.java:441)
	... 8 more
Caused by: com.ibm.mq.jmqi.JmqiException: CC=2;RC=2537;AMQ9204: Connection to host 'localhost(41418)' rejected. [1=com.ibm.mq.jmqi.JmqiException[CC=2;RC=2537;AMQ9536: Channel ended by an exit. [1=APP.CHL             ,2=MQ94\mqccred(ChlExit)]],3=localhost(41418),4=,5=RemoteExitChain.callScyExitSecParms]
	... 15 more
Caused by: com.ibm.mq.jmqi.JmqiException: CC=2;RC=2537;AMQ9204: Connection to host 'localhost(41416)' rejected. [1=com.ibm.mq.jmqi.JmqiException[CC=2;RC=2537;AMQ9536: Channel ended by an exit. [1=APP.CHL             ,2=MQ94\mqccred(ChlExit)]],3=localhost(41416),4=,5=RemoteExitChain.callScyExitSecParms]
	... 15 more
Caused by: com.ibm.mq.jmqi.JmqiException: CC=2;RC=2537;AMQ9204: Connection to host 'localhost(41417)' rejected. [1=com.ibm.mq.jmqi.JmqiException[CC=2;RC=2537;AMQ9536: Channel ended by an exit. [1=APP.CHL             ,2=MQ94\mqccred(ChlExit)]],3=localhost(41417),4=,5=RemoteExitChain.callScyExitSecParms]
	... 15 more
Caused by: com.ibm.mq.jmqi.JmqiException: CC=2;RC=2537;AMQ9536: Channel ended by an exit. [1=APP.CHL             ,2=MQ94\mqccred(ChlExit)]
	at com.ibm.mq.jmqi.remote.exit.RemoteExitChain.callScyExitSecParms(RemoteExitChain.java:601)
	at com.ibm.mq.jmqi.remote.impl.RemoteConnection.initOAMUserAuth(RemoteConnection.java:2434)
	at com.ibm.mq.jmqi.remote.impl.RemoteSession.initOAMUserAuth(RemoteSession.java:3073)
	at com.ibm.mq.jmqi.remote.impl.RemoteConnectionSpecification.getSession(RemoteConnectionSpecification.java:173)
	at com.ibm.mq.jmqi.remote.impl.RemoteConnectionPool.getSession(RemoteConnectionPool.java:128)
	at com.ibm.mq.jmqi.remote.api.RemoteFAP$Connector.jmqiConnect(RemoteFAP.java:13602)
	... 14 more
2026-09-29 14:11:07,008 INFO  [24] com.example.mqproducer.ProducerWorker - Producer thread 24 finished
2026-09-29 14:11:07,003 SEVERE [25] com.example.mqproducer.ProducerWorker - Producer 4 encountered an error
com.ibm.msg.client.jakarta.jms.DetailedJMSException: JMSWMQ2020: Failed to connect to queue manager '*PROD' with connection mode 'Client' and supplied CCDT URL 'file:///C:/Views/ACE12/UniformCluster/Agents/ucl1.json', see linked exception for more information.
Check the queue manager is started and if running in client mode, check there is a listener running. Please see the linked exception for more information.
	at com.ibm.msg.client.jakarta.wmq.common.internal.Reason.reasonToException(Reason.java:709)
	at com.ibm.msg.client.jakarta.wmq.common.internal.Reason.createException(Reason.java:229)
	at com.ibm.msg.client.jakarta.wmq.internal.WMQConnection.<init>(WMQConnection.java:509)
	at com.ibm.msg.client.jakarta.wmq.factories.WMQConnectionFactory.createV7ProviderConnection(WMQConnectionFactory.java:9699)
	at com.ibm.msg.client.jakarta.wmq.factories.WMQConnectionFactory.createProviderConnection(WMQConnectionFactory.java:8917)
	at com.ibm.msg.client.jakarta.jms.admin.JmsConnectionFactoryImpl._createConnection(JmsConnectionFactoryImpl.java:322)
	at com.ibm.msg.client.jakarta.jms.admin.JmsConnectionFactoryImpl.createConnection(JmsConnectionFactoryImpl.java:242)
	at com.ibm.mq.jakarta.jms.MQConnectionFactory.createCommonConnection(MQConnectionFactory.java:6666)
	at com.ibm.mq.jakarta.jms.MQConnectionFactory.createConnection(MQConnectionFactory.java:6695)
	at com.example.mqproducer.ProducerWorker.run(ProducerWorker.java:70)
	at java.base/java.lang.Thread.run(Thread.java:1570)
Caused by: com.ibm.mq.MQException: JMSCMQ0001: IBM MQ call failed with compcode '2' ('MQCC_FAILED') reason '2537' ('MQRC_CHANNEL_NOT_AVAILABLE').
	at com.ibm.msg.client.jakarta.wmq.common.internal.Reason.createException(Reason.java:217)
	... 9 more
Caused by: com.ibm.mq.jmqi.JmqiException: CC=2;RC=2537;AMQ9204: Connection to host 'localhost(41419)' rejected. [1=com.ibm.mq.jmqi.JmqiException[CC=2;RC=2537;AMQ9536: Channel ended by an exit. [1=APP.CHL             ,2=MQ94\mqccred(ChlExit)]],3=localhost(41419),4=,5=RemoteExitChain.callScyExitSecParms]
	at com.ibm.mq.jmqi.remote.api.RemoteFAP$Connector.jmqiConnect(RemoteFAP.java:13938)
	at com.ibm.mq.jmqi.remote.api.RemoteFAP$Connector.access$200(RemoteFAP.java:13337)
	at com.ibm.mq.jmqi.remote.api.RemoteFAP.jmqiConnect(RemoteFAP.java:1536)
	at com.ibm.mq.jmqi.remote.api.RemoteFAP.jmqiConnect(RemoteFAP.java:1405)
	at com.ibm.mq.ese.jmqi.InterceptedJmqiImpl.jmqiConnect(InterceptedJmqiImpl.java:377)
	at com.ibm.mq.ese.jmqi.ESEJMQI.jmqiConnect(ESEJMQI.java:562)
	at com.ibm.msg.client.jakarta.wmq.internal.WMQConnection.<init>(WMQConnection.java:441)
	... 8 more
Caused by: com.ibm.mq.jmqi.JmqiException: CC=2;RC=2537;AMQ9204: Connection to host 'localhost(41418)' rejected. [1=com.ibm.mq.jmqi.JmqiException[CC=2;RC=2537;AMQ9536: Channel ended by an exit. [1=APP.CHL             ,2=MQ94\mqccred(ChlExit)]],3=localhost(41418),4=,5=RemoteExitChain.callScyExitSecParms]
	... 15 more
Caused by: com.ibm.mq.jmqi.JmqiException: CC=2;RC=2537;AMQ9204: Connection to host 'localhost(41417)' rejected. [1=com.ibm.mq.jmqi.JmqiException[CC=2;RC=2537;AMQ9536: Channel ended by an exit. [1=APP.CHL             ,2=MQ94\mqccred(ChlExit)]],3=localhost(41417),4=,5=RemoteExitChain.callScyExitSecParms]
	... 15 more
Caused by: com.ibm.mq.jmqi.JmqiException: CC=2;RC=2537;AMQ9204: Connection to host 'localhost(41416)' rejected. [1=com.ibm.mq.jmqi.JmqiException[CC=2;RC=2537;AMQ9536: Channel ended by an exit. [1=APP.CHL             ,2=MQ94\mqccred(ChlExit)]],3=localhost(41416),4=,5=RemoteExitChain.callScyExitSecParms]
	... 15 more
Caused by: com.ibm.mq.jmqi.JmqiException: CC=2;RC=2537;AMQ9536: Channel ended by an exit. [1=APP.CHL             ,2=MQ94\mqccred(ChlExit)]
	at com.ibm.mq.jmqi.remote.exit.RemoteExitChain.callScyExitSecParms(RemoteExitChain.java:601)
	at com.ibm.mq.jmqi.remote.impl.RemoteConnection.initOAMUserAuth(RemoteConnection.java:2434)
	at com.ibm.mq.jmqi.remote.impl.RemoteSession.initOAMUserAuth(RemoteSession.java:3073)
	at com.ibm.mq.jmqi.remote.impl.RemoteConnectionSpecification.getSession(RemoteConnectionSpecification.java:173)
	at com.ibm.mq.jmqi.remote.impl.RemoteConnectionPool.getSession(RemoteConnectionPool.java:128)
	at com.ibm.mq.jmqi.remote.api.RemoteFAP$Connector.jmqiConnect(RemoteFAP.java:13602)
	... 14 more
2026-09-29 14:11:07,008 INFO  [25] com.example.mqproducer.ProducerWorker - Producer thread 25 finished
2026-09-29 14:11:07,003 SEVERE [29] com.example.mqproducer.ProducerWorker - Producer 8 encountered an error
com.ibm.msg.client.jakarta.jms.DetailedJMSException: JMSWMQ2020: Failed to connect to queue manager '*PROD' with connection mode 'Client' and supplied CCDT URL 'file:///C:/Views/ACE12/UniformCluster/Agents/ucl1.json', see linked exception for more information.
Check the queue manager is started and if running in client mode, check there is a listener running. Please see the linked exception for more information.
	at com.ibm.msg.client.jakarta.wmq.common.internal.Reason.reasonToException(Reason.java:709)
	at com.ibm.msg.client.jakarta.wmq.common.internal.Reason.createException(Reason.java:229)
	at com.ibm.msg.client.jakarta.wmq.internal.WMQConnection.<init>(WMQConnection.java:509)
	at com.ibm.msg.client.jakarta.wmq.factories.WMQConnectionFactory.createV7ProviderConnection(WMQConnectionFactory.java:9699)
	at com.ibm.msg.client.jakarta.wmq.factories.WMQConnectionFactory.createProviderConnection(WMQConnectionFactory.java:8917)
	at com.ibm.msg.client.jakarta.jms.admin.JmsConnectionFactoryImpl._createConnection(JmsConnectionFactoryImpl.java:322)
	at com.ibm.msg.client.jakarta.jms.admin.JmsConnectionFactoryImpl.createConnection(JmsConnectionFactoryImpl.java:242)
	at com.ibm.mq.jakarta.jms.MQConnectionFactory.createCommonConnection(MQConnectionFactory.java:6666)
	at com.ibm.mq.jakarta.jms.MQConnectionFactory.createConnection(MQConnectionFactory.java:6695)
	at com.example.mqproducer.ProducerWorker.run(ProducerWorker.java:70)
	at java.base/java.lang.Thread.run(Thread.java:1570)
Caused by: com.ibm.mq.MQException: JMSCMQ0001: IBM MQ call failed with compcode '2' ('MQCC_FAILED') reason '2537' ('MQRC_CHANNEL_NOT_AVAILABLE').
	at com.ibm.msg.client.jakarta.wmq.common.internal.Reason.createException(Reason.java:217)
	... 9 more
Caused by: com.ibm.mq.jmqi.JmqiException: CC=2;RC=2537;AMQ9204: Connection to host 'localhost(41418)' rejected. [1=com.ibm.mq.jmqi.JmqiException[CC=2;RC=2537;AMQ9536: Channel ended by an exit. [1=APP.CHL             ,2=MQ94\mqccred(ChlExit)]],3=localhost(41418),4=,5=RemoteExitChain.callScyExitSecParms]
	at com.ibm.mq.jmqi.remote.api.RemoteFAP$Connector.jmqiConnect(RemoteFAP.java:13938)
	at com.ibm.mq.jmqi.remote.api.RemoteFAP$Connector.access$200(RemoteFAP.java:13337)
	at com.ibm.mq.jmqi.remote.api.RemoteFAP.jmqiConnect(RemoteFAP.java:1536)
	at com.ibm.mq.jmqi.remote.api.RemoteFAP.jmqiConnect(RemoteFAP.java:1405)
	at com.ibm.mq.ese.jmqi.InterceptedJmqiImpl.jmqiConnect(InterceptedJmqiImpl.java:377)
	at com.ibm.mq.ese.jmqi.ESEJMQI.jmqiConnect(ESEJMQI.java:562)
	at com.ibm.msg.client.jakarta.wmq.internal.WMQConnection.<init>(WMQConnection.java:441)
	... 8 more
Caused by: com.ibm.mq.jmqi.JmqiException: CC=2;RC=2537;AMQ9204: Connection to host 'localhost(41417)' rejected. [1=com.ibm.mq.jmqi.JmqiException[CC=2;RC=2537;AMQ9536: Channel ended by an exit. [1=APP.CHL             ,2=MQ94\mqccred(ChlExit)]],3=localhost(41417),4=,5=RemoteExitChain.callScyExitSecParms]
	... 15 more
Caused by: com.ibm.mq.jmqi.JmqiException: CC=2;RC=2537;AMQ9204: Connection to host 'localhost(41416)' rejected. [1=com.ibm.mq.jmqi.JmqiException[CC=2;RC=2537;AMQ9536: Channel ended by an exit. [1=APP.CHL             ,2=MQ94\mqccred(ChlExit)]],3=localhost(41416),4=,5=RemoteExitChain.callScyExitSecParms]
	... 15 more
Caused by: com.ibm.mq.jmqi.JmqiException: CC=2;RC=2537;AMQ9204: Connection to host 'localhost(41419)' rejected. [1=com.ibm.mq.jmqi.JmqiException[CC=2;RC=2537;AMQ9536: Channel ended by an exit. [1=APP.CHL             ,2=MQ94\mqccred(ChlExit)]],3=localhost(41419),4=,5=RemoteExitChain.callScyExitSecParms]
	... 15 more
Caused by: com.ibm.mq.jmqi.JmqiException: CC=2;RC=2537;AMQ9536: Channel ended by an exit. [1=APP.CHL             ,2=MQ94\mqccred(ChlExit)]
	at com.ibm.mq.jmqi.remote.exit.RemoteExitChain.callScyExitSecParms(RemoteExitChain.java:601)
	at com.ibm.mq.jmqi.remote.impl.RemoteConnection.initOAMUserAuth(RemoteConnection.java:2434)
	at com.ibm.mq.jmqi.remote.impl.RemoteSession.initOAMUserAuth(RemoteSession.java:3073)
	at com.ibm.mq.jmqi.remote.impl.RemoteConnectionSpecification.getSession(RemoteConnectionSpecification.java:173)
	at com.ibm.mq.jmqi.remote.impl.RemoteConnectionPool.getSession(RemoteConnectionPool.java:128)
	at com.ibm.mq.jmqi.remote.api.RemoteFAP$Connector.jmqiConnect(RemoteFAP.java:13602)
	... 14 more
2026-09-29 14:11:07,003 SEVERE [27] com.example.mqproducer.ProducerWorker - Producer 6 encountered an error
com.ibm.msg.client.jakarta.jms.DetailedJMSException: JMSWMQ2020: Failed to connect to queue manager '*PROD' with connection mode 'Client' and supplied CCDT URL 'file:///C:/Views/ACE12/UniformCluster/Agents/ucl1.json', see linked exception for more information.
Check the queue manager is started and if running in client mode, check there is a listener running. Please see the linked exception for more information.
	at com.ibm.msg.client.jakarta.wmq.common.internal.Reason.reasonToException(Reason.java:709)
	at com.ibm.msg.client.jakarta.wmq.common.internal.Reason.createException(Reason.java:229)
	at com.ibm.msg.client.jakarta.wmq.internal.WMQConnection.<init>(WMQConnection.java:509)
	at com.ibm.msg.client.jakarta.wmq.factories.WMQConnectionFactory.createV7ProviderConnection(WMQConnectionFactory.java:9699)
	at com.ibm.msg.client.jakarta.wmq.factories.WMQConnectionFactory.createProviderConnection(WMQConnectionFactory.java:8917)
	at com.ibm.msg.client.jakarta.jms.admin.JmsConnectionFactoryImpl._createConnection(JmsConnectionFactoryImpl.java:322)
	at com.ibm.msg.client.jakarta.jms.admin.JmsConnectionFactoryImpl.createConnection(JmsConnectionFactoryImpl.java:242)
	at com.ibm.mq.jakarta.jms.MQConnectionFactory.createCommonConnection(MQConnectionFactory.java:6666)
	at com.ibm.mq.jakarta.jms.MQConnectionFactory.createConnection(MQConnectionFactory.java:6695)
	at com.example.mqproducer.ProducerWorker.run(ProducerWorker.java:70)
	at java.base/java.lang.Thread.run(Thread.java:1570)
Caused by: com.ibm.mq.MQException: JMSCMQ0001: IBM MQ call failed with compcode '2' ('MQCC_FAILED') reason '2537' ('MQRC_CHANNEL_NOT_AVAILABLE').
	at com.ibm.msg.client.jakarta.wmq.common.internal.Reason.createException(Reason.java:217)
	... 9 more
Caused by: com.ibm.mq.jmqi.JmqiException: CC=2;RC=2537;AMQ9204: Connection to host 'localhost(41418)' rejected. [1=com.ibm.mq.jmqi.JmqiException[CC=2;RC=2537;AMQ9536: Channel ended by an exit. [1=APP.CHL             ,2=MQ94\mqccred(ChlExit)]],3=localhost(41418),4=,5=RemoteExitChain.callScyExitSecParms]
	at com.ibm.mq.jmqi.remote.api.RemoteFAP$Connector.jmqiConnect(RemoteFAP.java:13938)
	at com.ibm.mq.jmqi.remote.api.RemoteFAP$Connector.access$200(RemoteFAP.java:13337)
	at com.ibm.mq.jmqi.remote.api.RemoteFAP.jmqiConnect(RemoteFAP.java:1536)
	at com.ibm.mq.jmqi.remote.api.RemoteFAP.jmqiConnect(RemoteFAP.java:1405)
	at com.ibm.mq.ese.jmqi.InterceptedJmqiImpl.jmqiConnect(InterceptedJmqiImpl.java:377)
	at com.ibm.mq.ese.jmqi.ESEJMQI.jmqiConnect(ESEJMQI.java:562)
	at com.ibm.msg.client.jakarta.wmq.internal.WMQConnection.<init>(WMQConnection.java:441)
	... 8 more
Caused by: com.ibm.mq.jmqi.JmqiException: CC=2;RC=2537;AMQ9204: Connection to host 'localhost(41417)' rejected. [1=com.ibm.mq.jmqi.JmqiException[CC=2;RC=2537;AMQ9536: Channel ended by an exit. [1=APP.CHL             ,2=MQ94\mqccred(ChlExit)]],3=localhost(41417),4=,5=RemoteExitChain.callScyExitSecParms]
	... 15 more
Caused by: com.ibm.mq.jmqi.JmqiException: CC=2;RC=2537;AMQ9204: Connection to host 'localhost(41419)' rejected. [1=com.ibm.mq.jmqi.JmqiException[CC=2;RC=2537;AMQ9536: Channel ended by an exit. [1=APP.CHL             ,2=MQ94\mqccred(ChlExit)]],3=localhost(41419),4=,5=RemoteExitChain.callScyExitSecParms]
	... 15 more
Caused by: com.ibm.mq.jmqi.JmqiException: CC=2;RC=2537;AMQ9204: Connection to host 'localhost(41416)' rejected. [1=com.ibm.mq.jmqi.JmqiException[CC=2;RC=2537;AMQ9536: Channel ended by an exit. [1=APP.CHL             ,2=MQ94\mqccred(ChlExit)]],3=localhost(41416),4=,5=RemoteExitChain.callScyExitSecParms]
	... 15 more
Caused by: com.ibm.mq.jmqi.JmqiException: CC=2;RC=2537;AMQ9536: Channel ended by an exit. [1=APP.CHL             ,2=MQ94\mqccred(ChlExit)]
	at com.ibm.mq.jmqi.remote.exit.RemoteExitChain.callScyExitSecParms(RemoteExitChain.java:601)
	at com.ibm.mq.jmqi.remote.impl.RemoteConnection.initOAMUserAuth(RemoteConnection.java:2434)
	at com.ibm.mq.jmqi.remote.impl.RemoteSession.initOAMUserAuth(RemoteSession.java:3073)
	at com.ibm.mq.jmqi.remote.impl.RemoteConnectionSpecification.getSession(RemoteConnectionSpecification.java:173)
	at com.ibm.mq.jmqi.remote.impl.RemoteConnectionPool.getSession(RemoteConnectionPool.java:128)
	at com.ibm.mq.jmqi.remote.api.RemoteFAP$Connector.jmqiConnect(RemoteFAP.java:13602)
	... 14 more
2026-09-29 14:11:07,003 SEVERE [30] com.example.mqproducer.ProducerWorker - Producer 9 encountered an error
com.ibm.msg.client.jakarta.jms.DetailedJMSException: JMSWMQ2020: Failed to connect to queue manager '*PROD' with connection mode 'Client' and supplied CCDT URL 'file:///C:/Views/ACE12/UniformCluster/Agents/ucl1.json', see linked exception for more information.
Check the queue manager is started and if running in client mode, check there is a listener running. Please see the linked exception for more information.
	at com.ibm.msg.client.jakarta.wmq.common.internal.Reason.reasonToException(Reason.java:709)
	at com.ibm.msg.client.jakarta.wmq.common.internal.Reason.createException(Reason.java:229)
	at com.ibm.msg.client.jakarta.wmq.internal.WMQConnection.<init>(WMQConnection.java:509)
	at com.ibm.msg.client.jakarta.wmq.factories.WMQConnectionFactory.createV7ProviderConnection(WMQConnectionFactory.java:9699)
	at com.ibm.msg.client.jakarta.wmq.factories.WMQConnectionFactory.createProviderConnection(WMQConnectionFactory.java:8917)
	at com.ibm.msg.client.jakarta.jms.admin.JmsConnectionFactoryImpl._createConnection(JmsConnectionFactoryImpl.java:322)
	at com.ibm.msg.client.jakarta.jms.admin.JmsConnectionFactoryImpl.createConnection(JmsConnectionFactoryImpl.java:242)
	at com.ibm.mq.jakarta.jms.MQConnectionFactory.createCommonConnection(MQConnectionFactory.java:6666)
	at com.ibm.mq.jakarta.jms.MQConnectionFactory.createConnection(MQConnectionFactory.java:6695)
	at com.example.mqproducer.ProducerWorker.run(ProducerWorker.java:70)
	at java.base/java.lang.Thread.run(Thread.java:1570)
Caused by: com.ibm.mq.MQException: JMSCMQ0001: IBM MQ call failed with compcode '2' ('MQCC_FAILED') reason '2537' ('MQRC_CHANNEL_NOT_AVAILABLE').
	at com.ibm.msg.client.jakarta.wmq.common.internal.Reason.createException(Reason.java:217)
	... 9 more
Caused by: com.ibm.mq.jmqi.JmqiException: CC=2;RC=2537;AMQ9204: Connection to host 'localhost(41416)' rejected. [1=com.ibm.mq.jmqi.JmqiException[CC=2;RC=2537;AMQ9536: Channel ended by an exit. [1=APP.CHL             ,2=MQ94\mqccred(ChlExit)]],3=localhost(41416),4=,5=RemoteExitChain.callScyExitSecParms]
	at com.ibm.mq.jmqi.remote.api.RemoteFAP$Connector.jmqiConnect(RemoteFAP.java:13938)
	at com.ibm.mq.jmqi.remote.api.RemoteFAP$Connector.access$200(RemoteFAP.java:13337)
	at com.ibm.mq.jmqi.remote.api.RemoteFAP.jmqiConnect(RemoteFAP.java:1536)
	at com.ibm.mq.jmqi.remote.api.RemoteFAP.jmqiConnect(RemoteFAP.java:1405)
	at com.ibm.mq.ese.jmqi.InterceptedJmqiImpl.jmqiConnect(InterceptedJmqiImpl.java:377)
	at com.ibm.mq.ese.jmqi.ESEJMQI.jmqiConnect(ESEJMQI.java:562)
	at com.ibm.msg.client.jakarta.wmq.internal.WMQConnection.<init>(WMQConnection.java:441)
	... 8 more
Caused by: com.ibm.mq.jmqi.JmqiException: CC=2;RC=2537;AMQ9204: Connection to host 'localhost(41419)' rejected. [1=com.ibm.mq.jmqi.JmqiException[CC=2;RC=2537;AMQ9536: Channel ended by an exit. [1=APP.CHL             ,2=MQ94\mqccred(ChlExit)]],3=localhost(41419),4=,5=RemoteExitChain.callScyExitSecParms]
	... 15 more
Caused by: com.ibm.mq.jmqi.JmqiException: CC=2;RC=2537;AMQ9204: Connection to host 'localhost(41417)' rejected. [1=com.ibm.mq.jmqi.JmqiException[CC=2;RC=2537;AMQ9536: Channel ended by an exit. [1=APP.CHL             ,2=MQ94\mqccred(ChlExit)]],3=localhost(41417),4=,5=RemoteExitChain.callScyExitSecParms]
	... 15 more
Caused by: com.ibm.mq.jmqi.JmqiException: CC=2;RC=2537;AMQ9204: Connection to host 'localhost(41418)' rejected. [1=com.ibm.mq.jmqi.JmqiException[CC=2;RC=2537;AMQ9536: Channel ended by an exit. [1=APP.CHL             ,2=MQ94\mqccred(ChlExit)]],3=localhost(41418),4=,5=RemoteExitChain.callScyExitSecParms]
	... 15 more
Caused by: com.ibm.mq.jmqi.JmqiException: CC=2;RC=2537;AMQ9536: Channel ended by an exit. [1=APP.CHL             ,2=MQ94\mqccred(ChlExit)]
	at com.ibm.mq.jmqi.remote.exit.RemoteExitChain.callScyExitSecParms(RemoteExitChain.java:601)
	at com.ibm.mq.jmqi.remote.impl.RemoteConnection.initOAMUserAuth(RemoteConnection.java:2434)
	at com.ibm.mq.jmqi.remote.impl.RemoteSession.initOAMUserAuth(RemoteSession.java:3073)
	at com.ibm.mq.jmqi.remote.impl.RemoteConnectionSpecification.getSession(RemoteConnectionSpecification.java:173)
	at com.ibm.mq.jmqi.remote.impl.RemoteConnectionPool.getSession(RemoteConnectionPool.java:128)
	at com.ibm.mq.jmqi.remote.api.RemoteFAP$Connector.jmqiConnect(RemoteFAP.java:13602)
	... 14 more
2026-09-29 14:11:07,011 INFO  [30] com.example.mqproducer.ProducerWorker - Producer thread 30 finished
2026-09-29 14:11:07,003 SEVERE [31] com.example.mqproducer.ProducerWorker - Producer 10 encountered an error
com.ibm.msg.client.jakarta.jms.DetailedJMSException: JMSWMQ2020: Failed to connect to queue manager '*PROD' with connection mode 'Client' and supplied CCDT URL 'file:///C:/Views/ACE12/UniformCluster/Agents/ucl1.json', see linked exception for more information.
Check the queue manager is started and if running in client mode, check there is a listener running. Please see the linked exception for more information.
	at com.ibm.msg.client.jakarta.wmq.common.internal.Reason.reasonToException(Reason.java:709)
	at com.ibm.msg.client.jakarta.wmq.common.internal.Reason.createException(Reason.java:229)
	at com.ibm.msg.client.jakarta.wmq.internal.WMQConnection.<init>(WMQConnection.java:509)
	at com.ibm.msg.client.jakarta.wmq.factories.WMQConnectionFactory.createV7ProviderConnection(WMQConnectionFactory.java:9699)
	at com.ibm.msg.client.jakarta.wmq.factories.WMQConnectionFactory.createProviderConnection(WMQConnectionFactory.java:8917)
	at com.ibm.msg.client.jakarta.jms.admin.JmsConnectionFactoryImpl._createConnection(JmsConnectionFactoryImpl.java:322)
	at com.ibm.msg.client.jakarta.jms.admin.JmsConnectionFactoryImpl.createConnection(JmsConnectionFactoryImpl.java:242)
	at com.ibm.mq.jakarta.jms.MQConnectionFactory.createCommonConnection(MQConnectionFactory.java:6666)
	at com.ibm.mq.jakarta.jms.MQConnectionFactory.createConnection(MQConnectionFactory.java:6695)
	at com.example.mqproducer.ProducerWorker.run(ProducerWorker.java:70)
	at java.base/java.lang.Thread.run(Thread.java:1570)
Caused by: com.ibm.mq.MQException: JMSCMQ0001: IBM MQ call failed with compcode '2' ('MQCC_FAILED') reason '2537' ('MQRC_CHANNEL_NOT_AVAILABLE').
	at com.ibm.msg.client.jakarta.wmq.common.internal.Reason.createException(Reason.java:217)
	... 9 more
Caused by: com.ibm.mq.jmqi.JmqiException: CC=2;RC=2537;AMQ9204: Connection to host 'localhost(41418)' rejected. [1=com.ibm.mq.jmqi.JmqiException[CC=2;RC=2537;AMQ9536: Channel ended by an exit. [1=APP.CHL             ,2=MQ94\mqccred(ChlExit)]],3=localhost(41418),4=,5=RemoteExitChain.callScyExitSecParms]
	at com.ibm.mq.jmqi.remote.api.RemoteFAP$Connector.jmqiConnect(RemoteFAP.java:13938)
	at com.ibm.mq.jmqi.remote.api.RemoteFAP$Connector.access$200(RemoteFAP.java:13337)
	at com.ibm.mq.jmqi.remote.api.RemoteFAP.jmqiConnect(RemoteFAP.java:1536)
	at com.ibm.mq.jmqi.remote.api.RemoteFAP.jmqiConnect(RemoteFAP.java:1405)
	at com.ibm.mq.ese.jmqi.InterceptedJmqiImpl.jmqiConnect(InterceptedJmqiImpl.java:377)
	at com.ibm.mq.ese.jmqi.ESEJMQI.jmqiConnect(ESEJMQI.java:562)
	at com.ibm.msg.client.jakarta.wmq.internal.WMQConnection.<init>(WMQConnection.java:441)
	... 8 more
Caused by: com.ibm.mq.jmqi.JmqiException: CC=2;RC=2537;AMQ9204: Connection to host 'localhost(41416)' rejected. [1=com.ibm.mq.jmqi.JmqiException[CC=2;RC=2537;AMQ9536: Channel ended by an exit. [1=APP.CHL             ,2=MQ94\mqccred(ChlExit)]],3=localhost(41416),4=,5=RemoteExitChain.callScyExitSecParms]
	... 15 more
Caused by: com.ibm.mq.jmqi.JmqiException: CC=2;RC=2537;AMQ9204: Connection to host 'localhost(41417)' rejected. [1=com.ibm.mq.jmqi.JmqiException[CC=2;RC=2537;AMQ9536: Channel ended by an exit. [1=APP.CHL             ,2=MQ94\mqccred(ChlExit)]],3=localhost(41417),4=,5=RemoteExitChain.callScyExitSecParms]
	... 15 more
Caused by: com.ibm.mq.jmqi.JmqiException: CC=2;RC=2537;AMQ9204: Connection to host 'localhost(41419)' rejected. [1=com.ibm.mq.jmqi.JmqiException[CC=2;RC=2537;AMQ9536: Channel ended by an exit. [1=APP.CHL             ,2=MQ94\mqccred(ChlExit)]],3=localhost(41419),4=,5=RemoteExitChain.callScyExitSecParms]
	... 15 more
Caused by: com.ibm.mq.jmqi.JmqiException: CC=2;RC=2537;AMQ9536: Channel ended by an exit. [1=APP.CHL             ,2=MQ94\mqccred(ChlExit)]
	at com.ibm.mq.jmqi.remote.exit.RemoteExitChain.callScyExitSecParms(RemoteExitChain.java:601)
	at com.ibm.mq.jmqi.remote.impl.RemoteConnection.initOAMUserAuth(RemoteConnection.java:2434)
	at com.ibm.mq.jmqi.remote.impl.RemoteSession.initOAMUserAuth(RemoteSession.java:3073)
	at com.ibm.mq.jmqi.remote.impl.RemoteConnectionSpecification.getSession(RemoteConnectionSpecification.java:173)
	at com.ibm.mq.jmqi.remote.impl.RemoteConnectionPool.getSession(RemoteConnectionPool.java:128)
	at com.ibm.mq.jmqi.remote.api.RemoteFAP$Connector.jmqiConnect(RemoteFAP.java:13602)
	... 14 more
2026-09-29 14:11:07,004 SEVERE [23] com.example.mqproducer.ProducerWorker - Producer 2 encountered an error
com.ibm.msg.client.jakarta.jms.DetailedJMSException: JMSWMQ2020: Failed to connect to queue manager '*PROD' with connection mode 'Client' and supplied CCDT URL 'file:///C:/Views/ACE12/UniformCluster/Agents/ucl1.json', see linked exception for more information.
Check the queue manager is started and if running in client mode, check there is a listener running. Please see the linked exception for more information.
	at com.ibm.msg.client.jakarta.wmq.common.internal.Reason.reasonToException(Reason.java:709)
	at com.ibm.msg.client.jakarta.wmq.common.internal.Reason.createException(Reason.java:229)
	at com.ibm.msg.client.jakarta.wmq.internal.WMQConnection.<init>(WMQConnection.java:509)
	at com.ibm.msg.client.jakarta.wmq.factories.WMQConnectionFactory.createV7ProviderConnection(WMQConnectionFactory.java:9699)
	at com.ibm.msg.client.jakarta.wmq.factories.WMQConnectionFactory.createProviderConnection(WMQConnectionFactory.java:8917)
	at com.ibm.msg.client.jakarta.jms.admin.JmsConnectionFactoryImpl._createConnection(JmsConnectionFactoryImpl.java:322)
	at com.ibm.msg.client.jakarta.jms.admin.JmsConnectionFactoryImpl.createConnection(JmsConnectionFactoryImpl.java:242)
	at com.ibm.mq.jakarta.jms.MQConnectionFactory.createCommonConnection(MQConnectionFactory.java:6666)
	at com.ibm.mq.jakarta.jms.MQConnectionFactory.createConnection(MQConnectionFactory.java:6695)
	at com.example.mqproducer.ProducerWorker.run(ProducerWorker.java:70)
	at java.base/java.lang.Thread.run(Thread.java:1570)
Caused by: com.ibm.mq.MQException: JMSCMQ0001: IBM MQ call failed with compcode '2' ('MQCC_FAILED') reason '2537' ('MQRC_CHANNEL_NOT_AVAILABLE').
	at com.ibm.msg.client.jakarta.wmq.common.internal.Reason.createException(Reason.java:217)
	... 9 more
Caused by: com.ibm.mq.jmqi.JmqiException: CC=2;RC=2537;AMQ9204: Connection to host 'localhost(41417)' rejected. [1=com.ibm.mq.jmqi.JmqiException[CC=2;RC=2537;AMQ9536: Channel ended by an exit. [1=APP.CHL             ,2=MQ94\mqccred(ChlExit)]],3=localhost(41417),4=,5=RemoteExitChain.callScyExitSecParms]
	at com.ibm.mq.jmqi.remote.api.RemoteFAP$Connector.jmqiConnect(RemoteFAP.java:13938)
	at com.ibm.mq.jmqi.remote.api.RemoteFAP$Connector.access$200(RemoteFAP.java:13337)
	at com.ibm.mq.jmqi.remote.api.RemoteFAP.jmqiConnect(RemoteFAP.java:1536)
	at com.ibm.mq.jmqi.remote.api.RemoteFAP.jmqiConnect(RemoteFAP.java:1405)
	at com.ibm.mq.ese.jmqi.InterceptedJmqiImpl.jmqiConnect(InterceptedJmqiImpl.java:377)
	at com.ibm.mq.ese.jmqi.ESEJMQI.jmqiConnect(ESEJMQI.java:562)
	at com.ibm.msg.client.jakarta.wmq.internal.WMQConnection.<init>(WMQConnection.java:441)
	... 8 more
Caused by: com.ibm.mq.jmqi.JmqiException: CC=2;RC=2537;AMQ9204: Connection to host 'localhost(41419)' rejected. [1=com.ibm.mq.jmqi.JmqiException[CC=2;RC=2537;AMQ9536: Channel ended by an exit. [1=APP.CHL             ,2=MQ94\mqccred(ChlExit)]],3=localhost(41419),4=,5=RemoteExitChain.callScyExitSecParms]
	... 15 more
Caused by: com.ibm.mq.jmqi.JmqiException: CC=2;RC=2537;AMQ9204: Connection to host 'localhost(41416)' rejected. [1=com.ibm.mq.jmqi.JmqiException[CC=2;RC=2537;AMQ9536: Channel ended by an exit. [1=APP.CHL             ,2=MQ94\mqccred(ChlExit)]],3=localhost(41416),4=,5=RemoteExitChain.callScyExitSecParms]
	... 15 more
Caused by: com.ibm.mq.jmqi.JmqiException: CC=2;RC=2537;AMQ9204: Connection to host 'localhost(41418)' rejected. [1=com.ibm.mq.jmqi.JmqiException[CC=2;RC=2537;AMQ9536: Channel ended by an exit. [1=APP.CHL             ,2=MQ94\mqccred(ChlExit)]],3=localhost(41418),4=,5=RemoteExitChain.callScyExitSecParms]
	... 15 more
Caused by: com.ibm.mq.jmqi.JmqiException: CC=2;RC=2537;AMQ9536: Channel ended by an exit. [1=APP.CHL             ,2=MQ94\mqccred(ChlExit)]
	at com.ibm.mq.jmqi.remote.exit.RemoteExitChain.callScyExitSecParms(RemoteExitChain.java:601)
	at com.ibm.mq.jmqi.remote.impl.RemoteConnection.initOAMUserAuth(RemoteConnection.java:2434)
	at com.ibm.mq.jmqi.remote.impl.RemoteSession.initOAMUserAuth(RemoteSession.java:3073)
	at com.ibm.mq.jmqi.remote.impl.RemoteConnectionSpecification.getSession(RemoteConnectionSpecification.java:173)
	at com.ibm.mq.jmqi.remote.impl.RemoteConnectionPool.getSession(RemoteConnectionPool.java:128)
	at com.ibm.mq.jmqi.remote.api.RemoteFAP$Connector.jmqiConnect(RemoteFAP.java:13602)
	... 14 more
2026-09-29 14:11:07,004 SEVERE [26] com.example.mqproducer.ProducerWorker - Producer 5 encountered an error
com.ibm.msg.client.jakarta.jms.DetailedJMSException: JMSWMQ2020: Failed to connect to queue manager '*PROD' with connection mode 'Client' and supplied CCDT URL 'file:///C:/Views/ACE12/UniformCluster/Agents/ucl1.json', see linked exception for more information.
Check the queue manager is started and if running in client mode, check there is a listener running. Please see the linked exception for more information.
	at com.ibm.msg.client.jakarta.wmq.common.internal.Reason.reasonToException(Reason.java:709)
	at com.ibm.msg.client.jakarta.wmq.common.internal.Reason.createException(Reason.java:229)
	at com.ibm.msg.client.jakarta.wmq.internal.WMQConnection.<init>(WMQConnection.java:509)
	at com.ibm.msg.client.jakarta.wmq.factories.WMQConnectionFactory.createV7ProviderConnection(WMQConnectionFactory.java:9699)
	at com.ibm.msg.client.jakarta.wmq.factories.WMQConnectionFactory.createProviderConnection(WMQConnectionFactory.java:8917)
	at com.ibm.msg.client.jakarta.jms.admin.JmsConnectionFactoryImpl._createConnection(JmsConnectionFactoryImpl.java:322)
	at com.ibm.msg.client.jakarta.jms.admin.JmsConnectionFactoryImpl.createConnection(JmsConnectionFactoryImpl.java:242)
	at com.ibm.mq.jakarta.jms.MQConnectionFactory.createCommonConnection(MQConnectionFactory.java:6666)
	at com.ibm.mq.jakarta.jms.MQConnectionFactory.createConnection(MQConnectionFactory.java:6695)
	at com.example.mqproducer.ProducerWorker.run(ProducerWorker.java:70)
	at java.base/java.lang.Thread.run(Thread.java:1570)
Caused by: com.ibm.mq.MQException: JMSCMQ0001: IBM MQ call failed with compcode '2' ('MQCC_FAILED') reason '2537' ('MQRC_CHANNEL_NOT_AVAILABLE').
	at com.ibm.msg.client.jakarta.wmq.common.internal.Reason.createException(Reason.java:217)
	... 9 more
Caused by: com.ibm.mq.jmqi.JmqiException: CC=2;RC=2537;AMQ9204: Connection to host 'localhost(41416)' rejected. [1=com.ibm.mq.jmqi.JmqiException[CC=2;RC=2537;AMQ9536: Channel ended by an exit. [1=APP.CHL             ,2=MQ94\mqccred(ChlExit)]],3=localhost(41416),4=,5=RemoteExitChain.callScyExitSecParms]
	at com.ibm.mq.jmqi.remote.api.RemoteFAP$Connector.jmqiConnect(RemoteFAP.java:13938)
	at com.ibm.mq.jmqi.remote.api.RemoteFAP$Connector.access$200(RemoteFAP.java:13337)
	at com.ibm.mq.jmqi.remote.api.RemoteFAP.jmqiConnect(RemoteFAP.java:1536)
	at com.ibm.mq.jmqi.remote.api.RemoteFAP.jmqiConnect(RemoteFAP.java:1405)
	at com.ibm.mq.ese.jmqi.InterceptedJmqiImpl.jmqiConnect(InterceptedJmqiImpl.java:377)
	at com.ibm.mq.ese.jmqi.ESEJMQI.jmqiConnect(ESEJMQI.java:562)
	at com.ibm.msg.client.jakarta.wmq.internal.WMQConnection.<init>(WMQConnection.java:441)
	... 8 more
Caused by: com.ibm.mq.jmqi.JmqiException: CC=2;RC=2537;AMQ9204: Connection to host 'localhost(41419)' rejected. [1=com.ibm.mq.jmqi.JmqiException[CC=2;RC=2537;AMQ9536: Channel ended by an exit. [1=APP.CHL             ,2=MQ94\mqccred(ChlExit)]],3=localhost(41419),4=,5=RemoteExitChain.callScyExitSecParms]
	... 15 more
Caused by: com.ibm.mq.jmqi.JmqiException: CC=2;RC=2537;AMQ9204: Connection to host 'localhost(41417)' rejected. [1=com.ibm.mq.jmqi.JmqiException[CC=2;RC=2537;AMQ9536: Channel ended by an exit. [1=APP.CHL             ,2=MQ94\mqccred(ChlExit)]],3=localhost(41417),4=,5=RemoteExitChain.callScyExitSecParms]
	... 15 more
Caused by: com.ibm.mq.jmqi.JmqiException: CC=2;RC=2537;AMQ9204: Connection to host 'localhost(41418)' rejected. [1=com.ibm.mq.jmqi.JmqiException[CC=2;RC=2537;AMQ9536: Channel ended by an exit. [1=APP.CHL             ,2=MQ94\mqccred(ChlExit)]],3=localhost(41418),4=,5=RemoteExitChain.callScyExitSecParms]
	... 15 more
Caused by: com.ibm.mq.jmqi.JmqiException: CC=2;RC=2537;AMQ9536: Channel ended by an exit. [1=APP.CHL             ,2=MQ94\mqccred(ChlExit)]
	at com.ibm.mq.jmqi.remote.exit.RemoteExitChain.callScyExitSecParms(RemoteExitChain.java:601)
	at com.ibm.mq.jmqi.remote.impl.RemoteConnection.initOAMUserAuth(RemoteConnection.java:2434)
	at com.ibm.mq.jmqi.remote.impl.RemoteSession.initOAMUserAuth(RemoteSession.java:3073)
	at com.ibm.mq.jmqi.remote.impl.RemoteConnectionSpecification.getSession(RemoteConnectionSpecification.java:173)
	at com.ibm.mq.jmqi.remote.impl.RemoteConnectionPool.getSession(RemoteConnectionPool.java:128)
	at com.ibm.mq.jmqi.remote.api.RemoteFAP$Connector.jmqiConnect(RemoteFAP.java:13602)
	... 14 more
2026-09-29 14:11:07,004 SEVERE [28] com.example.mqproducer.ProducerWorker - Producer 7 encountered an error
com.ibm.msg.client.jakarta.jms.DetailedJMSException: JMSWMQ2020: Failed to connect to queue manager '*PROD' with connection mode 'Client' and supplied CCDT URL 'file:///C:/Views/ACE12/UniformCluster/Agents/ucl1.json', see linked exception for more information.
Check the queue manager is started and if running in client mode, check there is a listener running. Please see the linked exception for more information.
	at com.ibm.msg.client.jakarta.wmq.common.internal.Reason.reasonToException(Reason.java:709)
	at com.ibm.msg.client.jakarta.wmq.common.internal.Reason.createException(Reason.java:229)
	at com.ibm.msg.client.jakarta.wmq.internal.WMQConnection.<init>(WMQConnection.java:509)
	at com.ibm.msg.client.jakarta.wmq.factories.WMQConnectionFactory.createV7ProviderConnection(WMQConnectionFactory.java:9699)
	at com.ibm.msg.client.jakarta.wmq.factories.WMQConnectionFactory.createProviderConnection(WMQConnectionFactory.java:8917)
	at com.ibm.msg.client.jakarta.jms.admin.JmsConnectionFactoryImpl._createConnection(JmsConnectionFactoryImpl.java:322)
	at com.ibm.msg.client.jakarta.jms.admin.JmsConnectionFactoryImpl.createConnection(JmsConnectionFactoryImpl.java:242)
	at com.ibm.mq.jakarta.jms.MQConnectionFactory.createCommonConnection(MQConnectionFactory.java:6666)
	at com.ibm.mq.jakarta.jms.MQConnectionFactory.createConnection(MQConnectionFactory.java:6695)
	at com.example.mqproducer.ProducerWorker.run(ProducerWorker.java:70)
	at java.base/java.lang.Thread.run(Thread.java:1570)
Caused by: com.ibm.mq.MQException: JMSCMQ0001: IBM MQ call failed with compcode '2' ('MQCC_FAILED') reason '2537' ('MQRC_CHANNEL_NOT_AVAILABLE').
	at com.ibm.msg.client.jakarta.wmq.common.internal.Reason.createException(Reason.java:217)
	... 9 more
Caused by: com.ibm.mq.jmqi.JmqiException: CC=2;RC=2537;AMQ9204: Connection to host 'localhost(41416)' rejected. [1=com.ibm.mq.jmqi.JmqiException[CC=2;RC=2537;AMQ9536: Channel ended by an exit. [1=APP.CHL             ,2=MQ94\mqccred(ChlExit)]],3=localhost(41416),4=,5=RemoteExitChain.callScyExitSecParms]
	at com.ibm.mq.jmqi.remote.api.RemoteFAP$Connector.jmqiConnect(RemoteFAP.java:13938)
	at com.ibm.mq.jmqi.remote.api.RemoteFAP$Connector.access$200(RemoteFAP.java:13337)
	at com.ibm.mq.jmqi.remote.api.RemoteFAP.jmqiConnect(RemoteFAP.java:1536)
	at com.ibm.mq.jmqi.remote.api.RemoteFAP.jmqiConnect(RemoteFAP.java:1405)
	at com.ibm.mq.ese.jmqi.InterceptedJmqiImpl.jmqiConnect(InterceptedJmqiImpl.java:377)
	at com.ibm.mq.ese.jmqi.ESEJMQI.jmqiConnect(ESEJMQI.java:562)
	at com.ibm.msg.client.jakarta.wmq.internal.WMQConnection.<init>(WMQConnection.java:441)
	... 8 more
Caused by: com.ibm.mq.jmqi.JmqiException: CC=2;RC=2537;AMQ9204: Connection to host 'localhost(41417)' rejected. [1=com.ibm.mq.jmqi.JmqiException[CC=2;RC=2537;AMQ9536: Channel ended by an exit. [1=APP.CHL             ,2=MQ94\mqccred(ChlExit)]],3=localhost(41417),4=,5=RemoteExitChain.callScyExitSecParms]
	... 15 more
Caused by: com.ibm.mq.jmqi.JmqiException: CC=2;RC=2537;AMQ9204: Connection to host 'localhost(41419)' rejected. [1=com.ibm.mq.jmqi.JmqiException[CC=2;RC=2537;AMQ9536: Channel ended by an exit. [1=APP.CHL             ,2=MQ94\mqccred(ChlExit)]],3=localhost(41419),4=,5=RemoteExitChain.callScyExitSecParms]
	... 15 more
Caused by: com.ibm.mq.jmqi.JmqiException: CC=2;RC=2537;AMQ9204: Connection to host 'localhost(41418)' rejected. [1=com.ibm.mq.jmqi.JmqiException[CC=2;RC=2537;AMQ9536: Channel ended by an exit. [1=APP.CHL             ,2=MQ94\mqccred(ChlExit)]],3=localhost(41418),4=,5=RemoteExitChain.callScyExitSecParms]
	... 15 more
Caused by: com.ibm.mq.jmqi.JmqiException: CC=2;RC=2537;AMQ9536: Channel ended by an exit. [1=APP.CHL             ,2=MQ94\mqccred(ChlExit)]
	at com.ibm.mq.jmqi.remote.exit.RemoteExitChain.callScyExitSecParms(RemoteExitChain.java:601)
	at com.ibm.mq.jmqi.remote.impl.RemoteConnection.initOAMUserAuth(RemoteConnection.java:2434)
	at com.ibm.mq.jmqi.remote.impl.RemoteSession.initOAMUserAuth(RemoteSession.java:3073)
	at com.ibm.mq.jmqi.remote.impl.RemoteConnectionSpecification.getSession(RemoteConnectionSpecification.java:173)
	at com.ibm.mq.jmqi.remote.impl.RemoteConnectionPool.getSession(RemoteConnectionPool.java:128)
	at com.ibm.mq.jmqi.remote.api.RemoteFAP$Connector.jmqiConnect(RemoteFAP.java:13602)
	... 14 more
2026-09-29 14:11:07,007 INFO  [22] com.example.mqproducer.ProducerWorker - Producer thread 22 finished
2026-09-29 14:11:07,009 INFO  [29] com.example.mqproducer.ProducerWorker - Producer thread 29 finished
2026-09-29 14:11:07,010 INFO  [27] com.example.mqproducer.ProducerWorker - Producer thread 27 finished
2026-09-29 14:11:07,012 INFO  [31] com.example.mqproducer.ProducerWorker - Producer thread 31 finished
2026-09-29 14:11:07,013 INFO  [23] com.example.mqproducer.ProducerWorker - Producer thread 23 finished
2026-09-29 14:11:07,013 INFO  [26] com.example.mqproducer.ProducerWorker - Producer thread 26 finished
2026-09-29 14:11:07,014 INFO  [28] com.example.mqproducer.ProducerWorker - Producer thread 28 finished
2026-09-29 14:11:07,015 INFO  [1] com.example.mqproducer.Main - All producer threads finished — 5000 messages sent — program exiting
2026-09-29 14:12:07,103 INFO  [1] com.example.mqproducer.Main - Starting MQ producer harness — threads=10  messagesPerThread=500  totalMessages=5000  queue=APPQ
2026-09-29 14:12:07,109 INFO  [22] com.example.mqproducer.ProducerWorker - Producer 1 starting
2026-09-29 14:12:07,110 INFO  [23] com.example.mqproducer.ProducerWorker - Producer 2 starting
2026-09-29 14:12:07,109 INFO  [26] com.example.mqproducer.ProducerWorker - Producer 5 starting
2026-09-29 14:12:07,109 INFO  [25] com.example.mqproducer.ProducerWorker - Producer 4 starting
2026-09-29 14:12:07,110 INFO  [27] com.example.mqproducer.ProducerWorker - Producer 6 starting
2026-09-29 14:12:07,110 INFO  [28] com.example.mqproducer.ProducerWorker - Producer 7 starting
2026-09-29 14:12:07,110 INFO  [29] com.example.mqproducer.ProducerWorker - Producer 8 starting
2026-09-29 14:12:07,110 INFO  [24] com.example.mqproducer.ProducerWorker - Producer 3 starting
2026-09-29 14:12:07,110 INFO  [30] com.example.mqproducer.ProducerWorker - Producer 9 starting
2026-09-29 14:12:07,110 INFO  [31] com.example.mqproducer.ProducerWorker - Producer 10 starting
2026-09-29 14:12:07,156 FINER [30] javax.management.mbeanserver - ObjectName = JMImplementation:type=MBeanServerDelegate
2026-09-29 14:12:07,157 FINER [30] javax.management.mbeanserver - name = JMImplementation:type=MBeanServerDelegate
2026-09-29 14:12:07,157 FINER [30] javax.management.mbeanserver - Send create notification of object JMImplementation:type=MBeanServerDelegate
2026-09-29 14:12:07,159 FINER [30] javax.management.mbeanserver - JMX.mbean.registered JMImplementation:type=MBeanServerDelegate
2026-09-29 14:12:07,171 FINER [30] javax.management.misc - Building MBeanInfo for sun.management.RuntimeImpl
2026-09-29 14:12:07,171 FINER [30] javax.management.mbeanserver - ObjectName = java.lang:type=Runtime
2026-09-29 14:12:07,172 FINER [30] javax.management.mbeanserver - name = java.lang:type=Runtime
2026-09-29 14:12:07,172 FINER [30] javax.management.mbeanserver - Send create notification of object java.lang:type=Runtime
2026-09-29 14:12:07,172 FINER [30] javax.management.mbeanserver - JMX.mbean.registered java.lang:type=Runtime
2026-09-29 14:12:07,175 FINER [30] javax.management.misc - Building MBeanInfo for com.sun.management.internal.HotSpotThreadImpl
2026-09-29 14:12:07,175 FINER [30] javax.management.mbeanserver - ObjectName = java.lang:type=Threading
2026-09-29 14:12:07,175 FINER [30] javax.management.mbeanserver - name = java.lang:type=Threading
2026-09-29 14:12:07,175 FINER [30] javax.management.mbeanserver - Send create notification of object java.lang:type=Threading
2026-09-29 14:12:07,175 FINER [30] javax.management.mbeanserver - JMX.mbean.registered java.lang:type=Threading
2026-09-29 14:12:07,182 FINER [30] javax.management.misc - Building MBeanInfo for com.sun.management.internal.OperatingSystemImpl
2026-09-29 14:12:07,182 FINER [30] javax.management.mbeanserver - ObjectName = java.lang:type=OperatingSystem
2026-09-29 14:12:07,182 FINER [30] javax.management.mbeanserver - name = java.lang:type=OperatingSystem
2026-09-29 14:12:07,182 FINER [30] javax.management.mbeanserver - Send create notification of object java.lang:type=OperatingSystem
2026-09-29 14:12:07,183 FINER [30] javax.management.mbeanserver - JMX.mbean.registered java.lang:type=OperatingSystem
2026-09-29 14:12:07,185 FINER [30] javax.management.misc - Building MBeanInfo for sun.management.MemoryManagerImpl
2026-09-29 14:12:07,185 FINER [30] javax.management.mbeanserver - ObjectName = java.lang:name=CodeCacheManager,type=MemoryManager
2026-09-29 14:12:07,185 FINER [30] javax.management.mbeanserver - name = java.lang:name=CodeCacheManager,type=MemoryManager
2026-09-29 14:12:07,185 FINER [30] javax.management.mbeanserver - Send create notification of object java.lang:name=CodeCacheManager,type=MemoryManager
2026-09-29 14:12:07,185 FINER [30] javax.management.mbeanserver - JMX.mbean.registered java.lang:name=CodeCacheManager,type=MemoryManager
2026-09-29 14:12:07,185 FINER [30] javax.management.misc - Building MBeanInfo for sun.management.MemoryManagerImpl
2026-09-29 14:12:07,186 FINER [30] javax.management.mbeanserver - ObjectName = java.lang:name=Metaspace Manager,type=MemoryManager
2026-09-29 14:12:07,186 FINER [30] javax.management.mbeanserver - name = java.lang:name=Metaspace Manager,type=MemoryManager
2026-09-29 14:12:07,186 FINER [30] javax.management.mbeanserver - Send create notification of object java.lang:name=Metaspace Manager,type=MemoryManager
2026-09-29 14:12:07,186 FINER [30] javax.management.mbeanserver - JMX.mbean.registered java.lang:name=Metaspace Manager,type=MemoryManager
2026-09-29 14:12:07,187 FINER [30] javax.management.misc - Building MBeanInfo for sun.management.MemoryPoolImpl
2026-09-29 14:12:07,187 FINER [30] javax.management.mbeanserver - ObjectName = java.lang:name=CodeHeap 'non-nmethods',type=MemoryPool
2026-09-29 14:12:07,187 FINER [30] javax.management.mbeanserver - name = java.lang:name=CodeHeap 'non-nmethods',type=MemoryPool
2026-09-29 14:12:07,187 FINER [30] javax.management.mbeanserver - Send create notification of object java.lang:name=CodeHeap 'non-nmethods',type=MemoryPool
2026-09-29 14:12:07,187 FINER [30] javax.management.mbeanserver - JMX.mbean.registered java.lang:name=CodeHeap 'non-nmethods',type=MemoryPool
2026-09-29 14:12:07,187 FINER [30] javax.management.misc - Building MBeanInfo for sun.management.MemoryPoolImpl
2026-09-29 14:12:07,187 FINER [30] javax.management.mbeanserver - ObjectName = java.lang:name=Metaspace,type=MemoryPool
2026-09-29 14:12:07,187 FINER [30] javax.management.mbeanserver - name = java.lang:name=Metaspace,type=MemoryPool
2026-09-29 14:12:07,187 FINER [30] javax.management.mbeanserver - Send create notification of object java.lang:name=Metaspace,type=MemoryPool
2026-09-29 14:12:07,188 FINER [30] javax.management.mbeanserver - JMX.mbean.registered java.lang:name=Metaspace,type=MemoryPool
2026-09-29 14:12:07,188 FINER [30] javax.management.misc - Building MBeanInfo for sun.management.MemoryPoolImpl
2026-09-29 14:12:07,188 FINER [30] javax.management.mbeanserver - ObjectName = java.lang:name=CodeHeap 'profiled nmethods',type=MemoryPool
2026-09-29 14:12:07,188 FINER [30] javax.management.mbeanserver - name = java.lang:name=CodeHeap 'profiled nmethods',type=MemoryPool
2026-09-29 14:12:07,188 FINER [30] javax.management.mbeanserver - Send create notification of object java.lang:name=CodeHeap 'profiled nmethods',type=MemoryPool
2026-09-29 14:12:07,188 FINER [30] javax.management.mbeanserver - JMX.mbean.registered java.lang:name=CodeHeap 'profiled nmethods',type=MemoryPool
2026-09-29 14:12:07,188 FINER [30] javax.management.misc - Building MBeanInfo for sun.management.MemoryPoolImpl
2026-09-29 14:12:07,188 FINER [30] javax.management.mbeanserver - ObjectName = java.lang:name=Compressed Class Space,type=MemoryPool
2026-09-29 14:12:07,188 FINER [30] javax.management.mbeanserver - name = java.lang:name=Compressed Class Space,type=MemoryPool
2026-09-29 14:12:07,188 FINER [30] javax.management.mbeanserver - Send create notification of object java.lang:name=Compressed Class Space,type=MemoryPool
2026-09-29 14:12:07,188 FINER [30] javax.management.mbeanserver - JMX.mbean.registered java.lang:name=Compressed Class Space,type=MemoryPool
2026-09-29 14:12:07,188 FINER [30] javax.management.misc - Building MBeanInfo for sun.management.MemoryPoolImpl
2026-09-29 14:12:07,188 FINER [30] javax.management.mbeanserver - ObjectName = java.lang:name=G1 Eden Space,type=MemoryPool
2026-09-29 14:12:07,188 FINER [30] javax.management.mbeanserver - name = java.lang:name=G1 Eden Space,type=MemoryPool
2026-09-29 14:12:07,188 FINER [30] javax.management.mbeanserver - Send create notification of object java.lang:name=G1 Eden Space,type=MemoryPool
2026-09-29 14:12:07,189 FINER [30] javax.management.mbeanserver - JMX.mbean.registered java.lang:name=G1 Eden Space,type=MemoryPool
2026-09-29 14:12:07,189 FINER [30] javax.management.misc - Building MBeanInfo for sun.management.MemoryPoolImpl
2026-09-29 14:12:07,189 FINER [30] javax.management.mbeanserver - ObjectName = java.lang:name=G1 Old Gen,type=MemoryPool
2026-09-29 14:12:07,189 FINER [30] javax.management.mbeanserver - name = java.lang:name=G1 Old Gen,type=MemoryPool
2026-09-29 14:12:07,189 FINER [30] javax.management.mbeanserver - Send create notification of object java.lang:name=G1 Old Gen,type=MemoryPool
2026-09-29 14:12:07,189 FINER [30] javax.management.mbeanserver - JMX.mbean.registered java.lang:name=G1 Old Gen,type=MemoryPool
2026-09-29 14:12:07,189 FINER [30] javax.management.misc - Building MBeanInfo for sun.management.MemoryPoolImpl
2026-09-29 14:12:07,189 FINER [30] javax.management.mbeanserver - ObjectName = java.lang:name=G1 Survivor Space,type=MemoryPool
2026-09-29 14:12:07,189 FINER [30] javax.management.mbeanserver - name = java.lang:name=G1 Survivor Space,type=MemoryPool
2026-09-29 14:12:07,189 FINER [30] javax.management.mbeanserver - Send create notification of object java.lang:name=G1 Survivor Space,type=MemoryPool
2026-09-29 14:12:07,189 FINER [30] javax.management.mbeanserver - JMX.mbean.registered java.lang:name=G1 Survivor Space,type=MemoryPool
2026-09-29 14:12:07,189 FINER [30] javax.management.misc - Building MBeanInfo for sun.management.MemoryPoolImpl
2026-09-29 14:12:07,189 FINER [30] javax.management.mbeanserver - ObjectName = java.lang:name=CodeHeap 'non-profiled nmethods',type=MemoryPool
2026-09-29 14:12:07,189 FINER [30] javax.management.mbeanserver - name = java.lang:name=CodeHeap 'non-profiled nmethods',type=MemoryPool
2026-09-29 14:12:07,190 FINER [30] javax.management.mbeanserver - Send create notification of object java.lang:name=CodeHeap 'non-profiled nmethods',type=MemoryPool
2026-09-29 14:12:07,190 FINER [30] javax.management.mbeanserver - JMX.mbean.registered java.lang:name=CodeHeap 'non-profiled nmethods',type=MemoryPool
2026-09-29 14:12:07,190 FINER [30] javax.management.misc - Building MBeanInfo for sun.management.CompilationImpl
2026-09-29 14:12:07,190 FINER [30] javax.management.mbeanserver - ObjectName = java.lang:type=Compilation
2026-09-29 14:12:07,190 FINER [30] javax.management.mbeanserver - name = java.lang:type=Compilation
2026-09-29 14:12:07,190 FINER [30] javax.management.mbeanserver - Send create notification of object java.lang:type=Compilation
2026-09-29 14:12:07,190 FINER [30] javax.management.mbeanserver - JMX.mbean.registered java.lang:type=Compilation
2026-09-29 14:12:07,191 FINER [30] javax.management.misc - Building MBeanInfo for sun.management.MemoryImpl
2026-09-29 14:12:07,191 FINER [30] javax.management.mbeanserver - ObjectName = java.lang:type=Memory
2026-09-29 14:12:07,191 FINER [30] javax.management.mbeanserver - name = java.lang:type=Memory
2026-09-29 14:12:07,191 FINER [30] javax.management.mbeanserver - Send create notification of object java.lang:type=Memory
2026-09-29 14:12:07,191 FINER [30] javax.management.mbeanserver - JMX.mbean.registered java.lang:type=Memory
2026-09-29 14:12:07,192 FINER [30] javax.management.misc - Building MBeanInfo for sun.management.ManagementFactoryHelper$PlatformLoggingImpl
2026-09-29 14:12:07,192 FINER [30] javax.management.mbeanserver - ObjectName = java.util.logging:type=Logging
2026-09-29 14:12:07,192 FINER [30] javax.management.mbeanserver - name = java.util.logging:type=Logging
2026-09-29 14:12:07,192 FINER [30] javax.management.mbeanserver - Send create notification of object java.util.logging:type=Logging
2026-09-29 14:12:07,192 FINER [30] javax.management.mbeanserver - JMX.mbean.registered java.util.logging:type=Logging
2026-09-29 14:12:07,193 FINER [30] javax.management.misc - Building MBeanInfo for sun.management.ClassLoadingImpl
2026-09-29 14:12:07,193 FINER [30] javax.management.mbeanserver - ObjectName = java.lang:type=ClassLoading
2026-09-29 14:12:07,193 FINER [30] javax.management.mbeanserver - name = java.lang:type=ClassLoading
2026-09-29 14:12:07,193 FINER [30] javax.management.mbeanserver - Send create notification of object java.lang:type=ClassLoading
2026-09-29 14:12:07,193 FINER [30] javax.management.mbeanserver - JMX.mbean.registered java.lang:type=ClassLoading
2026-09-29 14:12:07,228 FINER [30] javax.management.mbeanserver - ObjectName = com.sun.management:type=DiagnosticCommand
2026-09-29 14:12:07,228 FINER [30] javax.management.mbeanserver - name = com.sun.management:type=DiagnosticCommand
2026-09-29 14:12:07,229 FINER [30] javax.management.mbeanserver - Send create notification of object com.sun.management:type=DiagnosticCommand
2026-09-29 14:12:07,229 FINER [30] javax.management.mbeanserver - JMX.mbean.registered com.sun.management:type=DiagnosticCommand
2026-09-29 14:12:07,229 FINER [30] javax.management.misc - Building MBeanInfo for com.sun.management.internal.GarbageCollectorExtImpl
2026-09-29 14:12:07,230 FINER [30] javax.management.mbeanserver - ObjectName = java.lang:name=G1 Young Generation,type=GarbageCollector
2026-09-29 14:12:07,230 FINER [30] javax.management.mbeanserver - name = java.lang:name=G1 Young Generation,type=GarbageCollector
2026-09-29 14:12:07,230 FINER [30] javax.management.mbeanserver - Send create notification of object java.lang:name=G1 Young Generation,type=GarbageCollector
2026-09-29 14:12:07,230 FINER [30] javax.management.mbeanserver - JMX.mbean.registered java.lang:name=G1 Young Generation,type=GarbageCollector
2026-09-29 14:12:07,230 FINER [30] javax.management.misc - Building MBeanInfo for com.sun.management.internal.GarbageCollectorExtImpl
2026-09-29 14:12:07,230 FINER [30] javax.management.mbeanserver - ObjectName = java.lang:name=G1 Concurrent GC,type=GarbageCollector
2026-09-29 14:12:07,230 FINER [30] javax.management.mbeanserver - name = java.lang:name=G1 Concurrent GC,type=GarbageCollector
2026-09-29 14:12:07,230 FINER [30] javax.management.mbeanserver - Send create notification of object java.lang:name=G1 Concurrent GC,type=GarbageCollector
2026-09-29 14:12:07,230 FINER [30] javax.management.mbeanserver - JMX.mbean.registered java.lang:name=G1 Concurrent GC,type=GarbageCollector
2026-09-29 14:12:07,230 FINER [30] javax.management.misc - Building MBeanInfo for com.sun.management.internal.GarbageCollectorExtImpl
2026-09-29 14:12:07,230 FINER [30] javax.management.mbeanserver - ObjectName = java.lang:name=G1 Old Generation,type=GarbageCollector
2026-09-29 14:12:07,230 FINER [30] javax.management.mbeanserver - name = java.lang:name=G1 Old Generation,type=GarbageCollector
2026-09-29 14:12:07,230 FINER [30] javax.management.mbeanserver - Send create notification of object java.lang:name=G1 Old Generation,type=GarbageCollector
2026-09-29 14:12:07,230 FINER [30] javax.management.mbeanserver - JMX.mbean.registered java.lang:name=G1 Old Generation,type=GarbageCollector
2026-09-29 14:12:07,232 FINER [30] javax.management.misc - Building MBeanInfo for com.sun.management.internal.HotSpotDiagnostic
2026-09-29 14:12:07,232 FINER [30] javax.management.mbeanserver - ObjectName = com.sun.management:type=HotSpotDiagnostic
2026-09-29 14:12:07,232 FINER [30] javax.management.mbeanserver - name = com.sun.management:type=HotSpotDiagnostic
2026-09-29 14:12:07,232 FINER [30] javax.management.mbeanserver - Send create notification of object com.sun.management:type=HotSpotDiagnostic
2026-09-29 14:12:07,232 FINER [30] javax.management.mbeanserver - JMX.mbean.registered com.sun.management:type=HotSpotDiagnostic
2026-09-29 14:12:07,234 FINER [30] javax.management.misc - Building MBeanInfo for sun.management.ManagementFactoryHelper$1
2026-09-29 14:12:07,234 FINER [30] javax.management.mbeanserver - ObjectName = java.nio:name=mapped,type=BufferPool
2026-09-29 14:12:07,235 FINER [30] javax.management.mbeanserver - name = java.nio:name=mapped,type=BufferPool
2026-09-29 14:12:07,235 FINER [30] javax.management.mbeanserver - Send create notification of object java.nio:name=mapped,type=BufferPool
2026-09-29 14:12:07,235 FINER [30] javax.management.mbeanserver - JMX.mbean.registered java.nio:name=mapped,type=BufferPool
2026-09-29 14:12:07,235 FINER [30] javax.management.misc - Building MBeanInfo for sun.management.ManagementFactoryHelper$1
2026-09-29 14:12:07,235 FINER [30] javax.management.mbeanserver - ObjectName = java.nio:name=direct,type=BufferPool
2026-09-29 14:12:07,235 FINER [30] javax.management.mbeanserver - name = java.nio:name=direct,type=BufferPool
2026-09-29 14:12:07,235 FINER [30] javax.management.mbeanserver - Send create notification of object java.nio:name=direct,type=BufferPool
2026-09-29 14:12:07,235 FINER [30] javax.management.mbeanserver - JMX.mbean.registered java.nio:name=direct,type=BufferPool
2026-09-29 14:12:07,235 FINER [30] javax.management.misc - Building MBeanInfo for sun.management.ManagementFactoryHelper$1
2026-09-29 14:12:07,235 FINER [30] javax.management.mbeanserver - ObjectName = java.nio:name=mapped - 'non-volatile memory',type=BufferPool
2026-09-29 14:12:07,235 FINER [30] javax.management.mbeanserver - name = java.nio:name=mapped - 'non-volatile memory',type=BufferPool
2026-09-29 14:12:07,235 FINER [30] javax.management.mbeanserver - Send create notification of object java.nio:name=mapped - 'non-volatile memory',type=BufferPool
2026-09-29 14:12:07,235 FINER [30] javax.management.mbeanserver - JMX.mbean.registered java.nio:name=mapped - 'non-volatile memory',type=BufferPool
2026-09-29 14:12:07,241 FINER [30] javax.management.misc - Building MBeanInfo for jdk.management.jfr.FlightRecorderMXBeanImpl
2026-09-29 14:12:07,243 FINER [30] javax.management.mbeanserver - ObjectName = jdk.management.jfr:type=FlightRecorder
2026-09-29 14:12:07,243 FINER [30] javax.management.mbeanserver - name = jdk.management.jfr:type=FlightRecorder
2026-09-29 14:12:07,243 FINER [30] javax.management.mbeanserver - Send create notification of object jdk.management.jfr:type=FlightRecorder
2026-09-29 14:12:07,243 FINER [30] javax.management.mbeanserver - JMX.mbean.registered jdk.management.jfr:type=FlightRecorder
2026-09-29 14:12:07,244 FINER [30] javax.management.misc - Building MBeanInfo for com.ibm.msg.client.commonservices.propertystore.PropertyStoreControlImpl
2026-09-29 14:12:07,245 FINER [30] javax.management.mbeanserver - ObjectName = IBM MQ:type=CommonServices,name=PropertyStoreControl
2026-09-29 14:12:07,245 FINER [30] javax.management.mbeanserver - name = IBM MQ:type=CommonServices,name=PropertyStoreControl
2026-09-29 14:12:07,245 FINER [30] javax.management.mbeanserver - Send create notification of object IBM MQ:name=PropertyStoreControl,type=CommonServices
2026-09-29 14:12:07,245 FINER [30] javax.management.mbeanserver - JMX.mbean.registered IBM MQ:type=CommonServices,name=PropertyStoreControl
2026-09-29 14:12:07,273 FINER [30] javax.management.misc - Building MBeanInfo for com.ibm.msg.client.commonservices.propertystore.PropertyStoreControlImpl
2026-09-29 14:12:07,274 FINER [30] javax.management.mbeanserver - ObjectName = IBM MQ:type=CommonServices,name=PropertyStoreControl
2026-09-29 14:12:07,274 FINER [30] javax.management.mbeanserver - name = IBM MQ:type=CommonServices,name=PropertyStoreControl
2026-09-29 14:12:07,896 SEVERE [22] com.example.mqproducer.ProducerWorker - Producer 1 encountered an error
com.ibm.msg.client.jakarta.jms.DetailedJMSException: JMSWMQ2020: Failed to connect to queue manager '*PROD' with connection mode 'Client' and supplied CCDT URL 'file:///C:/Views/ACE12/UniformCluster/Agents/ucl1.json', see linked exception for more information.
Check the queue manager is started and if running in client mode, check there is a listener running. Please see the linked exception for more information.
	at com.ibm.msg.client.jakarta.wmq.common.internal.Reason.reasonToException(Reason.java:709)
	at com.ibm.msg.client.jakarta.wmq.common.internal.Reason.createException(Reason.java:229)
	at com.ibm.msg.client.jakarta.wmq.internal.WMQConnection.<init>(WMQConnection.java:509)
	at com.ibm.msg.client.jakarta.wmq.factories.WMQConnectionFactory.createV7ProviderConnection(WMQConnectionFactory.java:9699)
	at com.ibm.msg.client.jakarta.wmq.factories.WMQConnectionFactory.createProviderConnection(WMQConnectionFactory.java:8917)
	at com.ibm.msg.client.jakarta.jms.admin.JmsConnectionFactoryImpl._createConnection(JmsConnectionFactoryImpl.java:322)
	at com.ibm.msg.client.jakarta.jms.admin.JmsConnectionFactoryImpl.createConnection(JmsConnectionFactoryImpl.java:242)
	at com.ibm.mq.jakarta.jms.MQConnectionFactory.createCommonConnection(MQConnectionFactory.java:6666)
	at com.ibm.mq.jakarta.jms.MQConnectionFactory.createConnection(MQConnectionFactory.java:6695)
	at com.example.mqproducer.ProducerWorker.run(ProducerWorker.java:70)
	at java.base/java.lang.Thread.run(Thread.java:1570)
Caused by: com.ibm.mq.MQException: JMSCMQ0001: IBM MQ call failed with compcode '2' ('MQCC_FAILED') reason '2537' ('MQRC_CHANNEL_NOT_AVAILABLE').
	at com.ibm.msg.client.jakarta.wmq.common.internal.Reason.createException(Reason.java:217)
	... 9 more
Caused by: com.ibm.mq.jmqi.JmqiException: CC=2;RC=2537;AMQ9204: Connection to host 'localhost(41418)' rejected. [1=com.ibm.mq.jmqi.JmqiException[CC=2;RC=2537;AMQ9536: Channel ended by an exit. [1=APP.CHL             ,2=MQ94\mqccred(ChlExit)]],3=localhost(41418),4=,5=RemoteExitChain.callScyExitSecParms]
	at com.ibm.mq.jmqi.remote.api.RemoteFAP$Connector.jmqiConnect(RemoteFAP.java:13938)
	at com.ibm.mq.jmqi.remote.api.RemoteFAP$Connector.access$200(RemoteFAP.java:13337)
	at com.ibm.mq.jmqi.remote.api.RemoteFAP.jmqiConnect(RemoteFAP.java:1536)
	at com.ibm.mq.jmqi.remote.api.RemoteFAP.jmqiConnect(RemoteFAP.java:1405)
	at com.ibm.mq.ese.jmqi.InterceptedJmqiImpl.jmqiConnect(InterceptedJmqiImpl.java:377)
	at com.ibm.mq.ese.jmqi.ESEJMQI.jmqiConnect(ESEJMQI.java:562)
	at com.ibm.msg.client.jakarta.wmq.internal.WMQConnection.<init>(WMQConnection.java:441)
	... 8 more
Caused by: com.ibm.mq.jmqi.JmqiException: CC=2;RC=2537;AMQ9204: Connection to host 'localhost(41419)' rejected. [1=com.ibm.mq.jmqi.JmqiException[CC=2;RC=2537;AMQ9536: Channel ended by an exit. [1=APP.CHL             ,2=MQ94\mqccred(ChlExit)]],3=localhost(41419),4=,5=RemoteExitChain.callScyExitSecParms]
	... 15 more
Caused by: com.ibm.mq.jmqi.JmqiException: CC=2;RC=2537;AMQ9204: Connection to host 'localhost(41416)' rejected. [1=com.ibm.mq.jmqi.JmqiException[CC=2;RC=2537;AMQ9536: Channel ended by an exit. [1=APP.CHL             ,2=MQ94\mqccred(ChlExit)]],3=localhost(41416),4=,5=RemoteExitChain.callScyExitSecParms]
	... 15 more
Caused by: com.ibm.mq.jmqi.JmqiException: CC=2;RC=2537;AMQ9204: Connection to host 'localhost(41417)' rejected. [1=com.ibm.mq.jmqi.JmqiException[CC=2;RC=2537;AMQ9536: Channel ended by an exit. [1=APP.CHL             ,2=MQ94\mqccred(ChlExit)]],3=localhost(41417),4=,5=RemoteExitChain.callScyExitSecParms]
	... 15 more
Caused by: com.ibm.mq.jmqi.JmqiException: CC=2;RC=2537;AMQ9536: Channel ended by an exit. [1=APP.CHL             ,2=MQ94\mqccred(ChlExit)]
	at com.ibm.mq.jmqi.remote.exit.RemoteExitChain.callScyExitSecParms(RemoteExitChain.java:601)
	at com.ibm.mq.jmqi.remote.impl.RemoteConnection.initOAMUserAuth(RemoteConnection.java:2434)
	at com.ibm.mq.jmqi.remote.impl.RemoteSession.initOAMUserAuth(RemoteSession.java:3073)
	at com.ibm.mq.jmqi.remote.impl.RemoteConnectionSpecification.getSession(RemoteConnectionSpecification.java:173)
	at com.ibm.mq.jmqi.remote.impl.RemoteConnectionPool.getSession(RemoteConnectionPool.java:128)
	at com.ibm.mq.jmqi.remote.api.RemoteFAP$Connector.jmqiConnect(RemoteFAP.java:13602)
	... 14 more
2026-09-29 14:12:07,896 SEVERE [23] com.example.mqproducer.ProducerWorker - Producer 2 encountered an error
com.ibm.msg.client.jakarta.jms.DetailedJMSException: JMSWMQ2020: Failed to connect to queue manager '*PROD' with connection mode 'Client' and supplied CCDT URL 'file:///C:/Views/ACE12/UniformCluster/Agents/ucl1.json', see linked exception for more information.
Check the queue manager is started and if running in client mode, check there is a listener running. Please see the linked exception for more information.
	at com.ibm.msg.client.jakarta.wmq.common.internal.Reason.reasonToException(Reason.java:709)
	at com.ibm.msg.client.jakarta.wmq.common.internal.Reason.createException(Reason.java:229)
	at com.ibm.msg.client.jakarta.wmq.internal.WMQConnection.<init>(WMQConnection.java:509)
	at com.ibm.msg.client.jakarta.wmq.factories.WMQConnectionFactory.createV7ProviderConnection(WMQConnectionFactory.java:9699)
	at com.ibm.msg.client.jakarta.wmq.factories.WMQConnectionFactory.createProviderConnection(WMQConnectionFactory.java:8917)
	at com.ibm.msg.client.jakarta.jms.admin.JmsConnectionFactoryImpl._createConnection(JmsConnectionFactoryImpl.java:322)
	at com.ibm.msg.client.jakarta.jms.admin.JmsConnectionFactoryImpl.createConnection(JmsConnectionFactoryImpl.java:242)
	at com.ibm.mq.jakarta.jms.MQConnectionFactory.createCommonConnection(MQConnectionFactory.java:6666)
	at com.ibm.mq.jakarta.jms.MQConnectionFactory.createConnection(MQConnectionFactory.java:6695)
	at com.example.mqproducer.ProducerWorker.run(ProducerWorker.java:70)
	at java.base/java.lang.Thread.run(Thread.java:1570)
Caused by: com.ibm.mq.MQException: JMSCMQ0001: IBM MQ call failed with compcode '2' ('MQCC_FAILED') reason '2537' ('MQRC_CHANNEL_NOT_AVAILABLE').
	at com.ibm.msg.client.jakarta.wmq.common.internal.Reason.createException(Reason.java:217)
	... 9 more
Caused by: com.ibm.mq.jmqi.JmqiException: CC=2;RC=2537;AMQ9204: Connection to host 'localhost(41417)' rejected. [1=com.ibm.mq.jmqi.JmqiException[CC=2;RC=2537;AMQ9536: Channel ended by an exit. [1=APP.CHL             ,2=MQ94\mqccred(ChlExit)]],3=localhost(41417),4=,5=RemoteExitChain.callScyExitSecParms]
	at com.ibm.mq.jmqi.remote.api.RemoteFAP$Connector.jmqiConnect(RemoteFAP.java:13938)
	at com.ibm.mq.jmqi.remote.api.RemoteFAP$Connector.access$200(RemoteFAP.java:13337)
	at com.ibm.mq.jmqi.remote.api.RemoteFAP.jmqiConnect(RemoteFAP.java:1536)
	at com.ibm.mq.jmqi.remote.api.RemoteFAP.jmqiConnect(RemoteFAP.java:1405)
	at com.ibm.mq.ese.jmqi.InterceptedJmqiImpl.jmqiConnect(InterceptedJmqiImpl.java:377)
	at com.ibm.mq.ese.jmqi.ESEJMQI.jmqiConnect(ESEJMQI.java:562)
	at com.ibm.msg.client.jakarta.wmq.internal.WMQConnection.<init>(WMQConnection.java:441)
	... 8 more
Caused by: com.ibm.mq.jmqi.JmqiException: CC=2;RC=2537;AMQ9204: Connection to host 'localhost(41416)' rejected. [1=com.ibm.mq.jmqi.JmqiException[CC=2;RC=2537;AMQ9536: Channel ended by an exit. [1=APP.CHL             ,2=MQ94\mqccred(ChlExit)]],3=localhost(41416),4=,5=RemoteExitChain.callScyExitSecParms]
	... 15 more
Caused by: com.ibm.mq.jmqi.JmqiException: CC=2;RC=2537;AMQ9204: Connection to host 'localhost(41419)' rejected. [1=com.ibm.mq.jmqi.JmqiException[CC=2;RC=2537;AMQ9536: Channel ended by an exit. [1=APP.CHL             ,2=MQ94\mqccred(ChlExit)]],3=localhost(41419),4=,5=RemoteExitChain.callScyExitSecParms]
	... 15 more
Caused by: com.ibm.mq.jmqi.JmqiException: CC=2;RC=2537;AMQ9204: Connection to host 'localhost(41418)' rejected. [1=com.ibm.mq.jmqi.JmqiException[CC=2;RC=2537;AMQ9536: Channel ended by an exit. [1=APP.CHL             ,2=MQ94\mqccred(ChlExit)]],3=localhost(41418),4=,5=RemoteExitChain.callScyExitSecParms]
	... 15 more
Caused by: com.ibm.mq.jmqi.JmqiException: CC=2;RC=2537;AMQ9536: Channel ended by an exit. [1=APP.CHL             ,2=MQ94\mqccred(ChlExit)]
	at com.ibm.mq.jmqi.remote.exit.RemoteExitChain.callScyExitSecParms(RemoteExitChain.java:601)
	at com.ibm.mq.jmqi.remote.impl.RemoteConnection.initOAMUserAuth(RemoteConnection.java:2434)
	at com.ibm.mq.jmqi.remote.impl.RemoteSession.initOAMUserAuth(RemoteSession.java:3073)
	at com.ibm.mq.jmqi.remote.impl.RemoteConnectionSpecification.getSession(RemoteConnectionSpecification.java:173)
	at com.ibm.mq.jmqi.remote.impl.RemoteConnectionPool.getSession(RemoteConnectionPool.java:128)
	at com.ibm.mq.jmqi.remote.api.RemoteFAP$Connector.jmqiConnect(RemoteFAP.java:13602)
	... 14 more
2026-09-29 14:12:07,900 INFO  [23] com.example.mqproducer.ProducerWorker - Producer thread 23 finished
2026-09-29 14:12:07,896 SEVERE [28] com.example.mqproducer.ProducerWorker - Producer 7 encountered an error
com.ibm.msg.client.jakarta.jms.DetailedJMSException: JMSWMQ2020: Failed to connect to queue manager '*PROD' with connection mode 'Client' and supplied CCDT URL 'file:///C:/Views/ACE12/UniformCluster/Agents/ucl1.json', see linked exception for more information.
Check the queue manager is started and if running in client mode, check there is a listener running. Please see the linked exception for more information.
	at com.ibm.msg.client.jakarta.wmq.common.internal.Reason.reasonToException(Reason.java:709)
	at com.ibm.msg.client.jakarta.wmq.common.internal.Reason.createException(Reason.java:229)
	at com.ibm.msg.client.jakarta.wmq.internal.WMQConnection.<init>(WMQConnection.java:509)
	at com.ibm.msg.client.jakarta.wmq.factories.WMQConnectionFactory.createV7ProviderConnection(WMQConnectionFactory.java:9699)
	at com.ibm.msg.client.jakarta.wmq.factories.WMQConnectionFactory.createProviderConnection(WMQConnectionFactory.java:8917)
	at com.ibm.msg.client.jakarta.jms.admin.JmsConnectionFactoryImpl._createConnection(JmsConnectionFactoryImpl.java:322)
	at com.ibm.msg.client.jakarta.jms.admin.JmsConnectionFactoryImpl.createConnection(JmsConnectionFactoryImpl.java:242)
	at com.ibm.mq.jakarta.jms.MQConnectionFactory.createCommonConnection(MQConnectionFactory.java:6666)
	at com.ibm.mq.jakarta.jms.MQConnectionFactory.createConnection(MQConnectionFactory.java:6695)
	at com.example.mqproducer.ProducerWorker.run(ProducerWorker.java:70)
	at java.base/java.lang.Thread.run(Thread.java:1570)
Caused by: com.ibm.mq.MQException: JMSCMQ0001: IBM MQ call failed with compcode '2' ('MQCC_FAILED') reason '2537' ('MQRC_CHANNEL_NOT_AVAILABLE').
	at com.ibm.msg.client.jakarta.wmq.common.internal.Reason.createException(Reason.java:217)
	... 9 more
Caused by: com.ibm.mq.jmqi.JmqiException: CC=2;RC=2537;AMQ9204: Connection to host 'localhost(41417)' rejected. [1=com.ibm.mq.jmqi.JmqiException[CC=2;RC=2537;AMQ9536: Channel ended by an exit. [1=APP.CHL             ,2=MQ94\mqccred(ChlExit)]],3=localhost(41417),4=,5=RemoteExitChain.callScyExitSecParms]
	at com.ibm.mq.jmqi.remote.api.RemoteFAP$Connector.jmqiConnect(RemoteFAP.java:13938)
	at com.ibm.mq.jmqi.remote.api.RemoteFAP$Connector.access$200(RemoteFAP.java:13337)
	at com.ibm.mq.jmqi.remote.api.RemoteFAP.jmqiConnect(RemoteFAP.java:1536)
	at com.ibm.mq.jmqi.remote.api.RemoteFAP.jmqiConnect(RemoteFAP.java:1405)
	at com.ibm.mq.ese.jmqi.InterceptedJmqiImpl.jmqiConnect(InterceptedJmqiImpl.java:377)
	at com.ibm.mq.ese.jmqi.ESEJMQI.jmqiConnect(ESEJMQI.java:562)
	at com.ibm.msg.client.jakarta.wmq.internal.WMQConnection.<init>(WMQConnection.java:441)
	... 8 more
Caused by: com.ibm.mq.jmqi.JmqiException: CC=2;RC=2537;AMQ9204: Connection to host 'localhost(41419)' rejected. [1=com.ibm.mq.jmqi.JmqiException[CC=2;RC=2537;AMQ9536: Channel ended by an exit. [1=APP.CHL             ,2=MQ94\mqccred(ChlExit)]],3=localhost(41419),4=,5=RemoteExitChain.callScyExitSecParms]
	... 15 more
Caused by: com.ibm.mq.jmqi.JmqiException: CC=2;RC=2537;AMQ9204: Connection to host 'localhost(41416)' rejected. [1=com.ibm.mq.jmqi.JmqiException[CC=2;RC=2537;AMQ9536: Channel ended by an exit. [1=APP.CHL             ,2=MQ94\mqccred(ChlExit)]],3=localhost(41416),4=,5=RemoteExitChain.callScyExitSecParms]
	... 15 more
Caused by: com.ibm.mq.jmqi.JmqiException: CC=2;RC=2537;AMQ9204: Connection to host 'localhost(41418)' rejected. [1=com.ibm.mq.jmqi.JmqiException[CC=2;RC=2537;AMQ9536: Channel ended by an exit. [1=APP.CHL             ,2=MQ94\mqccred(ChlExit)]],3=localhost(41418),4=,5=RemoteExitChain.callScyExitSecParms]
	... 15 more
Caused by: com.ibm.mq.jmqi.JmqiException: CC=2;RC=2537;AMQ9536: Channel ended by an exit. [1=APP.CHL             ,2=MQ94\mqccred(ChlExit)]
	at com.ibm.mq.jmqi.remote.exit.RemoteExitChain.callScyExitSecParms(RemoteExitChain.java:601)
	at com.ibm.mq.jmqi.remote.impl.RemoteConnection.initOAMUserAuth(RemoteConnection.java:2434)
	at com.ibm.mq.jmqi.remote.impl.RemoteSession.initOAMUserAuth(RemoteSession.java:3073)
	at com.ibm.mq.jmqi.remote.impl.RemoteConnectionSpecification.getSession(RemoteConnectionSpecification.java:173)
	at com.ibm.mq.jmqi.remote.impl.RemoteConnectionPool.getSession(RemoteConnectionPool.java:128)
	at com.ibm.mq.jmqi.remote.api.RemoteFAP$Connector.jmqiConnect(RemoteFAP.java:13602)
	... 14 more
2026-09-29 14:12:07,896 SEVERE [25] com.example.mqproducer.ProducerWorker - Producer 4 encountered an error
com.ibm.msg.client.jakarta.jms.DetailedJMSException: JMSWMQ2020: Failed to connect to queue manager '*PROD' with connection mode 'Client' and supplied CCDT URL 'file:///C:/Views/ACE12/UniformCluster/Agents/ucl1.json', see linked exception for more information.
Check the queue manager is started and if running in client mode, check there is a listener running. Please see the linked exception for more information.
	at com.ibm.msg.client.jakarta.wmq.common.internal.Reason.reasonToException(Reason.java:709)
	at com.ibm.msg.client.jakarta.wmq.common.internal.Reason.createException(Reason.java:229)
	at com.ibm.msg.client.jakarta.wmq.internal.WMQConnection.<init>(WMQConnection.java:509)
	at com.ibm.msg.client.jakarta.wmq.factories.WMQConnectionFactory.createV7ProviderConnection(WMQConnectionFactory.java:9699)
	at com.ibm.msg.client.jakarta.wmq.factories.WMQConnectionFactory.createProviderConnection(WMQConnectionFactory.java:8917)
	at com.ibm.msg.client.jakarta.jms.admin.JmsConnectionFactoryImpl._createConnection(JmsConnectionFactoryImpl.java:322)
	at com.ibm.msg.client.jakarta.jms.admin.JmsConnectionFactoryImpl.createConnection(JmsConnectionFactoryImpl.java:242)
	at com.ibm.mq.jakarta.jms.MQConnectionFactory.createCommonConnection(MQConnectionFactory.java:6666)
	at com.ibm.mq.jakarta.jms.MQConnectionFactory.createConnection(MQConnectionFactory.java:6695)
	at com.example.mqproducer.ProducerWorker.run(ProducerWorker.java:70)
	at java.base/java.lang.Thread.run(Thread.java:1570)
Caused by: com.ibm.mq.MQException: JMSCMQ0001: IBM MQ call failed with compcode '2' ('MQCC_FAILED') reason '2537' ('MQRC_CHANNEL_NOT_AVAILABLE').
	at com.ibm.msg.client.jakarta.wmq.common.internal.Reason.createException(Reason.java:217)
	... 9 more
Caused by: com.ibm.mq.jmqi.JmqiException: CC=2;RC=2537;AMQ9204: Connection to host 'localhost(41417)' rejected. [1=com.ibm.mq.jmqi.JmqiException[CC=2;RC=2537;AMQ9536: Channel ended by an exit. [1=APP.CHL             ,2=MQ94\mqccred(ChlExit)]],3=localhost(41417),4=,5=RemoteExitChain.callScyExitSecParms]
	at com.ibm.mq.jmqi.remote.api.RemoteFAP$Connector.jmqiConnect(RemoteFAP.java:13938)
	at com.ibm.mq.jmqi.remote.api.RemoteFAP$Connector.access$200(RemoteFAP.java:13337)
	at com.ibm.mq.jmqi.remote.api.RemoteFAP.jmqiConnect(RemoteFAP.java:1536)
	at com.ibm.mq.jmqi.remote.api.RemoteFAP.jmqiConnect(RemoteFAP.java:1405)
	at com.ibm.mq.ese.jmqi.InterceptedJmqiImpl.jmqiConnect(InterceptedJmqiImpl.java:377)
	at com.ibm.mq.ese.jmqi.ESEJMQI.jmqiConnect(ESEJMQI.java:562)
	at com.ibm.msg.client.jakarta.wmq.internal.WMQConnection.<init>(WMQConnection.java:441)
	... 8 more
Caused by: com.ibm.mq.jmqi.JmqiException: CC=2;RC=2537;AMQ9204: Connection to host 'localhost(41416)' rejected. [1=com.ibm.mq.jmqi.JmqiException[CC=2;RC=2537;AMQ9536: Channel ended by an exit. [1=APP.CHL             ,2=MQ94\mqccred(ChlExit)]],3=localhost(41416),4=,5=RemoteExitChain.callScyExitSecParms]
	... 15 more
Caused by: com.ibm.mq.jmqi.JmqiException: CC=2;RC=2537;AMQ9204: Connection to host 'localhost(41418)' rejected. [1=com.ibm.mq.jmqi.JmqiException[CC=2;RC=2537;AMQ9536: Channel ended by an exit. [1=APP.CHL             ,2=MQ94\mqccred(ChlExit)]],3=localhost(41418),4=,5=RemoteExitChain.callScyExitSecParms]
	... 15 more
Caused by: com.ibm.mq.jmqi.JmqiException: CC=2;RC=2537;AMQ9204: Connection to host 'localhost(41419)' rejected. [1=com.ibm.mq.jmqi.JmqiException[CC=2;RC=2537;AMQ9536: Channel ended by an exit. [1=APP.CHL             ,2=MQ94\mqccred(ChlExit)]],3=localhost(41419),4=,5=RemoteExitChain.callScyExitSecParms]
	... 15 more
Caused by: com.ibm.mq.jmqi.JmqiException: CC=2;RC=2537;AMQ9536: Channel ended by an exit. [1=APP.CHL             ,2=MQ94\mqccred(ChlExit)]
	at com.ibm.mq.jmqi.remote.exit.RemoteExitChain.callScyExitSecParms(RemoteExitChain.java:601)
	at com.ibm.mq.jmqi.remote.impl.RemoteConnection.initOAMUserAuth(RemoteConnection.java:2434)
	at com.ibm.mq.jmqi.remote.impl.RemoteSession.initOAMUserAuth(RemoteSession.java:3073)
	at com.ibm.mq.jmqi.remote.impl.RemoteConnectionSpecification.getSession(RemoteConnectionSpecification.java:173)
	at com.ibm.mq.jmqi.remote.impl.RemoteConnectionPool.getSession(RemoteConnectionPool.java:128)
	at com.ibm.mq.jmqi.remote.api.RemoteFAP$Connector.jmqiConnect(RemoteFAP.java:13602)
	... 14 more
2026-09-29 14:12:07,896 SEVERE [26] com.example.mqproducer.ProducerWorker - Producer 5 encountered an error
com.ibm.msg.client.jakarta.jms.DetailedJMSException: JMSWMQ2020: Failed to connect to queue manager '*PROD' with connection mode 'Client' and supplied CCDT URL 'file:///C:/Views/ACE12/UniformCluster/Agents/ucl1.json', see linked exception for more information.
Check the queue manager is started and if running in client mode, check there is a listener running. Please see the linked exception for more information.
	at com.ibm.msg.client.jakarta.wmq.common.internal.Reason.reasonToException(Reason.java:709)
	at com.ibm.msg.client.jakarta.wmq.common.internal.Reason.createException(Reason.java:229)
	at com.ibm.msg.client.jakarta.wmq.internal.WMQConnection.<init>(WMQConnection.java:509)
	at com.ibm.msg.client.jakarta.wmq.factories.WMQConnectionFactory.createV7ProviderConnection(WMQConnectionFactory.java:9699)
	at com.ibm.msg.client.jakarta.wmq.factories.WMQConnectionFactory.createProviderConnection(WMQConnectionFactory.java:8917)
	at com.ibm.msg.client.jakarta.jms.admin.JmsConnectionFactoryImpl._createConnection(JmsConnectionFactoryImpl.java:322)
	at com.ibm.msg.client.jakarta.jms.admin.JmsConnectionFactoryImpl.createConnection(JmsConnectionFactoryImpl.java:242)
	at com.ibm.mq.jakarta.jms.MQConnectionFactory.createCommonConnection(MQConnectionFactory.java:6666)
	at com.ibm.mq.jakarta.jms.MQConnectionFactory.createConnection(MQConnectionFactory.java:6695)
	at com.example.mqproducer.ProducerWorker.run(ProducerWorker.java:70)
	at java.base/java.lang.Thread.run(Thread.java:1570)
Caused by: com.ibm.mq.MQException: JMSCMQ0001: IBM MQ call failed with compcode '2' ('MQCC_FAILED') reason '2537' ('MQRC_CHANNEL_NOT_AVAILABLE').
	at com.ibm.msg.client.jakarta.wmq.common.internal.Reason.createException(Reason.java:217)
	... 9 more
Caused by: com.ibm.mq.jmqi.JmqiException: CC=2;RC=2537;AMQ9204: Connection to host 'localhost(41416)' rejected. [1=com.ibm.mq.jmqi.JmqiException[CC=2;RC=2537;AMQ9536: Channel ended by an exit. [1=APP.CHL             ,2=MQ94\mqccred(ChlExit)]],3=localhost(41416),4=,5=RemoteExitChain.callScyExitSecParms]
	at com.ibm.mq.jmqi.remote.api.RemoteFAP$Connector.jmqiConnect(RemoteFAP.java:13938)
	at com.ibm.mq.jmqi.remote.api.RemoteFAP$Connector.access$200(RemoteFAP.java:13337)
	at com.ibm.mq.jmqi.remote.api.RemoteFAP.jmqiConnect(RemoteFAP.java:1536)
	at com.ibm.mq.jmqi.remote.api.RemoteFAP.jmqiConnect(RemoteFAP.java:1405)
	at com.ibm.mq.ese.jmqi.InterceptedJmqiImpl.jmqiConnect(InterceptedJmqiImpl.java:377)
	at com.ibm.mq.ese.jmqi.ESEJMQI.jmqiConnect(ESEJMQI.java:562)
	at com.ibm.msg.client.jakarta.wmq.internal.WMQConnection.<init>(WMQConnection.java:441)
	... 8 more
Caused by: com.ibm.mq.jmqi.JmqiException: CC=2;RC=2537;AMQ9204: Connection to host 'localhost(41418)' rejected. [1=com.ibm.mq.jmqi.JmqiException[CC=2;RC=2537;AMQ9536: Channel ended by an exit. [1=APP.CHL             ,2=MQ94\mqccred(ChlExit)]],3=localhost(41418),4=,5=RemoteExitChain.callScyExitSecParms]
	... 15 more
Caused by: com.ibm.mq.jmqi.JmqiException: CC=2;RC=2537;AMQ9204: Connection to host 'localhost(41417)' rejected. [1=com.ibm.mq.jmqi.JmqiException[CC=2;RC=2537;AMQ9536: Channel ended by an exit. [1=APP.CHL             ,2=MQ94\mqccred(ChlExit)]],3=localhost(41417),4=,5=RemoteExitChain.callScyExitSecParms]
	... 15 more
Caused by: com.ibm.mq.jmqi.JmqiException: CC=2;RC=2537;AMQ9204: Connection to host 'localhost(41419)' rejected. [1=com.ibm.mq.jmqi.JmqiException[CC=2;RC=2537;AMQ9536: Channel ended by an exit. [1=APP.CHL             ,2=MQ94\mqccred(ChlExit)]],3=localhost(41419),4=,5=RemoteExitChain.callScyExitSecParms]
	... 15 more
Caused by: com.ibm.mq.jmqi.JmqiException: CC=2;RC=2537;AMQ9536: Channel ended by an exit. [1=APP.CHL             ,2=MQ94\mqccred(ChlExit)]
	at com.ibm.mq.jmqi.remote.exit.RemoteExitChain.callScyExitSecParms(RemoteExitChain.java:601)
	at com.ibm.mq.jmqi.remote.impl.RemoteConnection.initOAMUserAuth(RemoteConnection.java:2434)
	at com.ibm.mq.jmqi.remote.impl.RemoteSession.initOAMUserAuth(RemoteSession.java:3073)
	at com.ibm.mq.jmqi.remote.impl.RemoteConnectionSpecification.getSession(RemoteConnectionSpecification.java:173)
	at com.ibm.mq.jmqi.remote.impl.RemoteConnectionPool.getSession(RemoteConnectionPool.java:128)
	at com.ibm.mq.jmqi.remote.api.RemoteFAP$Connector.jmqiConnect(RemoteFAP.java:13602)
	... 14 more
2026-09-29 14:12:07,903 INFO  [26] com.example.mqproducer.ProducerWorker - Producer thread 26 finished
2026-09-29 14:12:07,896 SEVERE [24] com.example.mqproducer.ProducerWorker - Producer 3 encountered an error
com.ibm.msg.client.jakarta.jms.DetailedJMSException: JMSWMQ2020: Failed to connect to queue manager '*PROD' with connection mode 'Client' and supplied CCDT URL 'file:///C:/Views/ACE12/UniformCluster/Agents/ucl1.json', see linked exception for more information.
Check the queue manager is started and if running in client mode, check there is a listener running. Please see the linked exception for more information.
	at com.ibm.msg.client.jakarta.wmq.common.internal.Reason.reasonToException(Reason.java:709)
	at com.ibm.msg.client.jakarta.wmq.common.internal.Reason.createException(Reason.java:229)
	at com.ibm.msg.client.jakarta.wmq.internal.WMQConnection.<init>(WMQConnection.java:509)
	at com.ibm.msg.client.jakarta.wmq.factories.WMQConnectionFactory.createV7ProviderConnection(WMQConnectionFactory.java:9699)
	at com.ibm.msg.client.jakarta.wmq.factories.WMQConnectionFactory.createProviderConnection(WMQConnectionFactory.java:8917)
	at com.ibm.msg.client.jakarta.jms.admin.JmsConnectionFactoryImpl._createConnection(JmsConnectionFactoryImpl.java:322)
	at com.ibm.msg.client.jakarta.jms.admin.JmsConnectionFactoryImpl.createConnection(JmsConnectionFactoryImpl.java:242)
	at com.ibm.mq.jakarta.jms.MQConnectionFactory.createCommonConnection(MQConnectionFactory.java:6666)
	at com.ibm.mq.jakarta.jms.MQConnectionFactory.createConnection(MQConnectionFactory.java:6695)
	at com.example.mqproducer.ProducerWorker.run(ProducerWorker.java:70)
	at java.base/java.lang.Thread.run(Thread.java:1570)
Caused by: com.ibm.mq.MQException: JMSCMQ0001: IBM MQ call failed with compcode '2' ('MQCC_FAILED') reason '2537' ('MQRC_CHANNEL_NOT_AVAILABLE').
	at com.ibm.msg.client.jakarta.wmq.common.internal.Reason.createException(Reason.java:217)
	... 9 more
Caused by: com.ibm.mq.jmqi.JmqiException: CC=2;RC=2537;AMQ9204: Connection to host 'localhost(41419)' rejected. [1=com.ibm.mq.jmqi.JmqiException[CC=2;RC=2537;AMQ9536: Channel ended by an exit. [1=APP.CHL             ,2=MQ94\mqccred(ChlExit)]],3=localhost(41419),4=,5=RemoteExitChain.callScyExitSecParms]
	at com.ibm.mq.jmqi.remote.api.RemoteFAP$Connector.jmqiConnect(RemoteFAP.java:13938)
	at com.ibm.mq.jmqi.remote.api.RemoteFAP$Connector.access$200(RemoteFAP.java:13337)
	at com.ibm.mq.jmqi.remote.api.RemoteFAP.jmqiConnect(RemoteFAP.java:1536)
	at com.ibm.mq.jmqi.remote.api.RemoteFAP.jmqiConnect(RemoteFAP.java:1405)
	at com.ibm.mq.ese.jmqi.InterceptedJmqiImpl.jmqiConnect(InterceptedJmqiImpl.java:377)
	at com.ibm.mq.ese.jmqi.ESEJMQI.jmqiConnect(ESEJMQI.java:562)
	at com.ibm.msg.client.jakarta.wmq.internal.WMQConnection.<init>(WMQConnection.java:441)
	... 8 more
Caused by: com.ibm.mq.jmqi.JmqiException: CC=2;RC=2537;AMQ9204: Connection to host 'localhost(41416)' rejected. [1=com.ibm.mq.jmqi.JmqiException[CC=2;RC=2537;AMQ9536: Channel ended by an exit. [1=APP.CHL             ,2=MQ94\mqccred(ChlExit)]],3=localhost(41416),4=,5=RemoteExitChain.callScyExitSecParms]
	... 15 more
Caused by: com.ibm.mq.jmqi.JmqiException: CC=2;RC=2537;AMQ9204: Connection to host 'localhost(41417)' rejected. [1=com.ibm.mq.jmqi.JmqiException[CC=2;RC=2537;AMQ9536: Channel ended by an exit. [1=APP.CHL             ,2=MQ94\mqccred(ChlExit)]],3=localhost(41417),4=,5=RemoteExitChain.callScyExitSecParms]
	... 15 more
Caused by: com.ibm.mq.jmqi.JmqiException: CC=2;RC=2537;AMQ9204: Connection to host 'localhost(41418)' rejected. [1=com.ibm.mq.jmqi.JmqiException[CC=2;RC=2537;AMQ9536: Channel ended by an exit. [1=APP.CHL             ,2=MQ94\mqccred(ChlExit)]],3=localhost(41418),4=,5=RemoteExitChain.callScyExitSecParms]
	... 15 more
Caused by: com.ibm.mq.jmqi.JmqiException: CC=2;RC=2537;AMQ9536: Channel ended by an exit. [1=APP.CHL             ,2=MQ94\mqccred(ChlExit)]
	at com.ibm.mq.jmqi.remote.exit.RemoteExitChain.callScyExitSecParms(RemoteExitChain.java:601)
	at com.ibm.mq.jmqi.remote.impl.RemoteConnection.initOAMUserAuth(RemoteConnection.java:2434)
	at com.ibm.mq.jmqi.remote.impl.RemoteSession.initOAMUserAuth(RemoteSession.java:3073)
	at com.ibm.mq.jmqi.remote.impl.RemoteConnectionSpecification.getSession(RemoteConnectionSpecification.java:173)
	at com.ibm.mq.jmqi.remote.impl.RemoteConnectionPool.getSession(RemoteConnectionPool.java:128)
	at com.ibm.mq.jmqi.remote.api.RemoteFAP$Connector.jmqiConnect(RemoteFAP.java:13602)
	... 14 more
2026-09-29 14:12:07,904 INFO  [24] com.example.mqproducer.ProducerWorker - Producer thread 24 finished
2026-09-29 14:12:07,896 SEVERE [27] com.example.mqproducer.ProducerWorker - Producer 6 encountered an error
com.ibm.msg.client.jakarta.jms.DetailedJMSException: JMSWMQ2020: Failed to connect to queue manager '*PROD' with connection mode 'Client' and supplied CCDT URL 'file:///C:/Views/ACE12/UniformCluster/Agents/ucl1.json', see linked exception for more information.
Check the queue manager is started and if running in client mode, check there is a listener running. Please see the linked exception for more information.
	at com.ibm.msg.client.jakarta.wmq.common.internal.Reason.reasonToException(Reason.java:709)
	at com.ibm.msg.client.jakarta.wmq.common.internal.Reason.createException(Reason.java:229)
	at com.ibm.msg.client.jakarta.wmq.internal.WMQConnection.<init>(WMQConnection.java:509)
	at com.ibm.msg.client.jakarta.wmq.factories.WMQConnectionFactory.createV7ProviderConnection(WMQConnectionFactory.java:9699)
	at com.ibm.msg.client.jakarta.wmq.factories.WMQConnectionFactory.createProviderConnection(WMQConnectionFactory.java:8917)
	at com.ibm.msg.client.jakarta.jms.admin.JmsConnectionFactoryImpl._createConnection(JmsConnectionFactoryImpl.java:322)
	at com.ibm.msg.client.jakarta.jms.admin.JmsConnectionFactoryImpl.createConnection(JmsConnectionFactoryImpl.java:242)
	at com.ibm.mq.jakarta.jms.MQConnectionFactory.createCommonConnection(MQConnectionFactory.java:6666)
	at com.ibm.mq.jakarta.jms.MQConnectionFactory.createConnection(MQConnectionFactory.java:6695)
	at com.example.mqproducer.ProducerWorker.run(ProducerWorker.java:70)
	at java.base/java.lang.Thread.run(Thread.java:1570)
Caused by: com.ibm.mq.MQException: JMSCMQ0001: IBM MQ call failed with compcode '2' ('MQCC_FAILED') reason '2537' ('MQRC_CHANNEL_NOT_AVAILABLE').
	at com.ibm.msg.client.jakarta.wmq.common.internal.Reason.createException(Reason.java:217)
	... 9 more
Caused by: com.ibm.mq.jmqi.JmqiException: CC=2;RC=2537;AMQ9204: Connection to host 'localhost(41419)' rejected. [1=com.ibm.mq.jmqi.JmqiException[CC=2;RC=2537;AMQ9536: Channel ended by an exit. [1=APP.CHL             ,2=MQ94\mqccred(ChlExit)]],3=localhost(41419),4=,5=RemoteExitChain.callScyExitSecParms]
	at com.ibm.mq.jmqi.remote.api.RemoteFAP$Connector.jmqiConnect(RemoteFAP.java:13938)
	at com.ibm.mq.jmqi.remote.api.RemoteFAP$Connector.access$200(RemoteFAP.java:13337)
	at com.ibm.mq.jmqi.remote.api.RemoteFAP.jmqiConnect(RemoteFAP.java:1536)
	at com.ibm.mq.jmqi.remote.api.RemoteFAP.jmqiConnect(RemoteFAP.java:1405)
	at com.ibm.mq.ese.jmqi.InterceptedJmqiImpl.jmqiConnect(InterceptedJmqiImpl.java:377)
	at com.ibm.mq.ese.jmqi.ESEJMQI.jmqiConnect(ESEJMQI.java:562)
	at com.ibm.msg.client.jakarta.wmq.internal.WMQConnection.<init>(WMQConnection.java:441)
	... 8 more
Caused by: com.ibm.mq.jmqi.JmqiException: CC=2;RC=2537;AMQ9204: Connection to host 'localhost(41418)' rejected. [1=com.ibm.mq.jmqi.JmqiException[CC=2;RC=2537;AMQ9536: Channel ended by an exit. [1=APP.CHL             ,2=MQ94\mqccred(ChlExit)]],3=localhost(41418),4=,5=RemoteExitChain.callScyExitSecParms]
	... 15 more
Caused by: com.ibm.mq.jmqi.JmqiException: CC=2;RC=2537;AMQ9204: Connection to host 'localhost(41416)' rejected. [1=com.ibm.mq.jmqi.JmqiException[CC=2;RC=2537;AMQ9536: Channel ended by an exit. [1=APP.CHL             ,2=MQ94\mqccred(ChlExit)]],3=localhost(41416),4=,5=RemoteExitChain.callScyExitSecParms]
	... 15 more
Caused by: com.ibm.mq.jmqi.JmqiException: CC=2;RC=2537;AMQ9204: Connection to host 'localhost(41417)' rejected. [1=com.ibm.mq.jmqi.JmqiException[CC=2;RC=2537;AMQ9536: Channel ended by an exit. [1=APP.CHL             ,2=MQ94\mqccred(ChlExit)]],3=localhost(41417),4=,5=RemoteExitChain.callScyExitSecParms]
	... 15 more
Caused by: com.ibm.mq.jmqi.JmqiException: CC=2;RC=2537;AMQ9536: Channel ended by an exit. [1=APP.CHL             ,2=MQ94\mqccred(ChlExit)]
	at com.ibm.mq.jmqi.remote.exit.RemoteExitChain.callScyExitSecParms(RemoteExitChain.java:601)
	at com.ibm.mq.jmqi.remote.impl.RemoteConnection.initOAMUserAuth(RemoteConnection.java:2434)
	at com.ibm.mq.jmqi.remote.impl.RemoteSession.initOAMUserAuth(RemoteSession.java:3073)
	at com.ibm.mq.jmqi.remote.impl.RemoteConnectionSpecification.getSession(RemoteConnectionSpecification.java:173)
	at com.ibm.mq.jmqi.remote.impl.RemoteConnectionPool.getSession(RemoteConnectionPool.java:128)
	at com.ibm.mq.jmqi.remote.api.RemoteFAP$Connector.jmqiConnect(RemoteFAP.java:13602)
	... 14 more
2026-09-29 14:12:07,905 INFO  [27] com.example.mqproducer.ProducerWorker - Producer thread 27 finished
2026-09-29 14:12:07,896 SEVERE [31] com.example.mqproducer.ProducerWorker - Producer 10 encountered an error
com.ibm.msg.client.jakarta.jms.DetailedJMSException: JMSWMQ2020: Failed to connect to queue manager '*PROD' with connection mode 'Client' and supplied CCDT URL 'file:///C:/Views/ACE12/UniformCluster/Agents/ucl1.json', see linked exception for more information.
Check the queue manager is started and if running in client mode, check there is a listener running. Please see the linked exception for more information.
	at com.ibm.msg.client.jakarta.wmq.common.internal.Reason.reasonToException(Reason.java:709)
	at com.ibm.msg.client.jakarta.wmq.common.internal.Reason.createException(Reason.java:229)
	at com.ibm.msg.client.jakarta.wmq.internal.WMQConnection.<init>(WMQConnection.java:509)
	at com.ibm.msg.client.jakarta.wmq.factories.WMQConnectionFactory.createV7ProviderConnection(WMQConnectionFactory.java:9699)
	at com.ibm.msg.client.jakarta.wmq.factories.WMQConnectionFactory.createProviderConnection(WMQConnectionFactory.java:8917)
	at com.ibm.msg.client.jakarta.jms.admin.JmsConnectionFactoryImpl._createConnection(JmsConnectionFactoryImpl.java:322)
	at com.ibm.msg.client.jakarta.jms.admin.JmsConnectionFactoryImpl.createConnection(JmsConnectionFactoryImpl.java:242)
	at com.ibm.mq.jakarta.jms.MQConnectionFactory.createCommonConnection(MQConnectionFactory.java:6666)
	at com.ibm.mq.jakarta.jms.MQConnectionFactory.createConnection(MQConnectionFactory.java:6695)
	at com.example.mqproducer.ProducerWorker.run(ProducerWorker.java:70)
	at java.base/java.lang.Thread.run(Thread.java:1570)
Caused by: com.ibm.mq.MQException: JMSCMQ0001: IBM MQ call failed with compcode '2' ('MQCC_FAILED') reason '2537' ('MQRC_CHANNEL_NOT_AVAILABLE').
	at com.ibm.msg.client.jakarta.wmq.common.internal.Reason.createException(Reason.java:217)
	... 9 more
Caused by: com.ibm.mq.jmqi.JmqiException: CC=2;RC=2537;AMQ9204: Connection to host 'localhost(41418)' rejected. [1=com.ibm.mq.jmqi.JmqiException[CC=2;RC=2537;AMQ9536: Channel ended by an exit. [1=APP.CHL             ,2=MQ94\mqccred(ChlExit)]],3=localhost(41418),4=,5=RemoteExitChain.callScyExitSecParms]
	at com.ibm.mq.jmqi.remote.api.RemoteFAP$Connector.jmqiConnect(RemoteFAP.java:13938)
	at com.ibm.mq.jmqi.remote.api.RemoteFAP$Connector.access$200(RemoteFAP.java:13337)
	at com.ibm.mq.jmqi.remote.api.RemoteFAP.jmqiConnect(RemoteFAP.java:1536)
	at com.ibm.mq.jmqi.remote.api.RemoteFAP.jmqiConnect(RemoteFAP.java:1405)
	at com.ibm.mq.ese.jmqi.InterceptedJmqiImpl.jmqiConnect(InterceptedJmqiImpl.java:377)
	at com.ibm.mq.ese.jmqi.ESEJMQI.jmqiConnect(ESEJMQI.java:562)
	at com.ibm.msg.client.jakarta.wmq.internal.WMQConnection.<init>(WMQConnection.java:441)
	... 8 more
Caused by: com.ibm.mq.jmqi.JmqiException: CC=2;RC=2537;AMQ9204: Connection to host 'localhost(41419)' rejected. [1=com.ibm.mq.jmqi.JmqiException[CC=2;RC=2537;AMQ9536: Channel ended by an exit. [1=APP.CHL             ,2=MQ94\mqccred(ChlExit)]],3=localhost(41419),4=,5=RemoteExitChain.callScyExitSecParms]
	... 15 more
Caused by: com.ibm.mq.jmqi.JmqiException: CC=2;RC=2537;AMQ9204: Connection to host 'localhost(41417)' rejected. [1=com.ibm.mq.jmqi.JmqiException[CC=2;RC=2537;AMQ9536: Channel ended by an exit. [1=APP.CHL             ,2=MQ94\mqccred(ChlExit)]],3=localhost(41417),4=,5=RemoteExitChain.callScyExitSecParms]
	... 15 more
Caused by: com.ibm.mq.jmqi.JmqiException: CC=2;RC=2537;AMQ9204: Connection to host 'localhost(41416)' rejected. [1=com.ibm.mq.jmqi.JmqiException[CC=2;RC=2537;AMQ9536: Channel ended by an exit. [1=APP.CHL             ,2=MQ94\mqccred(ChlExit)]],3=localhost(41416),4=,5=RemoteExitChain.callScyExitSecParms]
	... 15 more
Caused by: com.ibm.mq.jmqi.JmqiException: CC=2;RC=2537;AMQ9536: Channel ended by an exit. [1=APP.CHL             ,2=MQ94\mqccred(ChlExit)]
	at com.ibm.mq.jmqi.remote.exit.RemoteExitChain.callScyExitSecParms(RemoteExitChain.java:601)
	at com.ibm.mq.jmqi.remote.impl.RemoteConnection.initOAMUserAuth(RemoteConnection.java:2434)
	at com.ibm.mq.jmqi.remote.impl.RemoteSession.initOAMUserAuth(RemoteSession.java:3073)
	at com.ibm.mq.jmqi.remote.impl.RemoteConnectionSpecification.getSession(RemoteConnectionSpecification.java:173)
	at com.ibm.mq.jmqi.remote.impl.RemoteConnectionPool.getSession(RemoteConnectionPool.java:128)
	at com.ibm.mq.jmqi.remote.api.RemoteFAP$Connector.jmqiConnect(RemoteFAP.java:13602)
	... 14 more
2026-09-29 14:12:07,896 SEVERE [30] com.example.mqproducer.ProducerWorker - Producer 9 encountered an error
com.ibm.msg.client.jakarta.jms.DetailedJMSException: JMSWMQ2020: Failed to connect to queue manager '*PROD' with connection mode 'Client' and supplied CCDT URL 'file:///C:/Views/ACE12/UniformCluster/Agents/ucl1.json', see linked exception for more information.
Check the queue manager is started and if running in client mode, check there is a listener running. Please see the linked exception for more information.
	at com.ibm.msg.client.jakarta.wmq.common.internal.Reason.reasonToException(Reason.java:709)
	at com.ibm.msg.client.jakarta.wmq.common.internal.Reason.createException(Reason.java:229)
	at com.ibm.msg.client.jakarta.wmq.internal.WMQConnection.<init>(WMQConnection.java:509)
	at com.ibm.msg.client.jakarta.wmq.factories.WMQConnectionFactory.createV7ProviderConnection(WMQConnectionFactory.java:9699)
	at com.ibm.msg.client.jakarta.wmq.factories.WMQConnectionFactory.createProviderConnection(WMQConnectionFactory.java:8917)
	at com.ibm.msg.client.jakarta.jms.admin.JmsConnectionFactoryImpl._createConnection(JmsConnectionFactoryImpl.java:322)
	at com.ibm.msg.client.jakarta.jms.admin.JmsConnectionFactoryImpl.createConnection(JmsConnectionFactoryImpl.java:242)
	at com.ibm.mq.jakarta.jms.MQConnectionFactory.createCommonConnection(MQConnectionFactory.java:6666)
	at com.ibm.mq.jakarta.jms.MQConnectionFactory.createConnection(MQConnectionFactory.java:6695)
	at com.example.mqproducer.ProducerWorker.run(ProducerWorker.java:70)
	at java.base/java.lang.Thread.run(Thread.java:1570)
Caused by: com.ibm.mq.MQException: JMSCMQ0001: IBM MQ call failed with compcode '2' ('MQCC_FAILED') reason '2537' ('MQRC_CHANNEL_NOT_AVAILABLE').
	at com.ibm.msg.client.jakarta.wmq.common.internal.Reason.createException(Reason.java:217)
	... 9 more
Caused by: com.ibm.mq.jmqi.JmqiException: CC=2;RC=2537;AMQ9204: Connection to host 'localhost(41416)' rejected. [1=com.ibm.mq.jmqi.JmqiException[CC=2;RC=2537;AMQ9536: Channel ended by an exit. [1=APP.CHL             ,2=MQ94\mqccred(ChlExit)]],3=localhost(41416),4=,5=RemoteExitChain.callScyExitSecParms]
	at com.ibm.mq.jmqi.remote.api.RemoteFAP$Connector.jmqiConnect(RemoteFAP.java:13938)
	at com.ibm.mq.jmqi.remote.api.RemoteFAP$Connector.access$200(RemoteFAP.java:13337)
	at com.ibm.mq.jmqi.remote.api.RemoteFAP.jmqiConnect(RemoteFAP.java:1536)
	at com.ibm.mq.jmqi.remote.api.RemoteFAP.jmqiConnect(RemoteFAP.java:1405)
	at com.ibm.mq.ese.jmqi.InterceptedJmqiImpl.jmqiConnect(InterceptedJmqiImpl.java:377)
	at com.ibm.mq.ese.jmqi.ESEJMQI.jmqiConnect(ESEJMQI.java:562)
	at com.ibm.msg.client.jakarta.wmq.internal.WMQConnection.<init>(WMQConnection.java:441)
	... 8 more
Caused by: com.ibm.mq.jmqi.JmqiException: CC=2;RC=2537;AMQ9204: Connection to host 'localhost(41418)' rejected. [1=com.ibm.mq.jmqi.JmqiException[CC=2;RC=2537;AMQ9536: Channel ended by an exit. [1=APP.CHL             ,2=MQ94\mqccred(ChlExit)]],3=localhost(41418),4=,5=RemoteExitChain.callScyExitSecParms]
	... 15 more
Caused by: com.ibm.mq.jmqi.JmqiException: CC=2;RC=2537;AMQ9204: Connection to host 'localhost(41419)' rejected. [1=com.ibm.mq.jmqi.JmqiException[CC=2;RC=2537;AMQ9536: Channel ended by an exit. [1=APP.CHL             ,2=MQ94\mqccred(ChlExit)]],3=localhost(41419),4=,5=RemoteExitChain.callScyExitSecParms]
	... 15 more
Caused by: com.ibm.mq.jmqi.JmqiException: CC=2;RC=2537;AMQ9204: Connection to host 'localhost(41417)' rejected. [1=com.ibm.mq.jmqi.JmqiException[CC=2;RC=2537;AMQ9536: Channel ended by an exit. [1=APP.CHL             ,2=MQ94\mqccred(ChlExit)]],3=localhost(41417),4=,5=RemoteExitChain.callScyExitSecParms]
	... 15 more
Caused by: com.ibm.mq.jmqi.JmqiException: CC=2;RC=2537;AMQ9536: Channel ended by an exit. [1=APP.CHL             ,2=MQ94\mqccred(ChlExit)]
	at com.ibm.mq.jmqi.remote.exit.RemoteExitChain.callScyExitSecParms(RemoteExitChain.java:601)
	at com.ibm.mq.jmqi.remote.impl.RemoteConnection.initOAMUserAuth(RemoteConnection.java:2434)
	at com.ibm.mq.jmqi.remote.impl.RemoteSession.initOAMUserAuth(RemoteSession.java:3073)
	at com.ibm.mq.jmqi.remote.impl.RemoteConnectionSpecification.getSession(RemoteConnectionSpecification.java:173)
	at com.ibm.mq.jmqi.remote.impl.RemoteConnectionPool.getSession(RemoteConnectionPool.java:128)
	at com.ibm.mq.jmqi.remote.api.RemoteFAP$Connector.jmqiConnect(RemoteFAP.java:13602)
	... 14 more
2026-09-29 14:12:07,907 INFO  [30] com.example.mqproducer.ProducerWorker - Producer thread 30 finished
2026-09-29 14:12:07,896 SEVERE [29] com.example.mqproducer.ProducerWorker - Producer 8 encountered an error
com.ibm.msg.client.jakarta.jms.DetailedJMSException: JMSWMQ2020: Failed to connect to queue manager '*PROD' with connection mode 'Client' and supplied CCDT URL 'file:///C:/Views/ACE12/UniformCluster/Agents/ucl1.json', see linked exception for more information.
Check the queue manager is started and if running in client mode, check there is a listener running. Please see the linked exception for more information.
	at com.ibm.msg.client.jakarta.wmq.common.internal.Reason.reasonToException(Reason.java:709)
	at com.ibm.msg.client.jakarta.wmq.common.internal.Reason.createException(Reason.java:229)
	at com.ibm.msg.client.jakarta.wmq.internal.WMQConnection.<init>(WMQConnection.java:509)
	at com.ibm.msg.client.jakarta.wmq.factories.WMQConnectionFactory.createV7ProviderConnection(WMQConnectionFactory.java:9699)
	at com.ibm.msg.client.jakarta.wmq.factories.WMQConnectionFactory.createProviderConnection(WMQConnectionFactory.java:8917)
	at com.ibm.msg.client.jakarta.jms.admin.JmsConnectionFactoryImpl._createConnection(JmsConnectionFactoryImpl.java:322)
	at com.ibm.msg.client.jakarta.jms.admin.JmsConnectionFactoryImpl.createConnection(JmsConnectionFactoryImpl.java:242)
	at com.ibm.mq.jakarta.jms.MQConnectionFactory.createCommonConnection(MQConnectionFactory.java:6666)
	at com.ibm.mq.jakarta.jms.MQConnectionFactory.createConnection(MQConnectionFactory.java:6695)
	at com.example.mqproducer.ProducerWorker.run(ProducerWorker.java:70)
	at java.base/java.lang.Thread.run(Thread.java:1570)
Caused by: com.ibm.mq.MQException: JMSCMQ0001: IBM MQ call failed with compcode '2' ('MQCC_FAILED') reason '2537' ('MQRC_CHANNEL_NOT_AVAILABLE').
	at com.ibm.msg.client.jakarta.wmq.common.internal.Reason.createException(Reason.java:217)
	... 9 more
Caused by: com.ibm.mq.jmqi.JmqiException: CC=2;RC=2537;AMQ9204: Connection to host 'localhost(41419)' rejected. [1=com.ibm.mq.jmqi.JmqiException[CC=2;RC=2537;AMQ9536: Channel ended by an exit. [1=APP.CHL             ,2=MQ94\mqccred(ChlExit)]],3=localhost(41419),4=,5=RemoteExitChain.callScyExitSecParms]
	at com.ibm.mq.jmqi.remote.api.RemoteFAP$Connector.jmqiConnect(RemoteFAP.java:13938)
	at com.ibm.mq.jmqi.remote.api.RemoteFAP$Connector.access$200(RemoteFAP.java:13337)
	at com.ibm.mq.jmqi.remote.api.RemoteFAP.jmqiConnect(RemoteFAP.java:1536)
	at com.ibm.mq.jmqi.remote.api.RemoteFAP.jmqiConnect(RemoteFAP.java:1405)
	at com.ibm.mq.ese.jmqi.InterceptedJmqiImpl.jmqiConnect(InterceptedJmqiImpl.java:377)
	at com.ibm.mq.ese.jmqi.ESEJMQI.jmqiConnect(ESEJMQI.java:562)
	at com.ibm.msg.client.jakarta.wmq.internal.WMQConnection.<init>(WMQConnection.java:441)
	... 8 more
Caused by: com.ibm.mq.jmqi.JmqiException: CC=2;RC=2537;AMQ9204: Connection to host 'localhost(41417)' rejected. [1=com.ibm.mq.jmqi.JmqiException[CC=2;RC=2537;AMQ9536: Channel ended by an exit. [1=APP.CHL             ,2=MQ94\mqccred(ChlExit)]],3=localhost(41417),4=,5=RemoteExitChain.callScyExitSecParms]
	... 15 more
Caused by: com.ibm.mq.jmqi.JmqiException: CC=2;RC=2537;AMQ9204: Connection to host 'localhost(41418)' rejected. [1=com.ibm.mq.jmqi.JmqiException[CC=2;RC=2537;AMQ9536: Channel ended by an exit. [1=APP.CHL             ,2=MQ94\mqccred(ChlExit)]],3=localhost(41418),4=,5=RemoteExitChain.callScyExitSecParms]
	... 15 more
Caused by: com.ibm.mq.jmqi.JmqiException: CC=2;RC=2537;AMQ9204: Connection to host 'localhost(41416)' rejected. [1=com.ibm.mq.jmqi.JmqiException[CC=2;RC=2537;AMQ9536: Channel ended by an exit. [1=APP.CHL             ,2=MQ94\mqccred(ChlExit)]],3=localhost(41416),4=,5=RemoteExitChain.callScyExitSecParms]
	... 15 more
Caused by: com.ibm.mq.jmqi.JmqiException: CC=2;RC=2537;AMQ9536: Channel ended by an exit. [1=APP.CHL             ,2=MQ94\mqccred(ChlExit)]
	at com.ibm.mq.jmqi.remote.exit.RemoteExitChain.callScyExitSecParms(RemoteExitChain.java:601)
	at com.ibm.mq.jmqi.remote.impl.RemoteConnection.initOAMUserAuth(RemoteConnection.java:2434)
	at com.ibm.mq.jmqi.remote.impl.RemoteSession.initOAMUserAuth(RemoteSession.java:3073)
	at com.ibm.mq.jmqi.remote.impl.RemoteConnectionSpecification.getSession(RemoteConnectionSpecification.java:173)
	at com.ibm.mq.jmqi.remote.impl.RemoteConnectionPool.getSession(RemoteConnectionPool.java:128)
	at com.ibm.mq.jmqi.remote.api.RemoteFAP$Connector.jmqiConnect(RemoteFAP.java:13602)
	... 14 more
2026-09-29 14:12:07,899 INFO  [22] com.example.mqproducer.ProducerWorker - Producer thread 22 finished
2026-09-29 14:12:07,901 INFO  [28] com.example.mqproducer.ProducerWorker - Producer thread 28 finished
2026-09-29 14:12:07,902 INFO  [25] com.example.mqproducer.ProducerWorker - Producer thread 25 finished
2026-09-29 14:12:07,906 INFO  [31] com.example.mqproducer.ProducerWorker - Producer thread 31 finished
2026-09-29 14:12:07,908 INFO  [29] com.example.mqproducer.ProducerWorker - Producer thread 29 finished
2026-09-29 14:12:07,909 INFO  [1] com.example.mqproducer.Main - All producer threads finished — 5000 messages sent — program exiting
2026-09-29 14:12:45,034 INFO  [1] com.example.mqproducer.Main - Starting MQ producer harness — threads=10  messagesPerThread=500  totalMessages=5000  queue=APPQ
2026-09-29 14:12:45,042 INFO  [23] com.example.mqproducer.ProducerWorker - Producer 2 starting
2026-09-29 14:12:45,042 INFO  [27] com.example.mqproducer.ProducerWorker - Producer 6 starting
2026-09-29 14:12:45,042 INFO  [31] com.example.mqproducer.ProducerWorker - Producer 10 starting
2026-09-29 14:12:45,042 INFO  [24] com.example.mqproducer.ProducerWorker - Producer 3 starting
2026-09-29 14:12:45,042 INFO  [22] com.example.mqproducer.ProducerWorker - Producer 1 starting
2026-09-29 14:12:45,042 INFO  [29] com.example.mqproducer.ProducerWorker - Producer 8 starting
2026-09-29 14:12:45,042 INFO  [25] com.example.mqproducer.ProducerWorker - Producer 4 starting
2026-09-29 14:12:45,042 INFO  [26] com.example.mqproducer.ProducerWorker - Producer 5 starting
2026-09-29 14:12:45,042 INFO  [30] com.example.mqproducer.ProducerWorker - Producer 9 starting
2026-09-29 14:12:45,042 INFO  [28] com.example.mqproducer.ProducerWorker - Producer 7 starting
2026-09-29 14:12:45,083 FINER [25] javax.management.mbeanserver - ObjectName = JMImplementation:type=MBeanServerDelegate
2026-09-29 14:12:45,084 FINER [25] javax.management.mbeanserver - name = JMImplementation:type=MBeanServerDelegate
2026-09-29 14:12:45,084 FINER [25] javax.management.mbeanserver - Send create notification of object JMImplementation:type=MBeanServerDelegate
2026-09-29 14:12:45,087 FINER [25] javax.management.mbeanserver - JMX.mbean.registered JMImplementation:type=MBeanServerDelegate
2026-09-29 14:12:45,097 FINER [25] javax.management.misc - Building MBeanInfo for sun.management.RuntimeImpl
2026-09-29 14:12:45,097 FINER [25] javax.management.mbeanserver - ObjectName = java.lang:type=Runtime
2026-09-29 14:12:45,098 FINER [25] javax.management.mbeanserver - name = java.lang:type=Runtime
2026-09-29 14:12:45,098 FINER [25] javax.management.mbeanserver - Send create notification of object java.lang:type=Runtime
2026-09-29 14:12:45,098 FINER [25] javax.management.mbeanserver - JMX.mbean.registered java.lang:type=Runtime
2026-09-29 14:12:45,103 FINER [25] javax.management.misc - Building MBeanInfo for com.sun.management.internal.HotSpotThreadImpl
2026-09-29 14:12:45,103 FINER [25] javax.management.mbeanserver - ObjectName = java.lang:type=Threading
2026-09-29 14:12:45,103 FINER [25] javax.management.mbeanserver - name = java.lang:type=Threading
2026-09-29 14:12:45,103 FINER [25] javax.management.mbeanserver - Send create notification of object java.lang:type=Threading
2026-09-29 14:12:45,103 FINER [25] javax.management.mbeanserver - JMX.mbean.registered java.lang:type=Threading
2026-09-29 14:12:45,109 FINER [25] javax.management.misc - Building MBeanInfo for com.sun.management.internal.OperatingSystemImpl
2026-09-29 14:12:45,109 FINER [25] javax.management.mbeanserver - ObjectName = java.lang:type=OperatingSystem
2026-09-29 14:12:45,109 FINER [25] javax.management.mbeanserver - name = java.lang:type=OperatingSystem
2026-09-29 14:12:45,109 FINER [25] javax.management.mbeanserver - Send create notification of object java.lang:type=OperatingSystem
2026-09-29 14:12:45,109 FINER [25] javax.management.mbeanserver - JMX.mbean.registered java.lang:type=OperatingSystem
2026-09-29 14:12:45,111 FINER [25] javax.management.misc - Building MBeanInfo for sun.management.MemoryManagerImpl
2026-09-29 14:12:45,111 FINER [25] javax.management.mbeanserver - ObjectName = java.lang:name=CodeCacheManager,type=MemoryManager
2026-09-29 14:12:45,112 FINER [25] javax.management.mbeanserver - name = java.lang:name=CodeCacheManager,type=MemoryManager
2026-09-29 14:12:45,112 FINER [25] javax.management.mbeanserver - Send create notification of object java.lang:name=CodeCacheManager,type=MemoryManager
2026-09-29 14:12:45,112 FINER [25] javax.management.mbeanserver - JMX.mbean.registered java.lang:name=CodeCacheManager,type=MemoryManager
2026-09-29 14:12:45,112 FINER [25] javax.management.misc - Building MBeanInfo for sun.management.MemoryManagerImpl
2026-09-29 14:12:45,112 FINER [25] javax.management.mbeanserver - ObjectName = java.lang:name=Metaspace Manager,type=MemoryManager
2026-09-29 14:12:45,112 FINER [25] javax.management.mbeanserver - name = java.lang:name=Metaspace Manager,type=MemoryManager
2026-09-29 14:12:45,112 FINER [25] javax.management.mbeanserver - Send create notification of object java.lang:name=Metaspace Manager,type=MemoryManager
2026-09-29 14:12:45,112 FINER [25] javax.management.mbeanserver - JMX.mbean.registered java.lang:name=Metaspace Manager,type=MemoryManager
2026-09-29 14:12:45,113 FINER [25] javax.management.misc - Building MBeanInfo for sun.management.MemoryPoolImpl
2026-09-29 14:12:45,114 FINER [25] javax.management.mbeanserver - ObjectName = java.lang:name=CodeHeap 'non-nmethods',type=MemoryPool
2026-09-29 14:12:45,114 FINER [25] javax.management.mbeanserver - name = java.lang:name=CodeHeap 'non-nmethods',type=MemoryPool
2026-09-29 14:12:45,114 FINER [25] javax.management.mbeanserver - Send create notification of object java.lang:name=CodeHeap 'non-nmethods',type=MemoryPool
2026-09-29 14:12:45,114 FINER [25] javax.management.mbeanserver - JMX.mbean.registered java.lang:name=CodeHeap 'non-nmethods',type=MemoryPool
2026-09-29 14:12:45,115 FINER [25] javax.management.misc - Building MBeanInfo for sun.management.MemoryPoolImpl
2026-09-29 14:12:45,115 FINER [25] javax.management.mbeanserver - ObjectName = java.lang:name=Metaspace,type=MemoryPool
2026-09-29 14:12:45,115 FINER [25] javax.management.mbeanserver - name = java.lang:name=Metaspace,type=MemoryPool
2026-09-29 14:12:45,115 FINER [25] javax.management.mbeanserver - Send create notification of object java.lang:name=Metaspace,type=MemoryPool
2026-09-29 14:12:45,115 FINER [25] javax.management.mbeanserver - JMX.mbean.registered java.lang:name=Metaspace,type=MemoryPool
2026-09-29 14:12:45,115 FINER [25] javax.management.misc - Building MBeanInfo for sun.management.MemoryPoolImpl
2026-09-29 14:12:45,116 FINER [25] javax.management.mbeanserver - ObjectName = java.lang:name=CodeHeap 'profiled nmethods',type=MemoryPool
2026-09-29 14:12:45,116 FINER [25] javax.management.mbeanserver - name = java.lang:name=CodeHeap 'profiled nmethods',type=MemoryPool
2026-09-29 14:12:45,116 FINER [25] javax.management.mbeanserver - Send create notification of object java.lang:name=CodeHeap 'profiled nmethods',type=MemoryPool
2026-09-29 14:12:45,116 FINER [25] javax.management.mbeanserver - JMX.mbean.registered java.lang:name=CodeHeap 'profiled nmethods',type=MemoryPool
2026-09-29 14:12:45,117 FINER [25] javax.management.misc - Building MBeanInfo for sun.management.MemoryPoolImpl
2026-09-29 14:12:45,117 FINER [25] javax.management.mbeanserver - ObjectName = java.lang:name=Compressed Class Space,type=MemoryPool
2026-09-29 14:12:45,117 FINER [25] javax.management.mbeanserver - name = java.lang:name=Compressed Class Space,type=MemoryPool
2026-09-29 14:12:45,117 FINER [25] javax.management.mbeanserver - Send create notification of object java.lang:name=Compressed Class Space,type=MemoryPool
2026-09-29 14:12:45,117 FINER [25] javax.management.mbeanserver - JMX.mbean.registered java.lang:name=Compressed Class Space,type=MemoryPool
2026-09-29 14:12:45,117 FINER [25] javax.management.misc - Building MBeanInfo for sun.management.MemoryPoolImpl
2026-09-29 14:12:45,117 FINER [25] javax.management.mbeanserver - ObjectName = java.lang:name=G1 Eden Space,type=MemoryPool
2026-09-29 14:12:45,117 FINER [25] javax.management.mbeanserver - name = java.lang:name=G1 Eden Space,type=MemoryPool
2026-09-29 14:12:45,117 FINER [25] javax.management.mbeanserver - Send create notification of object java.lang:name=G1 Eden Space,type=MemoryPool
2026-09-29 14:12:45,117 FINER [25] javax.management.mbeanserver - JMX.mbean.registered java.lang:name=G1 Eden Space,type=MemoryPool
2026-09-29 14:12:45,117 FINER [25] javax.management.misc - Building MBeanInfo for sun.management.MemoryPoolImpl
2026-09-29 14:12:45,117 FINER [25] javax.management.mbeanserver - ObjectName = java.lang:name=G1 Old Gen,type=MemoryPool
2026-09-29 14:12:45,117 FINER [25] javax.management.mbeanserver - name = java.lang:name=G1 Old Gen,type=MemoryPool
2026-09-29 14:12:45,117 FINER [25] javax.management.mbeanserver - Send create notification of object java.lang:name=G1 Old Gen,type=MemoryPool
2026-09-29 14:12:45,117 FINER [25] javax.management.mbeanserver - JMX.mbean.registered java.lang:name=G1 Old Gen,type=MemoryPool
2026-09-29 14:12:45,118 FINER [25] javax.management.misc - Building MBeanInfo for sun.management.MemoryPoolImpl
2026-09-29 14:12:45,118 FINER [25] javax.management.mbeanserver - ObjectName = java.lang:name=G1 Survivor Space,type=MemoryPool
2026-09-29 14:12:45,118 FINER [25] javax.management.mbeanserver - name = java.lang:name=G1 Survivor Space,type=MemoryPool
2026-09-29 14:12:45,118 FINER [25] javax.management.mbeanserver - Send create notification of object java.lang:name=G1 Survivor Space,type=MemoryPool
2026-09-29 14:12:45,118 FINER [25] javax.management.mbeanserver - JMX.mbean.registered java.lang:name=G1 Survivor Space,type=MemoryPool
2026-09-29 14:12:45,118 FINER [25] javax.management.misc - Building MBeanInfo for sun.management.MemoryPoolImpl
2026-09-29 14:12:45,118 FINER [25] javax.management.mbeanserver - ObjectName = java.lang:name=CodeHeap 'non-profiled nmethods',type=MemoryPool
2026-09-29 14:12:45,118 FINER [25] javax.management.mbeanserver - name = java.lang:name=CodeHeap 'non-profiled nmethods',type=MemoryPool
2026-09-29 14:12:45,118 FINER [25] javax.management.mbeanserver - Send create notification of object java.lang:name=CodeHeap 'non-profiled nmethods',type=MemoryPool
2026-09-29 14:12:45,118 FINER [25] javax.management.mbeanserver - JMX.mbean.registered java.lang:name=CodeHeap 'non-profiled nmethods',type=MemoryPool
2026-09-29 14:12:45,119 FINER [25] javax.management.misc - Building MBeanInfo for sun.management.CompilationImpl
2026-09-29 14:12:45,119 FINER [25] javax.management.mbeanserver - ObjectName = java.lang:type=Compilation
2026-09-29 14:12:45,119 FINER [25] javax.management.mbeanserver - name = java.lang:type=Compilation
2026-09-29 14:12:45,119 FINER [25] javax.management.mbeanserver - Send create notification of object java.lang:type=Compilation
2026-09-29 14:12:45,119 FINER [25] javax.management.mbeanserver - JMX.mbean.registered java.lang:type=Compilation
2026-09-29 14:12:45,119 FINER [25] javax.management.misc - Building MBeanInfo for sun.management.MemoryImpl
2026-09-29 14:12:45,119 FINER [25] javax.management.mbeanserver - ObjectName = java.lang:type=Memory
2026-09-29 14:12:45,119 FINER [25] javax.management.mbeanserver - name = java.lang:type=Memory
2026-09-29 14:12:45,119 FINER [25] javax.management.mbeanserver - Send create notification of object java.lang:type=Memory
2026-09-29 14:12:45,120 FINER [25] javax.management.mbeanserver - JMX.mbean.registered java.lang:type=Memory
2026-09-29 14:12:45,121 FINER [25] javax.management.misc - Building MBeanInfo for sun.management.ManagementFactoryHelper$PlatformLoggingImpl
2026-09-29 14:12:45,121 FINER [25] javax.management.mbeanserver - ObjectName = java.util.logging:type=Logging
2026-09-29 14:12:45,121 FINER [25] javax.management.mbeanserver - name = java.util.logging:type=Logging
2026-09-29 14:12:45,121 FINER [25] javax.management.mbeanserver - Send create notification of object java.util.logging:type=Logging
2026-09-29 14:12:45,121 FINER [25] javax.management.mbeanserver - JMX.mbean.registered java.util.logging:type=Logging
2026-09-29 14:12:45,121 FINER [25] javax.management.misc - Building MBeanInfo for sun.management.ClassLoadingImpl
2026-09-29 14:12:45,121 FINER [25] javax.management.mbeanserver - ObjectName = java.lang:type=ClassLoading
2026-09-29 14:12:45,121 FINER [25] javax.management.mbeanserver - name = java.lang:type=ClassLoading
2026-09-29 14:12:45,121 FINER [25] javax.management.mbeanserver - Send create notification of object java.lang:type=ClassLoading
2026-09-29 14:12:45,122 FINER [25] javax.management.mbeanserver - JMX.mbean.registered java.lang:type=ClassLoading
2026-09-29 14:12:45,160 FINER [25] javax.management.mbeanserver - ObjectName = com.sun.management:type=DiagnosticCommand
2026-09-29 14:12:45,160 FINER [25] javax.management.mbeanserver - name = com.sun.management:type=DiagnosticCommand
2026-09-29 14:12:45,160 FINER [25] javax.management.mbeanserver - Send create notification of object com.sun.management:type=DiagnosticCommand
2026-09-29 14:12:45,160 FINER [25] javax.management.mbeanserver - JMX.mbean.registered com.sun.management:type=DiagnosticCommand
2026-09-29 14:12:45,161 FINER [25] javax.management.misc - Building MBeanInfo for com.sun.management.internal.GarbageCollectorExtImpl
2026-09-29 14:12:45,161 FINER [25] javax.management.mbeanserver - ObjectName = java.lang:name=G1 Young Generation,type=GarbageCollector
2026-09-29 14:12:45,161 FINER [25] javax.management.mbeanserver - name = java.lang:name=G1 Young Generation,type=GarbageCollector
2026-09-29 14:12:45,161 FINER [25] javax.management.mbeanserver - Send create notification of object java.lang:name=G1 Young Generation,type=GarbageCollector
2026-09-29 14:12:45,161 FINER [25] javax.management.mbeanserver - JMX.mbean.registered java.lang:name=G1 Young Generation,type=GarbageCollector
2026-09-29 14:12:45,162 FINER [25] javax.management.misc - Building MBeanInfo for com.sun.management.internal.GarbageCollectorExtImpl
2026-09-29 14:12:45,163 FINER [25] javax.management.mbeanserver - ObjectName = java.lang:name=G1 Concurrent GC,type=GarbageCollector
2026-09-29 14:12:45,163 FINER [25] javax.management.mbeanserver - name = java.lang:name=G1 Concurrent GC,type=GarbageCollector
2026-09-29 14:12:45,163 FINER [25] javax.management.mbeanserver - Send create notification of object java.lang:name=G1 Concurrent GC,type=GarbageCollector
2026-09-29 14:12:45,163 FINER [25] javax.management.mbeanserver - JMX.mbean.registered java.lang:name=G1 Concurrent GC,type=GarbageCollector
2026-09-29 14:12:45,163 FINER [25] javax.management.misc - Building MBeanInfo for com.sun.management.internal.GarbageCollectorExtImpl
2026-09-29 14:12:45,164 FINER [25] javax.management.mbeanserver - ObjectName = java.lang:name=G1 Old Generation,type=GarbageCollector
2026-09-29 14:12:45,164 FINER [25] javax.management.mbeanserver - name = java.lang:name=G1 Old Generation,type=GarbageCollector
2026-09-29 14:12:45,164 FINER [25] javax.management.mbeanserver - Send create notification of object java.lang:name=G1 Old Generation,type=GarbageCollector
2026-09-29 14:12:45,164 FINER [25] javax.management.mbeanserver - JMX.mbean.registered java.lang:name=G1 Old Generation,type=GarbageCollector
2026-09-29 14:12:45,166 FINER [25] javax.management.misc - Building MBeanInfo for com.sun.management.internal.HotSpotDiagnostic
2026-09-29 14:12:45,166 FINER [25] javax.management.mbeanserver - ObjectName = com.sun.management:type=HotSpotDiagnostic
2026-09-29 14:12:45,166 FINER [25] javax.management.mbeanserver - name = com.sun.management:type=HotSpotDiagnostic
2026-09-29 14:12:45,166 FINER [25] javax.management.mbeanserver - Send create notification of object com.sun.management:type=HotSpotDiagnostic
2026-09-29 14:12:45,166 FINER [25] javax.management.mbeanserver - JMX.mbean.registered com.sun.management:type=HotSpotDiagnostic
2026-09-29 14:12:45,169 FINER [25] javax.management.misc - Building MBeanInfo for sun.management.ManagementFactoryHelper$1
2026-09-29 14:12:45,169 FINER [25] javax.management.mbeanserver - ObjectName = java.nio:name=mapped,type=BufferPool
2026-09-29 14:12:45,169 FINER [25] javax.management.mbeanserver - name = java.nio:name=mapped,type=BufferPool
2026-09-29 14:12:45,169 FINER [25] javax.management.mbeanserver - Send create notification of object java.nio:name=mapped,type=BufferPool
2026-09-29 14:12:45,169 FINER [25] javax.management.mbeanserver - JMX.mbean.registered java.nio:name=mapped,type=BufferPool
2026-09-29 14:12:45,169 FINER [25] javax.management.misc - Building MBeanInfo for sun.management.ManagementFactoryHelper$1
2026-09-29 14:12:45,169 FINER [25] javax.management.mbeanserver - ObjectName = java.nio:name=direct,type=BufferPool
2026-09-29 14:12:45,170 FINER [25] javax.management.mbeanserver - name = java.nio:name=direct,type=BufferPool
2026-09-29 14:12:45,170 FINER [25] javax.management.mbeanserver - Send create notification of object java.nio:name=direct,type=BufferPool
2026-09-29 14:12:45,170 FINER [25] javax.management.mbeanserver - JMX.mbean.registered java.nio:name=direct,type=BufferPool
2026-09-29 14:12:45,170 FINER [25] javax.management.misc - Building MBeanInfo for sun.management.ManagementFactoryHelper$1
2026-09-29 14:12:45,170 FINER [25] javax.management.mbeanserver - ObjectName = java.nio:name=mapped - 'non-volatile memory',type=BufferPool
2026-09-29 14:12:45,170 FINER [25] javax.management.mbeanserver - name = java.nio:name=mapped - 'non-volatile memory',type=BufferPool
2026-09-29 14:12:45,170 FINER [25] javax.management.mbeanserver - Send create notification of object java.nio:name=mapped - 'non-volatile memory',type=BufferPool
2026-09-29 14:12:45,170 FINER [25] javax.management.mbeanserver - JMX.mbean.registered java.nio:name=mapped - 'non-volatile memory',type=BufferPool
2026-09-29 14:12:45,174 FINER [25] javax.management.misc - Building MBeanInfo for jdk.management.jfr.FlightRecorderMXBeanImpl
2026-09-29 14:12:45,178 FINER [25] javax.management.mbeanserver - ObjectName = jdk.management.jfr:type=FlightRecorder
2026-09-29 14:12:45,178 FINER [25] javax.management.mbeanserver - name = jdk.management.jfr:type=FlightRecorder
2026-09-29 14:12:45,178 FINER [25] javax.management.mbeanserver - Send create notification of object jdk.management.jfr:type=FlightRecorder
2026-09-29 14:12:45,178 FINER [25] javax.management.mbeanserver - JMX.mbean.registered jdk.management.jfr:type=FlightRecorder
2026-09-29 14:12:45,179 FINER [25] javax.management.misc - Building MBeanInfo for com.ibm.msg.client.commonservices.propertystore.PropertyStoreControlImpl
2026-09-29 14:12:45,179 FINER [25] javax.management.mbeanserver - ObjectName = IBM MQ:type=CommonServices,name=PropertyStoreControl
2026-09-29 14:12:45,179 FINER [25] javax.management.mbeanserver - name = IBM MQ:type=CommonServices,name=PropertyStoreControl
2026-09-29 14:12:45,179 FINER [25] javax.management.mbeanserver - Send create notification of object IBM MQ:name=PropertyStoreControl,type=CommonServices
2026-09-29 14:12:45,179 FINER [25] javax.management.mbeanserver - JMX.mbean.registered IBM MQ:type=CommonServices,name=PropertyStoreControl
2026-09-29 14:12:45,206 FINER [25] javax.management.misc - Building MBeanInfo for com.ibm.msg.client.commonservices.propertystore.PropertyStoreControlImpl
2026-09-29 14:12:45,206 FINER [25] javax.management.mbeanserver - ObjectName = IBM MQ:type=CommonServices,name=PropertyStoreControl
2026-09-29 14:12:45,207 FINER [25] javax.management.mbeanserver - name = IBM MQ:type=CommonServices,name=PropertyStoreControl
2026-09-29 14:12:46,424 INFO  [28] com.example.mqproducer.ProducerWorker - Sent destination=APPQ threadId=28 msg=1 body=[destination=APPQ threadId=28 msg=1]
2026-09-29 14:12:46,435 INFO  [25] com.example.mqproducer.ProducerWorker - Sent destination=APPQ threadId=25 msg=1 body=[destination=APPQ threadId=25 msg=1]
2026-09-29 14:12:46,463 INFO  [26] com.example.mqproducer.ProducerWorker - Sent destination=APPQ threadId=26 msg=1 body=[destination=APPQ threadId=26 msg=1]
2026-09-29 14:12:46,477 INFO  [30] com.example.mqproducer.ProducerWorker - Sent destination=APPQ threadId=30 msg=1 body=[destination=APPQ threadId=30 msg=1]
2026-09-29 14:12:46,490 INFO  [31] com.example.mqproducer.ProducerWorker - Sent destination=APPQ threadId=31 msg=1 body=[destination=APPQ threadId=31 msg=1]
2026-09-29 14:12:46,514 INFO  [22] com.example.mqproducer.ProducerWorker - Sent destination=APPQ threadId=22 msg=1 body=[destination=APPQ threadId=22 msg=1]
2026-09-29 14:12:46,521 INFO  [24] com.example.mqproducer.ProducerWorker - Sent destination=APPQ threadId=24 msg=1 body=[destination=APPQ threadId=24 msg=1]
2026-09-29 14:12:46,551 INFO  [27] com.example.mqproducer.ProducerWorker - Sent destination=APPQ threadId=27 msg=1 body=[destination=APPQ threadId=27 msg=1]
2026-09-29 14:12:46,608 INFO  [29] com.example.mqproducer.ProducerWorker - Sent destination=APPQ threadId=29 msg=1 body=[destination=APPQ threadId=29 msg=1]
2026-09-29 14:12:47,428 INFO  [23] com.example.mqproducer.ProducerWorker - Sent destination=APPQ threadId=23 msg=1 body=[destination=APPQ threadId=23 msg=1]
2026-09-29 14:13:46,492 INFO  [30] com.example.mqproducer.ProducerWorker - Sent destination=APPQ threadId=30 msg=2 body=[destination=APPQ threadId=30 msg=2]
2026-09-29 14:13:46,494 INFO  [31] com.example.mqproducer.ProducerWorker - Sent destination=APPQ threadId=31 msg=2 body=[destination=APPQ threadId=31 msg=2]
2026-09-29 14:13:46,527 INFO  [24] com.example.mqproducer.ProducerWorker - Sent destination=APPQ threadId=24 msg=2 body=[destination=APPQ threadId=24 msg=2]
2026-09-29 14:13:46,529 INFO  [22] com.example.mqproducer.ProducerWorker - Sent destination=APPQ threadId=22 msg=2 body=[destination=APPQ threadId=22 msg=2]
2026-09-29 14:13:46,557 INFO  [27] com.example.mqproducer.ProducerWorker - Sent destination=APPQ threadId=27 msg=2 body=[destination=APPQ threadId=27 msg=2]
2026-09-29 14:13:46,619 INFO  [29] com.example.mqproducer.ProducerWorker - Sent destination=APPQ threadId=29 msg=2 body=[destination=APPQ threadId=29 msg=2]
2026-09-29 14:13:46,637 INFO  [25] com.example.mqproducer.ProducerWorker - Sent destination=APPQ threadId=25 msg=2 body=[destination=APPQ threadId=25 msg=2]
2026-09-29 14:13:46,638 INFO  [28] com.example.mqproducer.ProducerWorker - Sent destination=APPQ threadId=28 msg=2 body=[destination=APPQ threadId=28 msg=2]
2026-09-29 14:13:46,698 INFO  [26] com.example.mqproducer.ProducerWorker - Sent destination=APPQ threadId=26 msg=2 body=[destination=APPQ threadId=26 msg=2]
2026-09-29 14:13:47,442 INFO  [23] com.example.mqproducer.ProducerWorker - Sent destination=APPQ threadId=23 msg=2 body=[destination=APPQ threadId=23 msg=2]
2026-09-29 14:14:46,509 INFO  [31] com.example.mqproducer.ProducerWorker - Sent destination=APPQ threadId=31 msg=3 body=[destination=APPQ threadId=31 msg=3]
2026-09-29 14:14:46,510 INFO  [30] com.example.mqproducer.ProducerWorker - Sent destination=APPQ threadId=30 msg=3 body=[destination=APPQ threadId=30 msg=3]
2026-09-29 14:14:46,545 INFO  [22] com.example.mqproducer.ProducerWorker - Sent destination=APPQ threadId=22 msg=3 body=[destination=APPQ threadId=22 msg=3]
2026-09-29 14:14:46,571 INFO  [27] com.example.mqproducer.ProducerWorker - Sent destination=APPQ threadId=27 msg=3 body=[destination=APPQ threadId=27 msg=3]
2026-09-29 14:14:46,632 INFO  [29] com.example.mqproducer.ProducerWorker - Sent destination=APPQ threadId=29 msg=3 body=[destination=APPQ threadId=29 msg=3]
2026-09-29 14:14:46,640 INFO  [28] com.example.mqproducer.ProducerWorker - Sent destination=APPQ threadId=28 msg=3 body=[destination=APPQ threadId=28 msg=3]
2026-09-29 14:14:46,648 INFO  [25] com.example.mqproducer.ProducerWorker - Sent destination=APPQ threadId=25 msg=3 body=[destination=APPQ threadId=25 msg=3]
2026-09-29 14:14:46,707 INFO  [24] com.example.mqproducer.ProducerWorker - Sent destination=APPQ threadId=24 msg=3 body=[destination=APPQ threadId=24 msg=3]
2026-09-29 14:14:46,715 INFO  [26] com.example.mqproducer.ProducerWorker - Sent destination=APPQ threadId=26 msg=3 body=[destination=APPQ threadId=26 msg=3]
2026-09-29 14:14:47,446 INFO  [23] com.example.mqproducer.ProducerWorker - Sent destination=APPQ threadId=23 msg=3 body=[destination=APPQ threadId=23 msg=3]
2026-09-29 14:15:46,516 INFO  [31] com.example.mqproducer.ProducerWorker - Sent destination=APPQ threadId=31 msg=4 body=[destination=APPQ threadId=31 msg=4]
2026-09-29 14:15:46,516 INFO  [30] com.example.mqproducer.ProducerWorker - Sent destination=APPQ threadId=30 msg=4 body=[destination=APPQ threadId=30 msg=4]
2026-09-29 14:15:46,557 INFO  [22] com.example.mqproducer.ProducerWorker - Sent destination=APPQ threadId=22 msg=4 body=[destination=APPQ threadId=22 msg=4]
2026-09-29 14:15:46,592 INFO  [27] com.example.mqproducer.ProducerWorker - Sent destination=APPQ threadId=27 msg=4 body=[destination=APPQ threadId=27 msg=4]
2026-09-29 14:15:46,636 INFO  [29] com.example.mqproducer.ProducerWorker - Sent destination=APPQ threadId=29 msg=4 body=[destination=APPQ threadId=29 msg=4]
2026-09-29 14:15:46,649 INFO  [28] com.example.mqproducer.ProducerWorker - Sent destination=APPQ threadId=28 msg=4 body=[destination=APPQ threadId=28 msg=4]
2026-09-29 14:15:46,664 INFO  [25] com.example.mqproducer.ProducerWorker - Sent destination=APPQ threadId=25 msg=4 body=[destination=APPQ threadId=25 msg=4]
2026-09-29 14:15:46,727 INFO  [24] com.example.mqproducer.ProducerWorker - Sent destination=APPQ threadId=24 msg=4 body=[destination=APPQ threadId=24 msg=4]
2026-09-29 14:15:46,730 INFO  [26] com.example.mqproducer.ProducerWorker - Sent destination=APPQ threadId=26 msg=4 body=[destination=APPQ threadId=26 msg=4]
2026-09-29 14:15:47,451 INFO  [23] com.example.mqproducer.ProducerWorker - Sent destination=APPQ threadId=23 msg=4 body=[destination=APPQ threadId=23 msg=4]
2026-09-29 14:16:46,526 INFO  [31] com.example.mqproducer.ProducerWorker - Sent destination=APPQ threadId=31 msg=5 body=[destination=APPQ threadId=31 msg=5]
2026-09-29 14:16:46,527 INFO  [30] com.example.mqproducer.ProducerWorker - Sent destination=APPQ threadId=30 msg=5 body=[destination=APPQ threadId=30 msg=5]
2026-09-29 14:16:46,573 INFO  [22] com.example.mqproducer.ProducerWorker - Sent destination=APPQ threadId=22 msg=5 body=[destination=APPQ threadId=22 msg=5]
2026-09-29 14:16:46,607 INFO  [27] com.example.mqproducer.ProducerWorker - Sent destination=APPQ threadId=27 msg=5 body=[destination=APPQ threadId=27 msg=5]
2026-09-29 14:16:46,649 INFO  [29] com.example.mqproducer.ProducerWorker - Sent destination=APPQ threadId=29 msg=5 body=[destination=APPQ threadId=29 msg=5]
2026-09-29 14:16:46,664 INFO  [28] com.example.mqproducer.ProducerWorker - Sent destination=APPQ threadId=28 msg=5 body=[destination=APPQ threadId=28 msg=5]
2026-09-29 14:16:46,680 INFO  [25] com.example.mqproducer.ProducerWorker - Sent destination=APPQ threadId=25 msg=5 body=[destination=APPQ threadId=25 msg=5]
2026-09-29 14:16:46,741 INFO  [24] com.example.mqproducer.ProducerWorker - Sent destination=APPQ threadId=24 msg=5 body=[destination=APPQ threadId=24 msg=5]
2026-09-29 14:16:46,743 INFO  [26] com.example.mqproducer.ProducerWorker - Sent destination=APPQ threadId=26 msg=5 body=[destination=APPQ threadId=26 msg=5]
2026-09-29 14:16:47,462 INFO  [23] com.example.mqproducer.ProducerWorker - Sent destination=APPQ threadId=23 msg=5 body=[destination=APPQ threadId=23 msg=5]
2026-09-29 14:17:46,541 INFO  [30] com.example.mqproducer.ProducerWorker - Sent destination=APPQ threadId=30 msg=6 body=[destination=APPQ threadId=30 msg=6]
2026-09-29 14:17:46,543 INFO  [31] com.example.mqproducer.ProducerWorker - Sent destination=APPQ threadId=31 msg=6 body=[destination=APPQ threadId=31 msg=6]
2026-09-29 14:17:46,586 INFO  [22] com.example.mqproducer.ProducerWorker - Sent destination=APPQ threadId=22 msg=6 body=[destination=APPQ threadId=22 msg=6]
2026-09-29 14:17:46,622 INFO  [27] com.example.mqproducer.ProducerWorker - Sent destination=APPQ threadId=27 msg=6 body=[destination=APPQ threadId=27 msg=6]
2026-09-29 14:17:46,665 INFO  [29] com.example.mqproducer.ProducerWorker - Sent destination=APPQ threadId=29 msg=6 body=[destination=APPQ threadId=29 msg=6]
2026-09-29 14:17:46,681 INFO  [28] com.example.mqproducer.ProducerWorker - Sent destination=APPQ threadId=28 msg=6 body=[destination=APPQ threadId=28 msg=6]
2026-09-29 14:17:46,697 INFO  [25] com.example.mqproducer.ProducerWorker - Sent destination=APPQ threadId=25 msg=6 body=[destination=APPQ threadId=25 msg=6]
2026-09-29 14:17:46,757 INFO  [24] com.example.mqproducer.ProducerWorker - Sent destination=APPQ threadId=24 msg=6 body=[destination=APPQ threadId=24 msg=6]
2026-09-29 14:17:46,758 INFO  [26] com.example.mqproducer.ProducerWorker - Sent destination=APPQ threadId=26 msg=6 body=[destination=APPQ threadId=26 msg=6]
2026-09-29 14:17:47,478 INFO  [23] com.example.mqproducer.ProducerWorker - Sent destination=APPQ threadId=23 msg=6 body=[destination=APPQ threadId=23 msg=6]
2026-09-29 14:17:49,245 FINE  [63] java.lang.Runtime - Runtime.exit() called with status: 130
java.lang.Throwable: Runtime.exit(130)
	at java.base/java.lang.Shutdown.logRuntimeExit(Shutdown.java:179)
	at java.base/java.lang.Shutdown.exit(Shutdown.java:160)
	at java.base/java.lang.Terminator$1.handle(Terminator.java:51)
	at java.base/jdk.internal.misc.Signal$1.run(Signal.java:218)
	at java.base/java.lang.Thread.run(Thread.java:1570)
2026-09-29 14:33:33,573 INFO  [1] com.example.mqproducer.Main - Starting MQ producer harness — threads=10  messagesPerThread=500  totalMessages=5000  queue=APPQ
2026-09-29 14:33:33,581 INFO  [22] com.example.mqproducer.ProducerWorker - Producer 1 starting
2026-09-29 14:33:33,581 INFO  [24] com.example.mqproducer.ProducerWorker - Producer 3 starting
2026-09-29 14:33:33,581 INFO  [23] com.example.mqproducer.ProducerWorker - Producer 2 starting
2026-09-29 14:33:33,581 INFO  [28] com.example.mqproducer.ProducerWorker - Producer 7 starting
2026-09-29 14:33:33,581 INFO  [26] com.example.mqproducer.ProducerWorker - Producer 5 starting
2026-09-29 14:33:33,581 INFO  [30] com.example.mqproducer.ProducerWorker - Producer 9 starting
2026-09-29 14:33:33,581 INFO  [25] com.example.mqproducer.ProducerWorker - Producer 4 starting
2026-09-29 14:33:33,581 INFO  [27] com.example.mqproducer.ProducerWorker - Producer 6 starting
2026-09-29 14:33:33,581 INFO  [29] com.example.mqproducer.ProducerWorker - Producer 8 starting
2026-09-29 14:33:33,581 INFO  [31] com.example.mqproducer.ProducerWorker - Producer 10 starting
2026-09-29 14:33:33,631 FINER [22] javax.management.mbeanserver - ObjectName = JMImplementation:type=MBeanServerDelegate
2026-09-29 14:33:33,631 FINER [22] javax.management.mbeanserver - name = JMImplementation:type=MBeanServerDelegate
2026-09-29 14:33:33,633 FINER [22] javax.management.mbeanserver - Send create notification of object JMImplementation:type=MBeanServerDelegate
2026-09-29 14:33:33,636 FINER [22] javax.management.mbeanserver - JMX.mbean.registered JMImplementation:type=MBeanServerDelegate
2026-09-29 14:33:33,650 FINER [22] javax.management.misc - Building MBeanInfo for sun.management.RuntimeImpl
2026-09-29 14:33:33,650 FINER [22] javax.management.mbeanserver - ObjectName = java.lang:type=Runtime
2026-09-29 14:33:33,650 FINER [22] javax.management.mbeanserver - name = java.lang:type=Runtime
2026-09-29 14:33:33,650 FINER [22] javax.management.mbeanserver - Send create notification of object java.lang:type=Runtime
2026-09-29 14:33:33,651 FINER [22] javax.management.mbeanserver - JMX.mbean.registered java.lang:type=Runtime
2026-09-29 14:33:33,654 FINER [22] javax.management.misc - Building MBeanInfo for com.sun.management.internal.HotSpotThreadImpl
2026-09-29 14:33:33,654 FINER [22] javax.management.mbeanserver - ObjectName = java.lang:type=Threading
2026-09-29 14:33:33,654 FINER [22] javax.management.mbeanserver - name = java.lang:type=Threading
2026-09-29 14:33:33,654 FINER [22] javax.management.mbeanserver - Send create notification of object java.lang:type=Threading
2026-09-29 14:33:33,654 FINER [22] javax.management.mbeanserver - JMX.mbean.registered java.lang:type=Threading
2026-09-29 14:33:33,662 FINER [22] javax.management.misc - Building MBeanInfo for com.sun.management.internal.OperatingSystemImpl
2026-09-29 14:33:33,662 FINER [22] javax.management.mbeanserver - ObjectName = java.lang:type=OperatingSystem
2026-09-29 14:33:33,662 FINER [22] javax.management.mbeanserver - name = java.lang:type=OperatingSystem
2026-09-29 14:33:33,663 FINER [22] javax.management.mbeanserver - Send create notification of object java.lang:type=OperatingSystem
2026-09-29 14:33:33,663 FINER [22] javax.management.mbeanserver - JMX.mbean.registered java.lang:type=OperatingSystem
2026-09-29 14:33:33,666 FINER [22] javax.management.misc - Building MBeanInfo for sun.management.MemoryManagerImpl
2026-09-29 14:33:33,666 FINER [22] javax.management.mbeanserver - ObjectName = java.lang:name=CodeCacheManager,type=MemoryManager
2026-09-29 14:33:33,666 FINER [22] javax.management.mbeanserver - name = java.lang:name=CodeCacheManager,type=MemoryManager
2026-09-29 14:33:33,666 FINER [22] javax.management.mbeanserver - Send create notification of object java.lang:name=CodeCacheManager,type=MemoryManager
2026-09-29 14:33:33,666 FINER [22] javax.management.mbeanserver - JMX.mbean.registered java.lang:name=CodeCacheManager,type=MemoryManager
2026-09-29 14:33:33,666 FINER [22] javax.management.misc - Building MBeanInfo for sun.management.MemoryManagerImpl
2026-09-29 14:33:33,666 FINER [22] javax.management.mbeanserver - ObjectName = java.lang:name=Metaspace Manager,type=MemoryManager
2026-09-29 14:33:33,666 FINER [22] javax.management.mbeanserver - name = java.lang:name=Metaspace Manager,type=MemoryManager
2026-09-29 14:33:33,666 FINER [22] javax.management.mbeanserver - Send create notification of object java.lang:name=Metaspace Manager,type=MemoryManager
2026-09-29 14:33:33,666 FINER [22] javax.management.mbeanserver - JMX.mbean.registered java.lang:name=Metaspace Manager,type=MemoryManager
2026-09-29 14:33:33,669 FINER [22] javax.management.misc - Building MBeanInfo for sun.management.MemoryPoolImpl
2026-09-29 14:33:33,669 FINER [22] javax.management.mbeanserver - ObjectName = java.lang:name=CodeHeap 'non-nmethods',type=MemoryPool
2026-09-29 14:33:33,669 FINER [22] javax.management.mbeanserver - name = java.lang:name=CodeHeap 'non-nmethods',type=MemoryPool
2026-09-29 14:33:33,669 FINER [22] javax.management.mbeanserver - Send create notification of object java.lang:name=CodeHeap 'non-nmethods',type=MemoryPool
2026-09-29 14:33:33,669 FINER [22] javax.management.mbeanserver - JMX.mbean.registered java.lang:name=CodeHeap 'non-nmethods',type=MemoryPool
2026-09-29 14:33:33,669 FINER [22] javax.management.misc - Building MBeanInfo for sun.management.MemoryPoolImpl
2026-09-29 14:33:33,669 FINER [22] javax.management.mbeanserver - ObjectName = java.lang:name=Metaspace,type=MemoryPool
2026-09-29 14:33:33,670 FINER [22] javax.management.mbeanserver - name = java.lang:name=Metaspace,type=MemoryPool
2026-09-29 14:33:33,670 FINER [22] javax.management.mbeanserver - Send create notification of object java.lang:name=Metaspace,type=MemoryPool
2026-09-29 14:33:33,670 FINER [22] javax.management.mbeanserver - JMX.mbean.registered java.lang:name=Metaspace,type=MemoryPool
2026-09-29 14:33:33,670 FINER [22] javax.management.misc - Building MBeanInfo for sun.management.MemoryPoolImpl
2026-09-29 14:33:33,670 FINER [22] javax.management.mbeanserver - ObjectName = java.lang:name=CodeHeap 'profiled nmethods',type=MemoryPool
2026-09-29 14:33:33,670 FINER [22] javax.management.mbeanserver - name = java.lang:name=CodeHeap 'profiled nmethods',type=MemoryPool
2026-09-29 14:33:33,670 FINER [22] javax.management.mbeanserver - Send create notification of object java.lang:name=CodeHeap 'profiled nmethods',type=MemoryPool
2026-09-29 14:33:33,670 FINER [22] javax.management.mbeanserver - JMX.mbean.registered java.lang:name=CodeHeap 'profiled nmethods',type=MemoryPool
2026-09-29 14:33:33,670 FINER [22] javax.management.misc - Building MBeanInfo for sun.management.MemoryPoolImpl
2026-09-29 14:33:33,670 FINER [22] javax.management.mbeanserver - ObjectName = java.lang:name=Compressed Class Space,type=MemoryPool
2026-09-29 14:33:33,670 FINER [22] javax.management.mbeanserver - name = java.lang:name=Compressed Class Space,type=MemoryPool
2026-09-29 14:33:33,670 FINER [22] javax.management.mbeanserver - Send create notification of object java.lang:name=Compressed Class Space,type=MemoryPool
2026-09-29 14:33:33,670 FINER [22] javax.management.mbeanserver - JMX.mbean.registered java.lang:name=Compressed Class Space,type=MemoryPool
2026-09-29 14:33:33,671 FINER [22] javax.management.misc - Building MBeanInfo for sun.management.MemoryPoolImpl
2026-09-29 14:33:33,671 FINER [22] javax.management.mbeanserver - ObjectName = java.lang:name=G1 Eden Space,type=MemoryPool
2026-09-29 14:33:33,671 FINER [22] javax.management.mbeanserver - name = java.lang:name=G1 Eden Space,type=MemoryPool
2026-09-29 14:33:33,671 FINER [22] javax.management.mbeanserver - Send create notification of object java.lang:name=G1 Eden Space,type=MemoryPool
2026-09-29 14:33:33,671 FINER [22] javax.management.mbeanserver - JMX.mbean.registered java.lang:name=G1 Eden Space,type=MemoryPool
2026-09-29 14:33:33,671 FINER [22] javax.management.misc - Building MBeanInfo for sun.management.MemoryPoolImpl
2026-09-29 14:33:33,671 FINER [22] javax.management.mbeanserver - ObjectName = java.lang:name=G1 Old Gen,type=MemoryPool
2026-09-29 14:33:33,671 FINER [22] javax.management.mbeanserver - name = java.lang:name=G1 Old Gen,type=MemoryPool
2026-09-29 14:33:33,671 FINER [22] javax.management.mbeanserver - Send create notification of object java.lang:name=G1 Old Gen,type=MemoryPool
2026-09-29 14:33:33,671 FINER [22] javax.management.mbeanserver - JMX.mbean.registered java.lang:name=G1 Old Gen,type=MemoryPool
2026-09-29 14:33:33,671 FINER [22] javax.management.misc - Building MBeanInfo for sun.management.MemoryPoolImpl
2026-09-29 14:33:33,671 FINER [22] javax.management.mbeanserver - ObjectName = java.lang:name=G1 Survivor Space,type=MemoryPool
2026-09-29 14:33:33,671 FINER [22] javax.management.mbeanserver - name = java.lang:name=G1 Survivor Space,type=MemoryPool
2026-09-29 14:33:33,671 FINER [22] javax.management.mbeanserver - Send create notification of object java.lang:name=G1 Survivor Space,type=MemoryPool
2026-09-29 14:33:33,672 FINER [22] javax.management.mbeanserver - JMX.mbean.registered java.lang:name=G1 Survivor Space,type=MemoryPool
2026-09-29 14:33:33,672 FINER [22] javax.management.misc - Building MBeanInfo for sun.management.MemoryPoolImpl
2026-09-29 14:33:33,672 FINER [22] javax.management.mbeanserver - ObjectName = java.lang:name=CodeHeap 'non-profiled nmethods',type=MemoryPool
2026-09-29 14:33:33,672 FINER [22] javax.management.mbeanserver - name = java.lang:name=CodeHeap 'non-profiled nmethods',type=MemoryPool
2026-09-29 14:33:33,672 FINER [22] javax.management.mbeanserver - Send create notification of object java.lang:name=CodeHeap 'non-profiled nmethods',type=MemoryPool
2026-09-29 14:33:33,672 FINER [22] javax.management.mbeanserver - JMX.mbean.registered java.lang:name=CodeHeap 'non-profiled nmethods',type=MemoryPool
2026-09-29 14:33:33,672 FINER [22] javax.management.misc - Building MBeanInfo for sun.management.CompilationImpl
2026-09-29 14:33:33,673 FINER [22] javax.management.mbeanserver - ObjectName = java.lang:type=Compilation
2026-09-29 14:33:33,673 FINER [22] javax.management.mbeanserver - name = java.lang:type=Compilation
2026-09-29 14:33:33,673 FINER [22] javax.management.mbeanserver - Send create notification of object java.lang:type=Compilation
2026-09-29 14:33:33,673 FINER [22] javax.management.mbeanserver - JMX.mbean.registered java.lang:type=Compilation
2026-09-29 14:33:33,673 FINER [22] javax.management.misc - Building MBeanInfo for sun.management.MemoryImpl
2026-09-29 14:33:33,673 FINER [22] javax.management.mbeanserver - ObjectName = java.lang:type=Memory
2026-09-29 14:33:33,673 FINER [22] javax.management.mbeanserver - name = java.lang:type=Memory
2026-09-29 14:33:33,674 FINER [22] javax.management.mbeanserver - Send create notification of object java.lang:type=Memory
2026-09-29 14:33:33,674 FINER [22] javax.management.mbeanserver - JMX.mbean.registered java.lang:type=Memory
2026-09-29 14:33:33,676 FINER [22] javax.management.misc - Building MBeanInfo for sun.management.ManagementFactoryHelper$PlatformLoggingImpl
2026-09-29 14:33:33,676 FINER [22] javax.management.mbeanserver - ObjectName = java.util.logging:type=Logging
2026-09-29 14:33:33,676 FINER [22] javax.management.mbeanserver - name = java.util.logging:type=Logging
2026-09-29 14:33:33,676 FINER [22] javax.management.mbeanserver - Send create notification of object java.util.logging:type=Logging
2026-09-29 14:33:33,676 FINER [22] javax.management.mbeanserver - JMX.mbean.registered java.util.logging:type=Logging
2026-09-29 14:33:33,676 FINER [22] javax.management.misc - Building MBeanInfo for sun.management.ClassLoadingImpl
2026-09-29 14:33:33,676 FINER [22] javax.management.mbeanserver - ObjectName = java.lang:type=ClassLoading
2026-09-29 14:33:33,676 FINER [22] javax.management.mbeanserver - name = java.lang:type=ClassLoading
2026-09-29 14:33:33,676 FINER [22] javax.management.mbeanserver - Send create notification of object java.lang:type=ClassLoading
2026-09-29 14:33:33,676 FINER [22] javax.management.mbeanserver - JMX.mbean.registered java.lang:type=ClassLoading
2026-09-29 14:33:33,716 FINER [22] javax.management.mbeanserver - ObjectName = com.sun.management:type=DiagnosticCommand
2026-09-29 14:33:33,716 FINER [22] javax.management.mbeanserver - name = com.sun.management:type=DiagnosticCommand
2026-09-29 14:33:33,716 FINER [22] javax.management.mbeanserver - Send create notification of object com.sun.management:type=DiagnosticCommand
2026-09-29 14:33:33,716 FINER [22] javax.management.mbeanserver - JMX.mbean.registered com.sun.management:type=DiagnosticCommand
2026-09-29 14:33:33,718 FINER [22] javax.management.misc - Building MBeanInfo for com.sun.management.internal.GarbageCollectorExtImpl
2026-09-29 14:33:33,718 FINER [22] javax.management.mbeanserver - ObjectName = java.lang:name=G1 Young Generation,type=GarbageCollector
2026-09-29 14:33:33,718 FINER [22] javax.management.mbeanserver - name = java.lang:name=G1 Young Generation,type=GarbageCollector
2026-09-29 14:33:33,718 FINER [22] javax.management.mbeanserver - Send create notification of object java.lang:name=G1 Young Generation,type=GarbageCollector
2026-09-29 14:33:33,718 FINER [22] javax.management.mbeanserver - JMX.mbean.registered java.lang:name=G1 Young Generation,type=GarbageCollector
2026-09-29 14:33:33,718 FINER [22] javax.management.misc - Building MBeanInfo for com.sun.management.internal.GarbageCollectorExtImpl
2026-09-29 14:33:33,718 FINER [22] javax.management.mbeanserver - ObjectName = java.lang:name=G1 Concurrent GC,type=GarbageCollector
2026-09-29 14:33:33,718 FINER [22] javax.management.mbeanserver - name = java.lang:name=G1 Concurrent GC,type=GarbageCollector
2026-09-29 14:33:33,718 FINER [22] javax.management.mbeanserver - Send create notification of object java.lang:name=G1 Concurrent GC,type=GarbageCollector
2026-09-29 14:33:33,719 FINER [22] javax.management.mbeanserver - JMX.mbean.registered java.lang:name=G1 Concurrent GC,type=GarbageCollector
2026-09-29 14:33:33,719 FINER [22] javax.management.misc - Building MBeanInfo for com.sun.management.internal.GarbageCollectorExtImpl
2026-09-29 14:33:33,719 FINER [22] javax.management.mbeanserver - ObjectName = java.lang:name=G1 Old Generation,type=GarbageCollector
2026-09-29 14:33:33,719 FINER [22] javax.management.mbeanserver - name = java.lang:name=G1 Old Generation,type=GarbageCollector
2026-09-29 14:33:33,719 FINER [22] javax.management.mbeanserver - Send create notification of object java.lang:name=G1 Old Generation,type=GarbageCollector
2026-09-29 14:33:33,719 FINER [22] javax.management.mbeanserver - JMX.mbean.registered java.lang:name=G1 Old Generation,type=GarbageCollector
2026-09-29 14:33:33,720 FINER [22] javax.management.misc - Building MBeanInfo for com.sun.management.internal.HotSpotDiagnostic
2026-09-29 14:33:33,720 FINER [22] javax.management.mbeanserver - ObjectName = com.sun.management:type=HotSpotDiagnostic
2026-09-29 14:33:33,720 FINER [22] javax.management.mbeanserver - name = com.sun.management:type=HotSpotDiagnostic
2026-09-29 14:33:33,720 FINER [22] javax.management.mbeanserver - Send create notification of object com.sun.management:type=HotSpotDiagnostic
2026-09-29 14:33:33,720 FINER [22] javax.management.mbeanserver - JMX.mbean.registered com.sun.management:type=HotSpotDiagnostic
2026-09-29 14:33:33,723 FINER [22] javax.management.misc - Building MBeanInfo for sun.management.ManagementFactoryHelper$1
2026-09-29 14:33:33,723 FINER [22] javax.management.mbeanserver - ObjectName = java.nio:name=mapped,type=BufferPool
2026-09-29 14:33:33,723 FINER [22] javax.management.mbeanserver - name = java.nio:name=mapped,type=BufferPool
2026-09-29 14:33:33,723 FINER [22] javax.management.mbeanserver - Send create notification of object java.nio:name=mapped,type=BufferPool
2026-09-29 14:33:33,723 FINER [22] javax.management.mbeanserver - JMX.mbean.registered java.nio:name=mapped,type=BufferPool
2026-09-29 14:33:33,723 FINER [22] javax.management.misc - Building MBeanInfo for sun.management.ManagementFactoryHelper$1
2026-09-29 14:33:33,723 FINER [22] javax.management.mbeanserver - ObjectName = java.nio:name=direct,type=BufferPool
2026-09-29 14:33:33,723 FINER [22] javax.management.mbeanserver - name = java.nio:name=direct,type=BufferPool
2026-09-29 14:33:33,725 FINER [22] javax.management.mbeanserver - Send create notification of object java.nio:name=direct,type=BufferPool
2026-09-29 14:33:33,725 FINER [22] javax.management.mbeanserver - JMX.mbean.registered java.nio:name=direct,type=BufferPool
2026-09-29 14:33:33,725 FINER [22] javax.management.misc - Building MBeanInfo for sun.management.ManagementFactoryHelper$1
2026-09-29 14:33:33,725 FINER [22] javax.management.mbeanserver - ObjectName = java.nio:name=mapped - 'non-volatile memory',type=BufferPool
2026-09-29 14:33:33,725 FINER [22] javax.management.mbeanserver - name = java.nio:name=mapped - 'non-volatile memory',type=BufferPool
2026-09-29 14:33:33,725 FINER [22] javax.management.mbeanserver - Send create notification of object java.nio:name=mapped - 'non-volatile memory',type=BufferPool
2026-09-29 14:33:33,725 FINER [22] javax.management.mbeanserver - JMX.mbean.registered java.nio:name=mapped - 'non-volatile memory',type=BufferPool
2026-09-29 14:33:33,729 FINER [22] javax.management.misc - Building MBeanInfo for jdk.management.jfr.FlightRecorderMXBeanImpl
2026-09-29 14:33:33,731 FINER [22] javax.management.mbeanserver - ObjectName = jdk.management.jfr:type=FlightRecorder
2026-09-29 14:33:33,732 FINER [22] javax.management.mbeanserver - name = jdk.management.jfr:type=FlightRecorder
2026-09-29 14:33:33,732 FINER [22] javax.management.mbeanserver - Send create notification of object jdk.management.jfr:type=FlightRecorder
2026-09-29 14:33:33,732 FINER [22] javax.management.mbeanserver - JMX.mbean.registered jdk.management.jfr:type=FlightRecorder
2026-09-29 14:33:33,733 FINER [22] javax.management.misc - Building MBeanInfo for com.ibm.msg.client.commonservices.propertystore.PropertyStoreControlImpl
2026-09-29 14:33:33,733 FINER [22] javax.management.mbeanserver - ObjectName = IBM MQ:type=CommonServices,name=PropertyStoreControl
2026-09-29 14:33:33,733 FINER [22] javax.management.mbeanserver - name = IBM MQ:type=CommonServices,name=PropertyStoreControl
2026-09-29 14:33:33,733 FINER [22] javax.management.mbeanserver - Send create notification of object IBM MQ:name=PropertyStoreControl,type=CommonServices
2026-09-29 14:33:33,734 FINER [22] javax.management.mbeanserver - JMX.mbean.registered IBM MQ:type=CommonServices,name=PropertyStoreControl
2026-09-29 14:33:33,763 FINER [22] javax.management.misc - Building MBeanInfo for com.ibm.msg.client.commonservices.propertystore.PropertyStoreControlImpl
2026-09-29 14:33:33,763 FINER [22] javax.management.mbeanserver - ObjectName = IBM MQ:type=CommonServices,name=PropertyStoreControl
2026-09-29 14:33:33,763 FINER [22] javax.management.mbeanserver - name = IBM MQ:type=CommonServices,name=PropertyStoreControl
2026-09-29 14:33:35,065 INFO  [25] com.example.mqproducer.ProducerWorker - Sent destination=APPQ threadId=25 msg=1 body=[destination=APPQ threadId=25 msg=1]
2026-09-29 14:33:35,065 INFO  [22] com.example.mqproducer.ProducerWorker - Sent destination=APPQ threadId=22 msg=1 body=[destination=APPQ threadId=22 msg=1]
2026-09-29 14:33:35,109 INFO  [27] com.example.mqproducer.ProducerWorker - Sent destination=APPQ threadId=27 msg=1 body=[destination=APPQ threadId=27 msg=1]
2026-09-29 14:33:35,109 INFO  [23] com.example.mqproducer.ProducerWorker - Sent destination=APPQ threadId=23 msg=1 body=[destination=APPQ threadId=23 msg=1]
2026-09-29 14:33:35,110 INFO  [24] com.example.mqproducer.ProducerWorker - Sent destination=APPQ threadId=24 msg=1 body=[destination=APPQ threadId=24 msg=1]
2026-09-29 14:33:35,134 INFO  [28] com.example.mqproducer.ProducerWorker - Sent destination=APPQ threadId=28 msg=1 body=[destination=APPQ threadId=28 msg=1]
2026-09-29 14:33:35,170 INFO  [31] com.example.mqproducer.ProducerWorker - Sent destination=APPQ threadId=31 msg=1 body=[destination=APPQ threadId=31 msg=1]
2026-09-29 14:33:35,191 INFO  [29] com.example.mqproducer.ProducerWorker - Sent destination=APPQ threadId=29 msg=1 body=[destination=APPQ threadId=29 msg=1]
2026-09-29 14:33:35,217 INFO  [26] com.example.mqproducer.ProducerWorker - Sent destination=APPQ threadId=26 msg=1 body=[destination=APPQ threadId=26 msg=1]
2026-09-29 14:33:35,225 INFO  [30] com.example.mqproducer.ProducerWorker - Sent destination=APPQ threadId=30 msg=1 body=[destination=APPQ threadId=30 msg=1]
2026-09-29 14:34:35,119 INFO  [27] com.example.mqproducer.ProducerWorker - Sent destination=APPQ threadId=27 msg=2 body=[destination=APPQ threadId=27 msg=2]
2026-09-29 14:34:35,119 INFO  [24] com.example.mqproducer.ProducerWorker - Sent destination=APPQ threadId=24 msg=2 body=[destination=APPQ threadId=24 msg=2]
2026-09-29 14:34:35,121 INFO  [23] com.example.mqproducer.ProducerWorker - Sent destination=APPQ threadId=23 msg=2 body=[destination=APPQ threadId=23 msg=2]
2026-09-29 14:34:35,151 INFO  [28] com.example.mqproducer.ProducerWorker - Sent destination=APPQ threadId=28 msg=2 body=[destination=APPQ threadId=28 msg=2]
2026-09-29 14:34:35,179 INFO  [31] com.example.mqproducer.ProducerWorker - Sent destination=APPQ threadId=31 msg=2 body=[destination=APPQ threadId=31 msg=2]
2026-09-29 14:34:35,226 INFO  [26] com.example.mqproducer.ProducerWorker - Sent destination=APPQ threadId=26 msg=2 body=[destination=APPQ threadId=26 msg=2]
2026-09-29 14:34:35,241 INFO  [30] com.example.mqproducer.ProducerWorker - Sent destination=APPQ threadId=30 msg=2 body=[destination=APPQ threadId=30 msg=2]
2026-09-29 14:34:35,275 INFO  [25] com.example.mqproducer.ProducerWorker - Sent destination=APPQ threadId=25 msg=2 body=[destination=APPQ threadId=25 msg=2]
2026-09-29 14:34:35,340 INFO  [29] com.example.mqproducer.ProducerWorker - Sent destination=APPQ threadId=29 msg=2 body=[destination=APPQ threadId=29 msg=2]
2026-09-29 14:34:35,401 INFO  [22] com.example.mqproducer.ProducerWorker - Sent destination=APPQ threadId=22 msg=2 body=[destination=APPQ threadId=22 msg=2]
2026-09-29 14:35:35,137 INFO  [23] com.example.mqproducer.ProducerWorker - Sent destination=APPQ threadId=23 msg=3 body=[destination=APPQ threadId=23 msg=3]
2026-09-29 14:35:35,164 INFO  [28] com.example.mqproducer.ProducerWorker - Sent destination=APPQ threadId=28 msg=3 body=[destination=APPQ threadId=28 msg=3]
2026-09-29 14:35:35,184 INFO  [31] com.example.mqproducer.ProducerWorker - Sent destination=APPQ threadId=31 msg=3 body=[destination=APPQ threadId=31 msg=3]
2026-09-29 14:35:35,232 INFO  [26] com.example.mqproducer.ProducerWorker - Sent destination=APPQ threadId=26 msg=3 body=[destination=APPQ threadId=26 msg=3]
2026-09-29 14:35:35,257 INFO  [30] com.example.mqproducer.ProducerWorker - Sent destination=APPQ threadId=30 msg=3 body=[destination=APPQ threadId=30 msg=3]
2026-09-29 14:35:35,289 INFO  [25] com.example.mqproducer.ProducerWorker - Sent destination=APPQ threadId=25 msg=3 body=[destination=APPQ threadId=25 msg=3]
2026-09-29 14:35:35,344 INFO  [27] com.example.mqproducer.ProducerWorker - Sent destination=APPQ threadId=27 msg=3 body=[destination=APPQ threadId=27 msg=3]
2026-09-29 14:35:35,346 INFO  [24] com.example.mqproducer.ProducerWorker - Sent destination=APPQ threadId=24 msg=3 body=[destination=APPQ threadId=24 msg=3]
2026-09-29 14:35:35,354 INFO  [29] com.example.mqproducer.ProducerWorker - Sent destination=APPQ threadId=29 msg=3 body=[destination=APPQ threadId=29 msg=3]
2026-09-29 14:35:35,413 INFO  [22] com.example.mqproducer.ProducerWorker - Sent destination=APPQ threadId=22 msg=3 body=[destination=APPQ threadId=22 msg=3]
2026-09-29 14:36:35,148 INFO  [23] com.example.mqproducer.ProducerWorker - Sent destination=APPQ threadId=23 msg=4 body=[destination=APPQ threadId=23 msg=4]
2026-09-29 14:36:35,183 INFO  [28] com.example.mqproducer.ProducerWorker - Sent destination=APPQ threadId=28 msg=4 body=[destination=APPQ threadId=28 msg=4]
2026-09-29 14:36:35,199 INFO  [31] com.example.mqproducer.ProducerWorker - Sent destination=APPQ threadId=31 msg=4 body=[destination=APPQ threadId=31 msg=4]
2026-09-29 14:36:35,274 INFO  [30] com.example.mqproducer.ProducerWorker - Sent destination=APPQ threadId=30 msg=4 body=[destination=APPQ threadId=30 msg=4]
2026-09-29 14:36:35,305 INFO  [25] com.example.mqproducer.ProducerWorker - Sent destination=APPQ threadId=25 msg=4 body=[destination=APPQ threadId=25 msg=4]
2026-09-29 14:36:35,352 INFO  [24] com.example.mqproducer.ProducerWorker - Sent destination=APPQ threadId=24 msg=4 body=[destination=APPQ threadId=24 msg=4]
2026-09-29 14:36:35,353 INFO  [27] com.example.mqproducer.ProducerWorker - Sent destination=APPQ threadId=27 msg=4 body=[destination=APPQ threadId=27 msg=4]
2026-09-29 14:36:35,368 INFO  [29] com.example.mqproducer.ProducerWorker - Sent destination=APPQ threadId=29 msg=4 body=[destination=APPQ threadId=29 msg=4]
2026-09-29 14:36:35,391 INFO  [26] com.example.mqproducer.ProducerWorker - Sent destination=APPQ threadId=26 msg=4 body=[destination=APPQ threadId=26 msg=4]
2026-09-29 14:36:35,430 INFO  [22] com.example.mqproducer.ProducerWorker - Sent destination=APPQ threadId=22 msg=4 body=[destination=APPQ threadId=22 msg=4]
2026-09-29 14:37:35,153 INFO  [23] com.example.mqproducer.ProducerWorker - Sent destination=APPQ threadId=23 msg=5 body=[destination=APPQ threadId=23 msg=5]
2026-09-29 14:37:35,210 INFO  [31] com.example.mqproducer.ProducerWorker - Sent destination=APPQ threadId=31 msg=5 body=[destination=APPQ threadId=31 msg=5]
2026-09-29 14:37:35,289 INFO  [30] com.example.mqproducer.ProducerWorker - Sent destination=APPQ threadId=30 msg=5 body=[destination=APPQ threadId=30 msg=5]
2026-09-29 14:37:35,322 INFO  [25] com.example.mqproducer.ProducerWorker - Sent destination=APPQ threadId=25 msg=5 body=[destination=APPQ threadId=25 msg=5]
2026-09-29 14:37:35,357 INFO  [24] com.example.mqproducer.ProducerWorker - Sent destination=APPQ threadId=24 msg=5 body=[destination=APPQ threadId=24 msg=5]
2026-09-29 14:37:35,368 INFO  [28] com.example.mqproducer.ProducerWorker - Sent destination=APPQ threadId=28 msg=5 body=[destination=APPQ threadId=28 msg=5]
2026-09-29 14:37:35,372 INFO  [27] com.example.mqproducer.ProducerWorker - Sent destination=APPQ threadId=27 msg=5 body=[destination=APPQ threadId=27 msg=5]
2026-09-29 14:37:35,385 INFO  [29] com.example.mqproducer.ProducerWorker - Sent destination=APPQ threadId=29 msg=5 body=[destination=APPQ threadId=29 msg=5]
2026-09-29 14:37:35,399 INFO  [26] com.example.mqproducer.ProducerWorker - Sent destination=APPQ threadId=26 msg=5 body=[destination=APPQ threadId=26 msg=5]
2026-09-29 14:37:35,446 INFO  [22] com.example.mqproducer.ProducerWorker - Sent destination=APPQ threadId=22 msg=5 body=[destination=APPQ threadId=22 msg=5]
2026-09-29 14:38:35,169 INFO  [23] com.example.mqproducer.ProducerWorker - Sent destination=APPQ threadId=23 msg=6 body=[destination=APPQ threadId=23 msg=6]
2026-09-29 14:38:35,214 INFO  [31] com.example.mqproducer.ProducerWorker - Sent destination=APPQ threadId=31 msg=6 body=[destination=APPQ threadId=31 msg=6]
2026-09-29 14:38:35,294 INFO  [30] com.example.mqproducer.ProducerWorker - Sent destination=APPQ threadId=30 msg=6 body=[destination=APPQ threadId=30 msg=6]
2026-09-29 14:38:35,340 INFO  [25] com.example.mqproducer.ProducerWorker - Sent destination=APPQ threadId=25 msg=6 body=[destination=APPQ threadId=25 msg=6]
2026-09-29 14:38:35,369 INFO  [24] com.example.mqproducer.ProducerWorker - Sent destination=APPQ threadId=24 msg=6 body=[destination=APPQ threadId=24 msg=6]
2026-09-29 14:38:35,386 INFO  [28] com.example.mqproducer.ProducerWorker - Sent destination=APPQ threadId=28 msg=6 body=[destination=APPQ threadId=28 msg=6]
2026-09-29 14:38:35,386 INFO  [27] com.example.mqproducer.ProducerWorker - Sent destination=APPQ threadId=27 msg=6 body=[destination=APPQ threadId=27 msg=6]
2026-09-29 14:38:35,400 INFO  [29] com.example.mqproducer.ProducerWorker - Sent destination=APPQ threadId=29 msg=6 body=[destination=APPQ threadId=29 msg=6]
2026-09-29 14:38:35,415 INFO  [26] com.example.mqproducer.ProducerWorker - Sent destination=APPQ threadId=26 msg=6 body=[destination=APPQ threadId=26 msg=6]
2026-09-29 14:38:35,461 INFO  [22] com.example.mqproducer.ProducerWorker - Sent destination=APPQ threadId=22 msg=6 body=[destination=APPQ threadId=22 msg=6]
2026-09-29 14:39:35,184 INFO  [23] com.example.mqproducer.ProducerWorker - Sent destination=APPQ threadId=23 msg=7 body=[destination=APPQ threadId=23 msg=7]
2026-09-29 14:39:35,231 INFO  [31] com.example.mqproducer.ProducerWorker - Sent destination=APPQ threadId=31 msg=7 body=[destination=APPQ threadId=31 msg=7]
2026-09-29 14:39:35,306 INFO  [30] com.example.mqproducer.ProducerWorker - Sent destination=APPQ threadId=30 msg=7 body=[destination=APPQ threadId=30 msg=7]
2026-09-29 14:39:35,342 INFO  [25] com.example.mqproducer.ProducerWorker - Sent destination=APPQ threadId=25 msg=7 body=[destination=APPQ threadId=25 msg=7]
2026-09-29 14:39:35,386 INFO  [24] com.example.mqproducer.ProducerWorker - Sent destination=APPQ threadId=24 msg=7 body=[destination=APPQ threadId=24 msg=7]
2026-09-29 14:39:35,401 INFO  [27] com.example.mqproducer.ProducerWorker - Sent destination=APPQ threadId=27 msg=7 body=[destination=APPQ threadId=27 msg=7]
2026-09-29 14:39:35,402 INFO  [28] com.example.mqproducer.ProducerWorker - Sent destination=APPQ threadId=28 msg=7 body=[destination=APPQ threadId=28 msg=7]
2026-09-29 14:39:35,418 INFO  [29] com.example.mqproducer.ProducerWorker - Sent destination=APPQ threadId=29 msg=7 body=[destination=APPQ threadId=29 msg=7]
2026-09-29 14:39:35,431 INFO  [26] com.example.mqproducer.ProducerWorker - Sent destination=APPQ threadId=26 msg=7 body=[destination=APPQ threadId=26 msg=7]
2026-09-29 14:39:35,479 INFO  [22] com.example.mqproducer.ProducerWorker - Sent destination=APPQ threadId=22 msg=7 body=[destination=APPQ threadId=22 msg=7]
2026-09-29 14:40:35,195 INFO  [23] com.example.mqproducer.ProducerWorker - Sent destination=APPQ threadId=23 msg=8 body=[destination=APPQ threadId=23 msg=8]
2026-09-29 14:40:35,244 INFO  [31] com.example.mqproducer.ProducerWorker - Sent destination=APPQ threadId=31 msg=8 body=[destination=APPQ threadId=31 msg=8]
2026-09-29 14:40:35,326 INFO  [30] com.example.mqproducer.ProducerWorker - Sent destination=APPQ threadId=30 msg=8 body=[destination=APPQ threadId=30 msg=8]
2026-09-29 14:40:35,357 INFO  [25] com.example.mqproducer.ProducerWorker - Sent destination=APPQ threadId=25 msg=8 body=[destination=APPQ threadId=25 msg=8]
2026-09-29 14:40:35,400 INFO  [24] com.example.mqproducer.ProducerWorker - Sent destination=APPQ threadId=24 msg=8 body=[destination=APPQ threadId=24 msg=8]
2026-09-29 14:40:35,419 INFO  [27] com.example.mqproducer.ProducerWorker - Sent destination=APPQ threadId=27 msg=8 body=[destination=APPQ threadId=27 msg=8]
2026-09-29 14:40:35,419 INFO  [28] com.example.mqproducer.ProducerWorker - Sent destination=APPQ threadId=28 msg=8 body=[destination=APPQ threadId=28 msg=8]
2026-09-29 14:40:35,430 INFO  [29] com.example.mqproducer.ProducerWorker - Sent destination=APPQ threadId=29 msg=8 body=[destination=APPQ threadId=29 msg=8]
2026-09-29 14:40:35,447 INFO  [26] com.example.mqproducer.ProducerWorker - Sent destination=APPQ threadId=26 msg=8 body=[destination=APPQ threadId=26 msg=8]
2026-09-29 14:40:35,496 INFO  [22] com.example.mqproducer.ProducerWorker - Sent destination=APPQ threadId=22 msg=8 body=[destination=APPQ threadId=22 msg=8]
2026-09-29 14:41:35,212 INFO  [23] com.example.mqproducer.ProducerWorker - Sent destination=APPQ threadId=23 msg=9 body=[destination=APPQ threadId=23 msg=9]
2026-09-29 14:41:35,267 INFO  [31] com.example.mqproducer.ProducerWorker - Sent destination=APPQ threadId=31 msg=9 body=[destination=APPQ threadId=31 msg=9]
2026-09-29 14:41:35,337 INFO  [30] com.example.mqproducer.ProducerWorker - Sent destination=APPQ threadId=30 msg=9 body=[destination=APPQ threadId=30 msg=9]
2026-09-29 14:41:35,370 INFO  [25] com.example.mqproducer.ProducerWorker - Sent destination=APPQ threadId=25 msg=9 body=[destination=APPQ threadId=25 msg=9]
2026-09-29 14:41:35,418 INFO  [24] com.example.mqproducer.ProducerWorker - Sent destination=APPQ threadId=24 msg=9 body=[destination=APPQ threadId=24 msg=9]
2026-09-29 14:41:35,433 INFO  [28] com.example.mqproducer.ProducerWorker - Sent destination=APPQ threadId=28 msg=9 body=[destination=APPQ threadId=28 msg=9]
2026-09-29 14:41:35,433 INFO  [27] com.example.mqproducer.ProducerWorker - Sent destination=APPQ threadId=27 msg=9 body=[destination=APPQ threadId=27 msg=9]
2026-09-29 14:41:35,450 INFO  [29] com.example.mqproducer.ProducerWorker - Sent destination=APPQ threadId=29 msg=9 body=[destination=APPQ threadId=29 msg=9]
2026-09-29 14:41:35,462 INFO  [26] com.example.mqproducer.ProducerWorker - Sent destination=APPQ threadId=26 msg=9 body=[destination=APPQ threadId=26 msg=9]
2026-09-29 14:41:35,510 INFO  [22] com.example.mqproducer.ProducerWorker - Sent destination=APPQ threadId=22 msg=9 body=[destination=APPQ threadId=22 msg=9]
2026-09-29 14:42:35,219 INFO  [23] com.example.mqproducer.ProducerWorker - Sent destination=APPQ threadId=23 msg=10 body=[destination=APPQ threadId=23 msg=10]
2026-09-29 14:42:35,275 INFO  [31] com.example.mqproducer.ProducerWorker - Sent destination=APPQ threadId=31 msg=10 body=[destination=APPQ threadId=31 msg=10]
2026-09-29 14:42:35,356 INFO  [30] com.example.mqproducer.ProducerWorker - Sent destination=APPQ threadId=30 msg=10 body=[destination=APPQ threadId=30 msg=10]
2026-09-29 14:42:35,387 INFO  [25] com.example.mqproducer.ProducerWorker - Sent destination=APPQ threadId=25 msg=10 body=[destination=APPQ threadId=25 msg=10]
2026-09-29 14:42:35,432 INFO  [24] com.example.mqproducer.ProducerWorker - Sent destination=APPQ threadId=24 msg=10 body=[destination=APPQ threadId=24 msg=10]
2026-09-29 14:42:35,448 INFO  [28] com.example.mqproducer.ProducerWorker - Sent destination=APPQ threadId=28 msg=10 body=[destination=APPQ threadId=28 msg=10]
2026-09-29 14:42:35,448 INFO  [27] com.example.mqproducer.ProducerWorker - Sent destination=APPQ threadId=27 msg=10 body=[destination=APPQ threadId=27 msg=10]
2026-09-29 14:42:35,464 INFO  [29] com.example.mqproducer.ProducerWorker - Sent destination=APPQ threadId=29 msg=10 body=[destination=APPQ threadId=29 msg=10]
2026-09-29 14:42:35,480 INFO  [26] com.example.mqproducer.ProducerWorker - Sent destination=APPQ threadId=26 msg=10 body=[destination=APPQ threadId=26 msg=10]
2026-09-29 14:42:35,528 INFO  [22] com.example.mqproducer.ProducerWorker - Sent destination=APPQ threadId=22 msg=10 body=[destination=APPQ threadId=22 msg=10]
2026-09-29 14:43:35,229 INFO  [23] com.example.mqproducer.ProducerWorker - Sent destination=APPQ threadId=23 msg=11 body=[destination=APPQ threadId=23 msg=11]
2026-09-29 14:43:35,292 INFO  [31] com.example.mqproducer.ProducerWorker - Sent destination=APPQ threadId=31 msg=11 body=[destination=APPQ threadId=31 msg=11]
2026-09-29 14:43:35,369 INFO  [30] com.example.mqproducer.ProducerWorker - Sent destination=APPQ threadId=30 msg=11 body=[destination=APPQ threadId=30 msg=11]
2026-09-29 14:43:35,402 INFO  [25] com.example.mqproducer.ProducerWorker - Sent destination=APPQ threadId=25 msg=11 body=[destination=APPQ threadId=25 msg=11]
2026-09-29 14:43:35,449 INFO  [24] com.example.mqproducer.ProducerWorker - Sent destination=APPQ threadId=24 msg=11 body=[destination=APPQ threadId=24 msg=11]
2026-09-29 14:43:35,463 INFO  [27] com.example.mqproducer.ProducerWorker - Sent destination=APPQ threadId=27 msg=11 body=[destination=APPQ threadId=27 msg=11]
2026-09-29 14:43:35,464 INFO  [28] com.example.mqproducer.ProducerWorker - Sent destination=APPQ threadId=28 msg=11 body=[destination=APPQ threadId=28 msg=11]
2026-09-29 14:43:35,478 INFO  [29] com.example.mqproducer.ProducerWorker - Sent destination=APPQ threadId=29 msg=11 body=[destination=APPQ threadId=29 msg=11]
2026-09-29 14:43:35,495 INFO  [26] com.example.mqproducer.ProducerWorker - Sent destination=APPQ threadId=26 msg=11 body=[destination=APPQ threadId=26 msg=11]
2026-09-29 14:43:35,543 INFO  [22] com.example.mqproducer.ProducerWorker - Sent destination=APPQ threadId=22 msg=11 body=[destination=APPQ threadId=22 msg=11]
2026-09-29 14:44:35,244 INFO  [23] com.example.mqproducer.ProducerWorker - Sent destination=APPQ threadId=23 msg=12 body=[destination=APPQ threadId=23 msg=12]
2026-09-29 14:44:35,307 INFO  [31] com.example.mqproducer.ProducerWorker - Sent destination=APPQ threadId=31 msg=12 body=[destination=APPQ threadId=31 msg=12]
2026-09-29 14:44:35,385 INFO  [30] com.example.mqproducer.ProducerWorker - Sent destination=APPQ threadId=30 msg=12 body=[destination=APPQ threadId=30 msg=12]
2026-09-29 14:44:35,418 INFO  [25] com.example.mqproducer.ProducerWorker - Sent destination=APPQ threadId=25 msg=12 body=[destination=APPQ threadId=25 msg=12]
2026-09-29 14:44:35,463 INFO  [24] com.example.mqproducer.ProducerWorker - Sent destination=APPQ threadId=24 msg=12 body=[destination=APPQ threadId=24 msg=12]
2026-09-29 14:44:35,478 INFO  [27] com.example.mqproducer.ProducerWorker - Sent destination=APPQ threadId=27 msg=12 body=[destination=APPQ threadId=27 msg=12]
2026-09-29 14:44:35,478 INFO  [28] com.example.mqproducer.ProducerWorker - Sent destination=APPQ threadId=28 msg=12 body=[destination=APPQ threadId=28 msg=12]
2026-09-29 14:44:35,494 INFO  [29] com.example.mqproducer.ProducerWorker - Sent destination=APPQ threadId=29 msg=12 body=[destination=APPQ threadId=29 msg=12]
2026-09-29 14:44:35,510 INFO  [26] com.example.mqproducer.ProducerWorker - Sent destination=APPQ threadId=26 msg=12 body=[destination=APPQ threadId=26 msg=12]
2026-09-29 14:44:35,557 INFO  [22] com.example.mqproducer.ProducerWorker - Sent destination=APPQ threadId=22 msg=12 body=[destination=APPQ threadId=22 msg=12]
2026-09-29 14:45:35,262 INFO  [23] com.example.mqproducer.ProducerWorker - Sent destination=APPQ threadId=23 msg=13 body=[destination=APPQ threadId=23 msg=13]
2026-09-29 14:45:35,321 INFO  [31] com.example.mqproducer.ProducerWorker - Sent destination=APPQ threadId=31 msg=13 body=[destination=APPQ threadId=31 msg=13]
2026-09-29 14:45:35,400 INFO  [30] com.example.mqproducer.ProducerWorker - Sent destination=APPQ threadId=30 msg=13 body=[destination=APPQ threadId=30 msg=13]
2026-09-29 14:45:35,430 INFO  [25] com.example.mqproducer.ProducerWorker - Sent destination=APPQ threadId=25 msg=13 body=[destination=APPQ threadId=25 msg=13]
2026-09-29 14:45:35,480 INFO  [24] com.example.mqproducer.ProducerWorker - Sent destination=APPQ threadId=24 msg=13 body=[destination=APPQ threadId=24 msg=13]
2026-09-29 14:45:35,495 INFO  [28] com.example.mqproducer.ProducerWorker - Sent destination=APPQ threadId=28 msg=13 body=[destination=APPQ threadId=28 msg=13]
2026-09-29 14:45:35,495 INFO  [27] com.example.mqproducer.ProducerWorker - Sent destination=APPQ threadId=27 msg=13 body=[destination=APPQ threadId=27 msg=13]
2026-09-29 14:45:35,512 INFO  [29] com.example.mqproducer.ProducerWorker - Sent destination=APPQ threadId=29 msg=13 body=[destination=APPQ threadId=29 msg=13]
2026-09-29 14:45:35,529 INFO  [26] com.example.mqproducer.ProducerWorker - Sent destination=APPQ threadId=26 msg=13 body=[destination=APPQ threadId=26 msg=13]
2026-09-29 14:45:35,562 INFO  [22] com.example.mqproducer.ProducerWorker - Sent destination=APPQ threadId=22 msg=13 body=[destination=APPQ threadId=22 msg=13]
2026-09-29 14:46:17,332 FINE  [65] java.lang.Runtime - Runtime.exit() called with status: 130
java.lang.Throwable: Runtime.exit(130)
	at java.base/java.lang.Shutdown.logRuntimeExit(Shutdown.java:179)
	at java.base/java.lang.Shutdown.exit(Shutdown.java:160)
	at java.base/java.lang.Terminator$1.handle(Terminator.java:51)
	at java.base/jdk.internal.misc.Signal$1.run(Signal.java:218)
	at java.base/java.lang.Thread.run(Thread.java:1570)
2026-09-29 14:47:58,508 INFO  [1] com.example.mqproducer.Main - Starting MQ producer harness — threads=10  messagesPerThread=500  totalMessages=5000  queue=APPQ
2026-09-29 14:47:58,515 INFO  [24] com.example.mqproducer.ProducerWorker - Producer 3 starting
2026-09-29 14:47:58,515 INFO  [28] com.example.mqproducer.ProducerWorker - Producer 7 starting
2026-09-29 14:47:58,515 INFO  [22] com.example.mqproducer.ProducerWorker - Producer 1 starting
2026-09-29 14:47:58,516 INFO  [29] com.example.mqproducer.ProducerWorker - Producer 8 starting
2026-09-29 14:47:58,516 INFO  [30] com.example.mqproducer.ProducerWorker - Producer 9 starting
2026-09-29 14:47:58,515 INFO  [23] com.example.mqproducer.ProducerWorker - Producer 2 starting
2026-09-29 14:47:58,515 INFO  [25] com.example.mqproducer.ProducerWorker - Producer 4 starting
2026-09-29 14:47:58,515 INFO  [26] com.example.mqproducer.ProducerWorker - Producer 5 starting
2026-09-29 14:47:58,515 INFO  [27] com.example.mqproducer.ProducerWorker - Producer 6 starting
2026-09-29 14:47:58,516 INFO  [31] com.example.mqproducer.ProducerWorker - Producer 10 starting
2026-09-29 14:47:58,563 FINER [26] javax.management.mbeanserver - ObjectName = JMImplementation:type=MBeanServerDelegate
2026-09-29 14:47:58,563 FINER [26] javax.management.mbeanserver - name = JMImplementation:type=MBeanServerDelegate
2026-09-29 14:47:58,563 FINER [26] javax.management.mbeanserver - Send create notification of object JMImplementation:type=MBeanServerDelegate
2026-09-29 14:47:58,566 FINER [26] javax.management.mbeanserver - JMX.mbean.registered JMImplementation:type=MBeanServerDelegate
2026-09-29 14:47:58,578 FINER [26] javax.management.misc - Building MBeanInfo for sun.management.RuntimeImpl
2026-09-29 14:47:58,579 FINER [26] javax.management.mbeanserver - ObjectName = java.lang:type=Runtime
2026-09-29 14:47:58,579 FINER [26] javax.management.mbeanserver - name = java.lang:type=Runtime
2026-09-29 14:47:58,579 FINER [26] javax.management.mbeanserver - Send create notification of object java.lang:type=Runtime
2026-09-29 14:47:58,579 FINER [26] javax.management.mbeanserver - JMX.mbean.registered java.lang:type=Runtime
2026-09-29 14:47:58,583 FINER [26] javax.management.misc - Building MBeanInfo for com.sun.management.internal.HotSpotThreadImpl
2026-09-29 14:47:58,583 FINER [26] javax.management.mbeanserver - ObjectName = java.lang:type=Threading
2026-09-29 14:47:58,583 FINER [26] javax.management.mbeanserver - name = java.lang:type=Threading
2026-09-29 14:47:58,584 FINER [26] javax.management.mbeanserver - Send create notification of object java.lang:type=Threading
2026-09-29 14:47:58,584 FINER [26] javax.management.mbeanserver - JMX.mbean.registered java.lang:type=Threading
2026-09-29 14:47:58,590 FINER [26] javax.management.misc - Building MBeanInfo for com.sun.management.internal.OperatingSystemImpl
2026-09-29 14:47:58,590 FINER [26] javax.management.mbeanserver - ObjectName = java.lang:type=OperatingSystem
2026-09-29 14:47:58,590 FINER [26] javax.management.mbeanserver - name = java.lang:type=OperatingSystem
2026-09-29 14:47:58,590 FINER [26] javax.management.mbeanserver - Send create notification of object java.lang:type=OperatingSystem
2026-09-29 14:47:58,590 FINER [26] javax.management.mbeanserver - JMX.mbean.registered java.lang:type=OperatingSystem
2026-09-29 14:47:58,594 FINER [26] javax.management.misc - Building MBeanInfo for sun.management.MemoryManagerImpl
2026-09-29 14:47:58,594 FINER [26] javax.management.mbeanserver - ObjectName = java.lang:name=CodeCacheManager,type=MemoryManager
2026-09-29 14:47:58,594 FINER [26] javax.management.mbeanserver - name = java.lang:name=CodeCacheManager,type=MemoryManager
2026-09-29 14:47:58,594 FINER [26] javax.management.mbeanserver - Send create notification of object java.lang:name=CodeCacheManager,type=MemoryManager
2026-09-29 14:47:58,594 FINER [26] javax.management.mbeanserver - JMX.mbean.registered java.lang:name=CodeCacheManager,type=MemoryManager
2026-09-29 14:47:58,594 FINER [26] javax.management.misc - Building MBeanInfo for sun.management.MemoryManagerImpl
2026-09-29 14:47:58,594 FINER [26] javax.management.mbeanserver - ObjectName = java.lang:name=Metaspace Manager,type=MemoryManager
2026-09-29 14:47:58,595 FINER [26] javax.management.mbeanserver - name = java.lang:name=Metaspace Manager,type=MemoryManager
2026-09-29 14:47:58,595 FINER [26] javax.management.mbeanserver - Send create notification of object java.lang:name=Metaspace Manager,type=MemoryManager
2026-09-29 14:47:58,595 FINER [26] javax.management.mbeanserver - JMX.mbean.registered java.lang:name=Metaspace Manager,type=MemoryManager
2026-09-29 14:47:58,596 FINER [26] javax.management.misc - Building MBeanInfo for sun.management.MemoryPoolImpl
2026-09-29 14:47:58,596 FINER [26] javax.management.mbeanserver - ObjectName = java.lang:name=CodeHeap 'non-nmethods',type=MemoryPool
2026-09-29 14:47:58,596 FINER [26] javax.management.mbeanserver - name = java.lang:name=CodeHeap 'non-nmethods',type=MemoryPool
2026-09-29 14:47:58,596 FINER [26] javax.management.mbeanserver - Send create notification of object java.lang:name=CodeHeap 'non-nmethods',type=MemoryPool
2026-09-29 14:47:58,596 FINER [26] javax.management.mbeanserver - JMX.mbean.registered java.lang:name=CodeHeap 'non-nmethods',type=MemoryPool
2026-09-29 14:47:58,597 FINER [26] javax.management.misc - Building MBeanInfo for sun.management.MemoryPoolImpl
2026-09-29 14:47:58,597 FINER [26] javax.management.mbeanserver - ObjectName = java.lang:name=Metaspace,type=MemoryPool
2026-09-29 14:47:58,597 FINER [26] javax.management.mbeanserver - name = java.lang:name=Metaspace,type=MemoryPool
2026-09-29 14:47:58,597 FINER [26] javax.management.mbeanserver - Send create notification of object java.lang:name=Metaspace,type=MemoryPool
2026-09-29 14:47:58,597 FINER [26] javax.management.mbeanserver - JMX.mbean.registered java.lang:name=Metaspace,type=MemoryPool
2026-09-29 14:47:58,597 FINER [26] javax.management.misc - Building MBeanInfo for sun.management.MemoryPoolImpl
2026-09-29 14:47:58,597 FINER [26] javax.management.mbeanserver - ObjectName = java.lang:name=CodeHeap 'profiled nmethods',type=MemoryPool
2026-09-29 14:47:58,597 FINER [26] javax.management.mbeanserver - name = java.lang:name=CodeHeap 'profiled nmethods',type=MemoryPool
2026-09-29 14:47:58,597 FINER [26] javax.management.mbeanserver - Send create notification of object java.lang:name=CodeHeap 'profiled nmethods',type=MemoryPool
2026-09-29 14:47:58,597 FINER [26] javax.management.mbeanserver - JMX.mbean.registered java.lang:name=CodeHeap 'profiled nmethods',type=MemoryPool
2026-09-29 14:47:58,597 FINER [26] javax.management.misc - Building MBeanInfo for sun.management.MemoryPoolImpl
2026-09-29 14:47:58,597 FINER [26] javax.management.mbeanserver - ObjectName = java.lang:name=Compressed Class Space,type=MemoryPool
2026-09-29 14:47:58,598 FINER [26] javax.management.mbeanserver - name = java.lang:name=Compressed Class Space,type=MemoryPool
2026-09-29 14:47:58,598 FINER [26] javax.management.mbeanserver - Send create notification of object java.lang:name=Compressed Class Space,type=MemoryPool
2026-09-29 14:47:58,598 FINER [26] javax.management.mbeanserver - JMX.mbean.registered java.lang:name=Compressed Class Space,type=MemoryPool
2026-09-29 14:47:58,598 FINER [26] javax.management.misc - Building MBeanInfo for sun.management.MemoryPoolImpl
2026-09-29 14:47:58,598 FINER [26] javax.management.mbeanserver - ObjectName = java.lang:name=G1 Eden Space,type=MemoryPool
2026-09-29 14:47:58,598 FINER [26] javax.management.mbeanserver - name = java.lang:name=G1 Eden Space,type=MemoryPool
2026-09-29 14:47:58,598 FINER [26] javax.management.mbeanserver - Send create notification of object java.lang:name=G1 Eden Space,type=MemoryPool
2026-09-29 14:47:58,598 FINER [26] javax.management.mbeanserver - JMX.mbean.registered java.lang:name=G1 Eden Space,type=MemoryPool
2026-09-29 14:47:58,598 FINER [26] javax.management.misc - Building MBeanInfo for sun.management.MemoryPoolImpl
2026-09-29 14:47:58,598 FINER [26] javax.management.mbeanserver - ObjectName = java.lang:name=G1 Old Gen,type=MemoryPool
2026-09-29 14:47:58,598 FINER [26] javax.management.mbeanserver - name = java.lang:name=G1 Old Gen,type=MemoryPool
2026-09-29 14:47:58,598 FINER [26] javax.management.mbeanserver - Send create notification of object java.lang:name=G1 Old Gen,type=MemoryPool
2026-09-29 14:47:58,598 FINER [26] javax.management.mbeanserver - JMX.mbean.registered java.lang:name=G1 Old Gen,type=MemoryPool
2026-09-29 14:47:58,598 FINER [26] javax.management.misc - Building MBeanInfo for sun.management.MemoryPoolImpl
2026-09-29 14:47:58,598 FINER [26] javax.management.mbeanserver - ObjectName = java.lang:name=G1 Survivor Space,type=MemoryPool
2026-09-29 14:47:58,598 FINER [26] javax.management.mbeanserver - name = java.lang:name=G1 Survivor Space,type=MemoryPool
2026-09-29 14:47:58,598 FINER [26] javax.management.mbeanserver - Send create notification of object java.lang:name=G1 Survivor Space,type=MemoryPool
2026-09-29 14:47:58,599 FINER [26] javax.management.mbeanserver - JMX.mbean.registered java.lang:name=G1 Survivor Space,type=MemoryPool
2026-09-29 14:47:58,599 FINER [26] javax.management.misc - Building MBeanInfo for sun.management.MemoryPoolImpl
2026-09-29 14:47:58,599 FINER [26] javax.management.mbeanserver - ObjectName = java.lang:name=CodeHeap 'non-profiled nmethods',type=MemoryPool
2026-09-29 14:47:58,599 FINER [26] javax.management.mbeanserver - name = java.lang:name=CodeHeap 'non-profiled nmethods',type=MemoryPool
2026-09-29 14:47:58,599 FINER [26] javax.management.mbeanserver - Send create notification of object java.lang:name=CodeHeap 'non-profiled nmethods',type=MemoryPool
2026-09-29 14:47:58,599 FINER [26] javax.management.mbeanserver - JMX.mbean.registered java.lang:name=CodeHeap 'non-profiled nmethods',type=MemoryPool
2026-09-29 14:47:58,600 FINER [26] javax.management.misc - Building MBeanInfo for sun.management.CompilationImpl
2026-09-29 14:47:58,600 FINER [26] javax.management.mbeanserver - ObjectName = java.lang:type=Compilation
2026-09-29 14:47:58,600 FINER [26] javax.management.mbeanserver - name = java.lang:type=Compilation
2026-09-29 14:47:58,601 FINER [26] javax.management.mbeanserver - Send create notification of object java.lang:type=Compilation
2026-09-29 14:47:58,601 FINER [26] javax.management.mbeanserver - JMX.mbean.registered java.lang:type=Compilation
2026-09-29 14:47:58,601 FINER [26] javax.management.misc - Building MBeanInfo for sun.management.MemoryImpl
2026-09-29 14:47:58,601 FINER [26] javax.management.mbeanserver - ObjectName = java.lang:type=Memory
2026-09-29 14:47:58,601 FINER [26] javax.management.mbeanserver - name = java.lang:type=Memory
2026-09-29 14:47:58,602 FINER [26] javax.management.mbeanserver - Send create notification of object java.lang:type=Memory
2026-09-29 14:47:58,602 FINER [26] javax.management.mbeanserver - JMX.mbean.registered java.lang:type=Memory
2026-09-29 14:47:58,603 FINER [26] javax.management.misc - Building MBeanInfo for sun.management.ManagementFactoryHelper$PlatformLoggingImpl
2026-09-29 14:47:58,603 FINER [26] javax.management.mbeanserver - ObjectName = java.util.logging:type=Logging
2026-09-29 14:47:58,603 FINER [26] javax.management.mbeanserver - name = java.util.logging:type=Logging
2026-09-29 14:47:58,603 FINER [26] javax.management.mbeanserver - Send create notification of object java.util.logging:type=Logging
2026-09-29 14:47:58,603 FINER [26] javax.management.mbeanserver - JMX.mbean.registered java.util.logging:type=Logging
2026-09-29 14:47:58,604 FINER [26] javax.management.misc - Building MBeanInfo for sun.management.ClassLoadingImpl
2026-09-29 14:47:58,604 FINER [26] javax.management.mbeanserver - ObjectName = java.lang:type=ClassLoading
2026-09-29 14:47:58,604 FINER [26] javax.management.mbeanserver - name = java.lang:type=ClassLoading
2026-09-29 14:47:58,604 FINER [26] javax.management.mbeanserver - Send create notification of object java.lang:type=ClassLoading
2026-09-29 14:47:58,604 FINER [26] javax.management.mbeanserver - JMX.mbean.registered java.lang:type=ClassLoading
2026-09-29 14:47:58,647 FINER [26] javax.management.mbeanserver - ObjectName = com.sun.management:type=DiagnosticCommand
2026-09-29 14:47:58,647 FINER [26] javax.management.mbeanserver - name = com.sun.management:type=DiagnosticCommand
2026-09-29 14:47:58,647 FINER [26] javax.management.mbeanserver - Send create notification of object com.sun.management:type=DiagnosticCommand
2026-09-29 14:47:58,647 FINER [26] javax.management.mbeanserver - JMX.mbean.registered com.sun.management:type=DiagnosticCommand
2026-09-29 14:47:58,649 FINER [26] javax.management.misc - Building MBeanInfo for com.sun.management.internal.GarbageCollectorExtImpl
2026-09-29 14:47:58,649 FINER [26] javax.management.mbeanserver - ObjectName = java.lang:name=G1 Young Generation,type=GarbageCollector
2026-09-29 14:47:58,649 FINER [26] javax.management.mbeanserver - name = java.lang:name=G1 Young Generation,type=GarbageCollector
2026-09-29 14:47:58,649 FINER [26] javax.management.mbeanserver - Send create notification of object java.lang:name=G1 Young Generation,type=GarbageCollector
2026-09-29 14:47:58,649 FINER [26] javax.management.mbeanserver - JMX.mbean.registered java.lang:name=G1 Young Generation,type=GarbageCollector
2026-09-29 14:47:58,649 FINER [26] javax.management.misc - Building MBeanInfo for com.sun.management.internal.GarbageCollectorExtImpl
2026-09-29 14:47:58,649 FINER [26] javax.management.mbeanserver - ObjectName = java.lang:name=G1 Concurrent GC,type=GarbageCollector
2026-09-29 14:47:58,649 FINER [26] javax.management.mbeanserver - name = java.lang:name=G1 Concurrent GC,type=GarbageCollector
2026-09-29 14:47:58,650 FINER [26] javax.management.mbeanserver - Send create notification of object java.lang:name=G1 Concurrent GC,type=GarbageCollector
2026-09-29 14:47:58,650 FINER [26] javax.management.mbeanserver - JMX.mbean.registered java.lang:name=G1 Concurrent GC,type=GarbageCollector
2026-09-29 14:47:58,650 FINER [26] javax.management.misc - Building MBeanInfo for com.sun.management.internal.GarbageCollectorExtImpl
2026-09-29 14:47:58,650 FINER [26] javax.management.mbeanserver - ObjectName = java.lang:name=G1 Old Generation,type=GarbageCollector
2026-09-29 14:47:58,650 FINER [26] javax.management.mbeanserver - name = java.lang:name=G1 Old Generation,type=GarbageCollector
2026-09-29 14:47:58,650 FINER [26] javax.management.mbeanserver - Send create notification of object java.lang:name=G1 Old Generation,type=GarbageCollector
2026-09-29 14:47:58,650 FINER [26] javax.management.mbeanserver - JMX.mbean.registered java.lang:name=G1 Old Generation,type=GarbageCollector
2026-09-29 14:47:58,651 FINER [26] javax.management.misc - Building MBeanInfo for com.sun.management.internal.HotSpotDiagnostic
2026-09-29 14:47:58,651 FINER [26] javax.management.mbeanserver - ObjectName = com.sun.management:type=HotSpotDiagnostic
2026-09-29 14:47:58,651 FINER [26] javax.management.mbeanserver - name = com.sun.management:type=HotSpotDiagnostic
2026-09-29 14:47:58,652 FINER [26] javax.management.mbeanserver - Send create notification of object com.sun.management:type=HotSpotDiagnostic
2026-09-29 14:47:58,652 FINER [26] javax.management.mbeanserver - JMX.mbean.registered com.sun.management:type=HotSpotDiagnostic
2026-09-29 14:47:58,655 FINER [26] javax.management.misc - Building MBeanInfo for sun.management.ManagementFactoryHelper$1
2026-09-29 14:47:58,655 FINER [26] javax.management.mbeanserver - ObjectName = java.nio:name=mapped,type=BufferPool
2026-09-29 14:47:58,655 FINER [26] javax.management.mbeanserver - name = java.nio:name=mapped,type=BufferPool
2026-09-29 14:47:58,655 FINER [26] javax.management.mbeanserver - Send create notification of object java.nio:name=mapped,type=BufferPool
2026-09-29 14:47:58,655 FINER [26] javax.management.mbeanserver - JMX.mbean.registered java.nio:name=mapped,type=BufferPool
2026-09-29 14:47:58,656 FINER [26] javax.management.misc - Building MBeanInfo for sun.management.ManagementFactoryHelper$1
2026-09-29 14:47:58,656 FINER [26] javax.management.mbeanserver - ObjectName = java.nio:name=direct,type=BufferPool
2026-09-29 14:47:58,656 FINER [26] javax.management.mbeanserver - name = java.nio:name=direct,type=BufferPool
2026-09-29 14:47:58,656 FINER [26] javax.management.mbeanserver - Send create notification of object java.nio:name=direct,type=BufferPool
2026-09-29 14:47:58,656 FINER [26] javax.management.mbeanserver - JMX.mbean.registered java.nio:name=direct,type=BufferPool
2026-09-29 14:47:58,656 FINER [26] javax.management.misc - Building MBeanInfo for sun.management.ManagementFactoryHelper$1
2026-09-29 14:47:58,656 FINER [26] javax.management.mbeanserver - ObjectName = java.nio:name=mapped - 'non-volatile memory',type=BufferPool
2026-09-29 14:47:58,656 FINER [26] javax.management.mbeanserver - name = java.nio:name=mapped - 'non-volatile memory',type=BufferPool
2026-09-29 14:47:58,656 FINER [26] javax.management.mbeanserver - Send create notification of object java.nio:name=mapped - 'non-volatile memory',type=BufferPool
2026-09-29 14:47:58,656 FINER [26] javax.management.mbeanserver - JMX.mbean.registered java.nio:name=mapped - 'non-volatile memory',type=BufferPool
2026-09-29 14:47:58,660 FINER [26] javax.management.misc - Building MBeanInfo for jdk.management.jfr.FlightRecorderMXBeanImpl
2026-09-29 14:47:58,663 FINER [26] javax.management.mbeanserver - ObjectName = jdk.management.jfr:type=FlightRecorder
2026-09-29 14:47:58,663 FINER [26] javax.management.mbeanserver - name = jdk.management.jfr:type=FlightRecorder
2026-09-29 14:47:58,664 FINER [26] javax.management.mbeanserver - Send create notification of object jdk.management.jfr:type=FlightRecorder
2026-09-29 14:47:58,664 FINER [26] javax.management.mbeanserver - JMX.mbean.registered jdk.management.jfr:type=FlightRecorder
2026-09-29 14:47:58,665 FINER [26] javax.management.misc - Building MBeanInfo for com.ibm.msg.client.commonservices.propertystore.PropertyStoreControlImpl
2026-09-29 14:47:58,665 FINER [26] javax.management.mbeanserver - ObjectName = IBM MQ:type=CommonServices,name=PropertyStoreControl
2026-09-29 14:47:58,665 FINER [26] javax.management.mbeanserver - name = IBM MQ:type=CommonServices,name=PropertyStoreControl
2026-09-29 14:47:58,665 FINER [26] javax.management.mbeanserver - Send create notification of object IBM MQ:name=PropertyStoreControl,type=CommonServices
2026-09-29 14:47:58,666 FINER [26] javax.management.mbeanserver - JMX.mbean.registered IBM MQ:type=CommonServices,name=PropertyStoreControl
2026-09-29 14:47:58,698 FINER [26] javax.management.misc - Building MBeanInfo for com.ibm.msg.client.commonservices.propertystore.PropertyStoreControlImpl
2026-09-29 14:47:58,698 FINER [26] javax.management.mbeanserver - ObjectName = IBM MQ:type=CommonServices,name=PropertyStoreControl
2026-09-29 14:47:58,698 FINER [26] javax.management.mbeanserver - name = IBM MQ:type=CommonServices,name=PropertyStoreControl
2026-09-29 14:48:00,836 INFO  [24] com.example.mqproducer.ProducerWorker - Sent destination=APPQ threadId=24 msg=1 body=[destination=APPQ threadId=24 msg=1]
2026-09-29 14:48:00,836 INFO  [23] com.example.mqproducer.ProducerWorker - Sent destination=APPQ threadId=23 msg=1 body=[destination=APPQ threadId=23 msg=1]
2026-09-29 14:48:00,836 INFO  [30] com.example.mqproducer.ProducerWorker - Sent destination=APPQ threadId=30 msg=1 body=[destination=APPQ threadId=30 msg=1]
2026-09-29 14:48:00,836 INFO  [26] com.example.mqproducer.ProducerWorker - Sent destination=APPQ threadId=26 msg=1 body=[destination=APPQ threadId=26 msg=1]
2026-09-29 14:48:00,837 INFO  [22] com.example.mqproducer.ProducerWorker - Sent destination=APPQ threadId=22 msg=1 body=[destination=APPQ threadId=22 msg=1]
2026-09-29 14:48:00,839 INFO  [25] com.example.mqproducer.ProducerWorker - Sent destination=APPQ threadId=25 msg=1 body=[destination=APPQ threadId=25 msg=1]
2026-09-29 14:48:00,852 INFO  [31] com.example.mqproducer.ProducerWorker - Sent destination=APPQ threadId=31 msg=1 body=[destination=APPQ threadId=31 msg=1]
2026-09-29 14:48:00,871 INFO  [28] com.example.mqproducer.ProducerWorker - Sent destination=APPQ threadId=28 msg=1 body=[destination=APPQ threadId=28 msg=1]
2026-09-29 14:48:00,892 INFO  [29] com.example.mqproducer.ProducerWorker - Sent destination=APPQ threadId=29 msg=1 body=[destination=APPQ threadId=29 msg=1]
2026-09-29 14:48:00,917 INFO  [27] com.example.mqproducer.ProducerWorker - Sent destination=APPQ threadId=27 msg=1 body=[destination=APPQ threadId=27 msg=1]
2026-09-29 14:49:00,841 INFO  [22] com.example.mqproducer.ProducerWorker - Sent destination=APPQ threadId=22 msg=2 body=[destination=APPQ threadId=22 msg=2]
2026-09-29 14:49:00,857 INFO  [31] com.example.mqproducer.ProducerWorker - Sent destination=APPQ threadId=31 msg=2 body=[destination=APPQ threadId=31 msg=2]
2026-09-29 14:49:00,902 INFO  [29] com.example.mqproducer.ProducerWorker - Sent destination=APPQ threadId=29 msg=2 body=[destination=APPQ threadId=29 msg=2]
2026-09-29 14:49:00,934 INFO  [27] com.example.mqproducer.ProducerWorker - Sent destination=APPQ threadId=27 msg=2 body=[destination=APPQ threadId=27 msg=2]
2026-09-29 14:49:00,975 INFO  [28] com.example.mqproducer.ProducerWorker - Sent destination=APPQ threadId=28 msg=2 body=[destination=APPQ threadId=28 msg=2]
2026-09-29 14:49:01,103 INFO  [25] com.example.mqproducer.ProducerWorker - Sent destination=APPQ threadId=25 msg=2 body=[destination=APPQ threadId=25 msg=2]
2026-09-29 14:49:01,104 INFO  [24] com.example.mqproducer.ProducerWorker - Sent destination=APPQ threadId=24 msg=2 body=[destination=APPQ threadId=24 msg=2]
2026-09-29 14:49:01,152 INFO  [23] com.example.mqproducer.ProducerWorker - Sent destination=APPQ threadId=23 msg=2 body=[destination=APPQ threadId=23 msg=2]
2026-09-29 14:49:01,213 INFO  [30] com.example.mqproducer.ProducerWorker - Sent destination=APPQ threadId=30 msg=2 body=[destination=APPQ threadId=30 msg=2]
2026-09-29 14:49:01,277 INFO  [26] com.example.mqproducer.ProducerWorker - Sent destination=APPQ threadId=26 msg=2 body=[destination=APPQ threadId=26 msg=2]
2026-09-29 14:50:00,851 INFO  [22] com.example.mqproducer.ProducerWorker - Sent destination=APPQ threadId=22 msg=3 body=[destination=APPQ threadId=22 msg=3]
2026-09-29 14:50:00,866 INFO  [31] com.example.mqproducer.ProducerWorker - Sent destination=APPQ threadId=31 msg=3 body=[destination=APPQ threadId=31 msg=3]
2026-09-29 14:50:00,918 INFO  [29] com.example.mqproducer.ProducerWorker - Sent destination=APPQ threadId=29 msg=3 body=[destination=APPQ threadId=29 msg=3]
2026-09-29 14:50:00,950 INFO  [27] com.example.mqproducer.ProducerWorker - Sent destination=APPQ threadId=27 msg=3 body=[destination=APPQ threadId=27 msg=3]
2026-09-29 14:50:00,979 INFO  [28] com.example.mqproducer.ProducerWorker - Sent destination=APPQ threadId=28 msg=3 body=[destination=APPQ threadId=28 msg=3]
2026-09-29 14:50:01,118 INFO  [24] com.example.mqproducer.ProducerWorker - Sent destination=APPQ threadId=24 msg=3 body=[destination=APPQ threadId=24 msg=3]
2026-09-29 14:50:01,167 INFO  [23] com.example.mqproducer.ProducerWorker - Sent destination=APPQ threadId=23 msg=3 body=[destination=APPQ threadId=23 msg=3]
2026-09-29 14:50:01,232 INFO  [30] com.example.mqproducer.ProducerWorker - Sent destination=APPQ threadId=30 msg=3 body=[destination=APPQ threadId=30 msg=3]
2026-09-29 14:50:01,282 INFO  [25] com.example.mqproducer.ProducerWorker - Sent destination=APPQ threadId=25 msg=3 body=[destination=APPQ threadId=25 msg=3]
2026-09-29 14:50:01,290 INFO  [26] com.example.mqproducer.ProducerWorker - Sent destination=APPQ threadId=26 msg=3 body=[destination=APPQ threadId=26 msg=3]
2026-09-29 14:51:00,857 INFO  [22] com.example.mqproducer.ProducerWorker - Sent destination=APPQ threadId=22 msg=4 body=[destination=APPQ threadId=22 msg=4]
2026-09-29 14:51:00,885 INFO  [31] com.example.mqproducer.ProducerWorker - Sent destination=APPQ threadId=31 msg=4 body=[destination=APPQ threadId=31 msg=4]
2026-09-29 14:51:00,933 INFO  [29] com.example.mqproducer.ProducerWorker - Sent destination=APPQ threadId=29 msg=4 body=[destination=APPQ threadId=29 msg=4]
2026-09-29 14:51:00,961 INFO  [27] com.example.mqproducer.ProducerWorker - Sent destination=APPQ threadId=27 msg=4 body=[destination=APPQ threadId=27 msg=4]
2026-09-29 14:51:00,993 INFO  [28] com.example.mqproducer.ProducerWorker - Sent destination=APPQ threadId=28 msg=4 body=[destination=APPQ threadId=28 msg=4]
2026-09-29 14:51:01,137 INFO  [24] com.example.mqproducer.ProducerWorker - Sent destination=APPQ threadId=24 msg=4 body=[destination=APPQ threadId=24 msg=4]
2026-09-29 14:51:01,182 INFO  [23] com.example.mqproducer.ProducerWorker - Sent destination=APPQ threadId=23 msg=4 body=[destination=APPQ threadId=23 msg=4]
2026-09-29 14:51:01,243 INFO  [30] com.example.mqproducer.ProducerWorker - Sent destination=APPQ threadId=30 msg=4 body=[destination=APPQ threadId=30 msg=4]
2026-09-29 14:51:01,293 INFO  [25] com.example.mqproducer.ProducerWorker - Sent destination=APPQ threadId=25 msg=4 body=[destination=APPQ threadId=25 msg=4]
2026-09-29 14:51:01,307 INFO  [26] com.example.mqproducer.ProducerWorker - Sent destination=APPQ threadId=26 msg=4 body=[destination=APPQ threadId=26 msg=4]
2026-09-29 14:52:00,869 INFO  [22] com.example.mqproducer.ProducerWorker - Sent destination=APPQ threadId=22 msg=5 body=[destination=APPQ threadId=22 msg=5]
2026-09-29 14:52:00,900 INFO  [31] com.example.mqproducer.ProducerWorker - Sent destination=APPQ threadId=31 msg=5 body=[destination=APPQ threadId=31 msg=5]
2026-09-29 14:52:00,951 INFO  [29] com.example.mqproducer.ProducerWorker - Sent destination=APPQ threadId=29 msg=5 body=[destination=APPQ threadId=29 msg=5]
2026-09-29 14:52:00,979 INFO  [27] com.example.mqproducer.ProducerWorker - Sent destination=APPQ threadId=27 msg=5 body=[destination=APPQ threadId=27 msg=5]
2026-09-29 14:52:00,997 INFO  [28] com.example.mqproducer.ProducerWorker - Sent destination=APPQ threadId=28 msg=5 body=[destination=APPQ threadId=28 msg=5]
2026-09-29 14:52:01,149 INFO  [24] com.example.mqproducer.ProducerWorker - Sent destination=APPQ threadId=24 msg=5 body=[destination=APPQ threadId=24 msg=5]
2026-09-29 14:52:01,196 INFO  [23] com.example.mqproducer.ProducerWorker - Sent destination=APPQ threadId=23 msg=5 body=[destination=APPQ threadId=23 msg=5]
2026-09-29 14:52:01,259 INFO  [30] com.example.mqproducer.ProducerWorker - Sent destination=APPQ threadId=30 msg=5 body=[destination=APPQ threadId=30 msg=5]
2026-09-29 14:52:01,305 INFO  [25] com.example.mqproducer.ProducerWorker - Sent destination=APPQ threadId=25 msg=5 body=[destination=APPQ threadId=25 msg=5]
2026-09-29 14:52:01,321 INFO  [26] com.example.mqproducer.ProducerWorker - Sent destination=APPQ threadId=26 msg=5 body=[destination=APPQ threadId=26 msg=5]
2026-09-29 14:53:00,882 INFO  [22] com.example.mqproducer.ProducerWorker - Sent destination=APPQ threadId=22 msg=6 body=[destination=APPQ threadId=22 msg=6]
2026-09-29 14:53:00,917 INFO  [31] com.example.mqproducer.ProducerWorker - Sent destination=APPQ threadId=31 msg=6 body=[destination=APPQ threadId=31 msg=6]
2026-09-29 14:53:00,963 INFO  [29] com.example.mqproducer.ProducerWorker - Sent destination=APPQ threadId=29 msg=6 body=[destination=APPQ threadId=29 msg=6]
2026-09-29 14:53:00,994 INFO  [27] com.example.mqproducer.ProducerWorker - Sent destination=APPQ threadId=27 msg=6 body=[destination=APPQ threadId=27 msg=6]
2026-09-29 14:53:01,011 INFO  [28] com.example.mqproducer.ProducerWorker - Sent destination=APPQ threadId=28 msg=6 body=[destination=APPQ threadId=28 msg=6]
2026-09-29 14:53:01,166 INFO  [24] com.example.mqproducer.ProducerWorker - Sent destination=APPQ threadId=24 msg=6 body=[destination=APPQ threadId=24 msg=6]
2026-09-29 14:53:01,213 INFO  [23] com.example.mqproducer.ProducerWorker - Sent destination=APPQ threadId=23 msg=6 body=[destination=APPQ threadId=23 msg=6]
2026-09-29 14:53:01,275 INFO  [30] com.example.mqproducer.ProducerWorker - Sent destination=APPQ threadId=30 msg=6 body=[destination=APPQ threadId=30 msg=6]
2026-09-29 14:53:01,309 INFO  [25] com.example.mqproducer.ProducerWorker - Sent destination=APPQ threadId=25 msg=6 body=[destination=APPQ threadId=25 msg=6]
2026-09-29 14:53:01,327 INFO  [26] com.example.mqproducer.ProducerWorker - Sent destination=APPQ threadId=26 msg=6 body=[destination=APPQ threadId=26 msg=6]
2026-09-29 14:54:00,901 INFO  [22] com.example.mqproducer.ProducerWorker - Sent destination=APPQ threadId=22 msg=7 body=[destination=APPQ threadId=22 msg=7]
2026-09-29 14:54:00,930 INFO  [31] com.example.mqproducer.ProducerWorker - Sent destination=APPQ threadId=31 msg=7 body=[destination=APPQ threadId=31 msg=7]
2026-09-29 14:54:00,979 INFO  [29] com.example.mqproducer.ProducerWorker - Sent destination=APPQ threadId=29 msg=7 body=[destination=APPQ threadId=29 msg=7]
2026-09-29 14:54:01,010 INFO  [27] com.example.mqproducer.ProducerWorker - Sent destination=APPQ threadId=27 msg=7 body=[destination=APPQ threadId=27 msg=7]
2026-09-29 14:54:01,026 INFO  [28] com.example.mqproducer.ProducerWorker - Sent destination=APPQ threadId=28 msg=7 body=[destination=APPQ threadId=28 msg=7]
2026-09-29 14:54:01,180 INFO  [24] com.example.mqproducer.ProducerWorker - Sent destination=APPQ threadId=24 msg=7 body=[destination=APPQ threadId=24 msg=7]
2026-09-29 14:54:01,226 INFO  [23] com.example.mqproducer.ProducerWorker - Sent destination=APPQ threadId=23 msg=7 body=[destination=APPQ threadId=23 msg=7]
2026-09-29 14:54:01,292 INFO  [30] com.example.mqproducer.ProducerWorker - Sent destination=APPQ threadId=30 msg=7 body=[destination=APPQ threadId=30 msg=7]
2026-09-29 14:54:01,321 INFO  [25] com.example.mqproducer.ProducerWorker - Sent destination=APPQ threadId=25 msg=7 body=[destination=APPQ threadId=25 msg=7]
2026-09-29 14:54:01,336 INFO  [26] com.example.mqproducer.ProducerWorker - Sent destination=APPQ threadId=26 msg=7 body=[destination=APPQ threadId=26 msg=7]
2026-09-29 14:55:00,915 INFO  [22] com.example.mqproducer.ProducerWorker - Sent destination=APPQ threadId=22 msg=8 body=[destination=APPQ threadId=22 msg=8]
2026-09-29 14:55:00,992 INFO  [29] com.example.mqproducer.ProducerWorker - Sent destination=APPQ threadId=29 msg=8 body=[destination=APPQ threadId=29 msg=8]
2026-09-29 14:55:01,023 INFO  [27] com.example.mqproducer.ProducerWorker - Sent destination=APPQ threadId=27 msg=8 body=[destination=APPQ threadId=27 msg=8]
2026-09-29 14:55:01,076 INFO  [31] com.example.mqproducer.ProducerWorker - Sent destination=APPQ threadId=31 msg=8 body=[destination=APPQ threadId=31 msg=8]
2026-09-29 14:55:01,184 INFO  [24] com.example.mqproducer.ProducerWorker - Sent destination=APPQ threadId=24 msg=8 body=[destination=APPQ threadId=24 msg=8]
2026-09-29 14:55:01,187 INFO  [28] com.example.mqproducer.ProducerWorker - Sent destination=APPQ threadId=28 msg=8 body=[destination=APPQ threadId=28 msg=8]
2026-09-29 14:55:01,243 INFO  [23] com.example.mqproducer.ProducerWorker - Sent destination=APPQ threadId=23 msg=8 body=[destination=APPQ threadId=23 msg=8]
2026-09-29 14:55:01,304 INFO  [30] com.example.mqproducer.ProducerWorker - Sent destination=APPQ threadId=30 msg=8 body=[destination=APPQ threadId=30 msg=8]
2026-09-29 14:55:01,336 INFO  [25] com.example.mqproducer.ProducerWorker - Sent destination=APPQ threadId=25 msg=8 body=[destination=APPQ threadId=25 msg=8]
2026-09-29 14:55:01,351 INFO  [26] com.example.mqproducer.ProducerWorker - Sent destination=APPQ threadId=26 msg=8 body=[destination=APPQ threadId=26 msg=8]
2026-09-29 14:56:01,006 INFO  [29] com.example.mqproducer.ProducerWorker - Sent destination=APPQ threadId=29 msg=9 body=[destination=APPQ threadId=29 msg=9]
2026-09-29 14:56:01,027 INFO  [27] com.example.mqproducer.ProducerWorker - Sent destination=APPQ threadId=27 msg=9 body=[destination=APPQ threadId=27 msg=9]
2026-09-29 14:56:01,066 INFO  [22] com.example.mqproducer.ProducerWorker - Sent destination=APPQ threadId=22 msg=9 body=[destination=APPQ threadId=22 msg=9]
2026-09-29 14:56:01,084 INFO  [31] com.example.mqproducer.ProducerWorker - Sent destination=APPQ threadId=31 msg=9 body=[destination=APPQ threadId=31 msg=9]
2026-09-29 14:56:01,201 INFO  [24] com.example.mqproducer.ProducerWorker - Sent destination=APPQ threadId=24 msg=9 body=[destination=APPQ threadId=24 msg=9]
2026-09-29 14:56:01,202 INFO  [28] com.example.mqproducer.ProducerWorker - Sent destination=APPQ threadId=28 msg=9 body=[destination=APPQ threadId=28 msg=9]
2026-09-29 14:56:01,249 INFO  [23] com.example.mqproducer.ProducerWorker - Sent destination=APPQ threadId=23 msg=9 body=[destination=APPQ threadId=23 msg=9]
2026-09-29 14:56:01,323 INFO  [30] com.example.mqproducer.ProducerWorker - Sent destination=APPQ threadId=30 msg=9 body=[destination=APPQ threadId=30 msg=9]
2026-09-29 14:56:01,355 INFO  [25] com.example.mqproducer.ProducerWorker - Sent destination=APPQ threadId=25 msg=9 body=[destination=APPQ threadId=25 msg=9]
2026-09-29 14:56:01,355 INFO  [26] com.example.mqproducer.ProducerWorker - Sent destination=APPQ threadId=26 msg=9 body=[destination=APPQ threadId=26 msg=9]
2026-09-29 14:57:01,028 INFO  [29] com.example.mqproducer.ProducerWorker - Sent destination=APPQ threadId=29 msg=10 body=[destination=APPQ threadId=29 msg=10]
2026-09-29 14:57:01,045 INFO  [27] com.example.mqproducer.ProducerWorker - Sent destination=APPQ threadId=27 msg=10 body=[destination=APPQ threadId=27 msg=10]
2026-09-29 14:57:01,073 INFO  [22] com.example.mqproducer.ProducerWorker - Sent destination=APPQ threadId=22 msg=10 body=[destination=APPQ threadId=22 msg=10]
2026-09-29 14:57:01,087 INFO  [31] com.example.mqproducer.ProducerWorker - Sent destination=APPQ threadId=31 msg=10 body=[destination=APPQ threadId=31 msg=10]
2026-09-29 14:57:01,214 INFO  [28] com.example.mqproducer.ProducerWorker - Sent destination=APPQ threadId=28 msg=10 body=[destination=APPQ threadId=28 msg=10]
2026-09-29 14:57:01,214 INFO  [24] com.example.mqproducer.ProducerWorker - Sent destination=APPQ threadId=24 msg=10 body=[destination=APPQ threadId=24 msg=10]
2026-09-29 14:57:01,263 INFO  [23] com.example.mqproducer.ProducerWorker - Sent destination=APPQ threadId=23 msg=10 body=[destination=APPQ threadId=23 msg=10]
2026-09-29 14:57:01,337 INFO  [30] com.example.mqproducer.ProducerWorker - Sent destination=APPQ threadId=30 msg=10 body=[destination=APPQ threadId=30 msg=10]
2026-09-29 14:57:01,368 INFO  [26] com.example.mqproducer.ProducerWorker - Sent destination=APPQ threadId=26 msg=10 body=[destination=APPQ threadId=26 msg=10]
2026-09-29 14:57:01,369 INFO  [25] com.example.mqproducer.ProducerWorker - Sent destination=APPQ threadId=25 msg=10 body=[destination=APPQ threadId=25 msg=10]
2026-09-29 14:58:01,043 INFO  [29] com.example.mqproducer.ProducerWorker - Sent destination=APPQ threadId=29 msg=11 body=[destination=APPQ threadId=29 msg=11]
2026-09-29 14:58:01,056 INFO  [27] com.example.mqproducer.ProducerWorker - Sent destination=APPQ threadId=27 msg=11 body=[destination=APPQ threadId=27 msg=11]
2026-09-29 14:58:01,105 INFO  [31] com.example.mqproducer.ProducerWorker - Sent destination=APPQ threadId=31 msg=11 body=[destination=APPQ threadId=31 msg=11]
2026-09-29 14:58:01,133 INFO  [22] com.example.mqproducer.ProducerWorker - Sent destination=APPQ threadId=22 msg=11 body=[destination=APPQ threadId=22 msg=11]
2026-09-29 14:58:01,237 INFO  [28] com.example.mqproducer.ProducerWorker - Sent destination=APPQ threadId=28 msg=11 body=[destination=APPQ threadId=28 msg=11]
2026-09-29 14:58:01,275 INFO  [23] com.example.mqproducer.ProducerWorker - Sent destination=APPQ threadId=23 msg=11 body=[destination=APPQ threadId=23 msg=11]
2026-09-29 14:58:01,286 INFO  [24] com.example.mqproducer.ProducerWorker - Sent destination=APPQ threadId=24 msg=11 body=[destination=APPQ threadId=24 msg=11]
2026-09-29 14:58:01,343 INFO  [30] com.example.mqproducer.ProducerWorker - Sent destination=APPQ threadId=30 msg=11 body=[destination=APPQ threadId=30 msg=11]
2026-09-29 14:58:01,372 INFO  [26] com.example.mqproducer.ProducerWorker - Sent destination=APPQ threadId=26 msg=11 body=[destination=APPQ threadId=26 msg=11]
2026-09-29 14:58:01,372 INFO  [25] com.example.mqproducer.ProducerWorker - Sent destination=APPQ threadId=25 msg=11 body=[destination=APPQ threadId=25 msg=11]
2026-09-29 14:59:01,057 INFO  [29] com.example.mqproducer.ProducerWorker - Sent destination=APPQ threadId=29 msg=12 body=[destination=APPQ threadId=29 msg=12]
2026-09-29 14:59:01,118 INFO  [31] com.example.mqproducer.ProducerWorker - Sent destination=APPQ threadId=31 msg=12 body=[destination=APPQ threadId=31 msg=12]
2026-09-29 14:59:01,148 INFO  [22] com.example.mqproducer.ProducerWorker - Sent destination=APPQ threadId=22 msg=12 body=[destination=APPQ threadId=22 msg=12]
2026-09-29 14:59:01,221 INFO  [27] com.example.mqproducer.ProducerWorker - Sent destination=APPQ threadId=27 msg=12 body=[destination=APPQ threadId=27 msg=12]
2026-09-29 14:59:01,241 INFO  [28] com.example.mqproducer.ProducerWorker - Sent destination=APPQ threadId=28 msg=12 body=[destination=APPQ threadId=28 msg=12]
2026-09-29 14:59:01,290 INFO  [23] com.example.mqproducer.ProducerWorker - Sent destination=APPQ threadId=23 msg=12 body=[destination=APPQ threadId=23 msg=12]
2026-09-29 14:59:01,291 INFO  [24] com.example.mqproducer.ProducerWorker - Sent destination=APPQ threadId=24 msg=12 body=[destination=APPQ threadId=24 msg=12]
2026-09-29 14:59:01,355 INFO  [30] com.example.mqproducer.ProducerWorker - Sent destination=APPQ threadId=30 msg=12 body=[destination=APPQ threadId=30 msg=12]
2026-09-29 14:59:01,385 INFO  [26] com.example.mqproducer.ProducerWorker - Sent destination=APPQ threadId=26 msg=12 body=[destination=APPQ threadId=26 msg=12]
2026-09-29 14:59:01,386 INFO  [25] com.example.mqproducer.ProducerWorker - Sent destination=APPQ threadId=25 msg=12 body=[destination=APPQ threadId=25 msg=12]
2026-09-29 15:00:01,072 INFO  [29] com.example.mqproducer.ProducerWorker - Sent destination=APPQ threadId=29 msg=13 body=[destination=APPQ threadId=29 msg=13]
2026-09-29 15:00:01,139 INFO  [31] com.example.mqproducer.ProducerWorker - Sent destination=APPQ threadId=31 msg=13 body=[destination=APPQ threadId=31 msg=13]
2026-09-29 15:00:01,152 INFO  [22] com.example.mqproducer.ProducerWorker - Sent destination=APPQ threadId=22 msg=13 body=[destination=APPQ threadId=22 msg=13]
2026-09-29 15:00:01,234 INFO  [27] com.example.mqproducer.ProducerWorker - Sent destination=APPQ threadId=27 msg=13 body=[destination=APPQ threadId=27 msg=13]
2026-09-29 15:00:01,248 INFO  [28] com.example.mqproducer.ProducerWorker - Sent destination=APPQ threadId=28 msg=13 body=[destination=APPQ threadId=28 msg=13]
2026-09-29 15:00:01,299 INFO  [24] com.example.mqproducer.ProducerWorker - Sent destination=APPQ threadId=24 msg=13 body=[destination=APPQ threadId=24 msg=13]
2026-09-29 15:00:01,299 INFO  [23] com.example.mqproducer.ProducerWorker - Sent destination=APPQ threadId=23 msg=13 body=[destination=APPQ threadId=23 msg=13]
2026-09-29 15:00:01,368 INFO  [30] com.example.mqproducer.ProducerWorker - Sent destination=APPQ threadId=30 msg=13 body=[destination=APPQ threadId=30 msg=13]
2026-09-29 15:00:01,399 INFO  [26] com.example.mqproducer.ProducerWorker - Sent destination=APPQ threadId=26 msg=13 body=[destination=APPQ threadId=26 msg=13]
2026-09-29 15:00:01,400 INFO  [25] com.example.mqproducer.ProducerWorker - Sent destination=APPQ threadId=25 msg=13 body=[destination=APPQ threadId=25 msg=13]
2026-09-29 15:01:01,088 INFO  [29] com.example.mqproducer.ProducerWorker - Sent destination=APPQ threadId=29 msg=14 body=[destination=APPQ threadId=29 msg=14]
2026-09-29 15:01:01,152 INFO  [31] com.example.mqproducer.ProducerWorker - Sent destination=APPQ threadId=31 msg=14 body=[destination=APPQ threadId=31 msg=14]
2026-09-29 15:01:01,169 INFO  [22] com.example.mqproducer.ProducerWorker - Sent destination=APPQ threadId=22 msg=14 body=[destination=APPQ threadId=22 msg=14]
2026-09-29 15:01:01,245 INFO  [27] com.example.mqproducer.ProducerWorker - Sent destination=APPQ threadId=27 msg=14 body=[destination=APPQ threadId=27 msg=14]
2026-09-29 15:01:01,263 INFO  [28] com.example.mqproducer.ProducerWorker - Sent destination=APPQ threadId=28 msg=14 body=[destination=APPQ threadId=28 msg=14]
2026-09-29 15:01:01,306 INFO  [23] com.example.mqproducer.ProducerWorker - Sent destination=APPQ threadId=23 msg=14 body=[destination=APPQ threadId=23 msg=14]
2026-09-29 15:01:01,306 INFO  [24] com.example.mqproducer.ProducerWorker - Sent destination=APPQ threadId=24 msg=14 body=[destination=APPQ threadId=24 msg=14]
2026-09-29 15:01:01,371 INFO  [30] com.example.mqproducer.ProducerWorker - Sent destination=APPQ threadId=30 msg=14 body=[destination=APPQ threadId=30 msg=14]
2026-09-29 15:01:01,404 INFO  [26] com.example.mqproducer.ProducerWorker - Sent destination=APPQ threadId=26 msg=14 body=[destination=APPQ threadId=26 msg=14]
2026-09-29 15:01:01,418 INFO  [25] com.example.mqproducer.ProducerWorker - Sent destination=APPQ threadId=25 msg=14 body=[destination=APPQ threadId=25 msg=14]
2026-09-29 15:02:01,107 INFO  [29] com.example.mqproducer.ProducerWorker - Sent destination=APPQ threadId=29 msg=15 body=[destination=APPQ threadId=29 msg=15]
2026-09-29 15:02:01,170 INFO  [31] com.example.mqproducer.ProducerWorker - Sent destination=APPQ threadId=31 msg=15 body=[destination=APPQ threadId=31 msg=15]
2026-09-29 15:02:01,184 INFO  [22] com.example.mqproducer.ProducerWorker - Sent destination=APPQ threadId=22 msg=15 body=[destination=APPQ threadId=22 msg=15]
2026-09-29 15:02:01,260 INFO  [27] com.example.mqproducer.ProducerWorker - Sent destination=APPQ threadId=27 msg=15 body=[destination=APPQ threadId=27 msg=15]
2026-09-29 15:02:01,277 INFO  [28] com.example.mqproducer.ProducerWorker - Sent destination=APPQ threadId=28 msg=15 body=[destination=APPQ threadId=28 msg=15]
2026-09-29 15:02:01,322 INFO  [24] com.example.mqproducer.ProducerWorker - Sent destination=APPQ threadId=24 msg=15 body=[destination=APPQ threadId=24 msg=15]
2026-09-29 15:02:01,322 INFO  [23] com.example.mqproducer.ProducerWorker - Sent destination=APPQ threadId=23 msg=15 body=[destination=APPQ threadId=23 msg=15]
2026-09-29 15:02:01,389 INFO  [30] com.example.mqproducer.ProducerWorker - Sent destination=APPQ threadId=30 msg=15 body=[destination=APPQ threadId=30 msg=15]
2026-09-29 15:02:01,415 INFO  [26] com.example.mqproducer.ProducerWorker - Sent destination=APPQ threadId=26 msg=15 body=[destination=APPQ threadId=26 msg=15]
2026-09-29 15:02:01,432 INFO  [25] com.example.mqproducer.ProducerWorker - Sent destination=APPQ threadId=25 msg=15 body=[destination=APPQ threadId=25 msg=15]
2026-09-29 15:03:01,161 INFO  [29] com.example.mqproducer.ProducerWorker - Sent destination=APPQ threadId=29 msg=16 body=[destination=APPQ threadId=29 msg=16]
2026-09-29 15:03:01,180 INFO  [31] com.example.mqproducer.ProducerWorker - Sent destination=APPQ threadId=31 msg=16 body=[destination=APPQ threadId=31 msg=16]
2026-09-29 15:03:01,200 INFO  [22] com.example.mqproducer.ProducerWorker - Sent destination=APPQ threadId=22 msg=16 body=[destination=APPQ threadId=22 msg=16]
2026-09-29 15:03:01,274 INFO  [27] com.example.mqproducer.ProducerWorker - Sent destination=APPQ threadId=27 msg=16 body=[destination=APPQ threadId=27 msg=16]
2026-09-29 15:03:01,295 INFO  [28] com.example.mqproducer.ProducerWorker - Sent destination=APPQ threadId=28 msg=16 body=[destination=APPQ threadId=28 msg=16]
2026-09-29 15:03:01,339 INFO  [23] com.example.mqproducer.ProducerWorker - Sent destination=APPQ threadId=23 msg=16 body=[destination=APPQ threadId=23 msg=16]
2026-09-29 15:03:01,339 INFO  [24] com.example.mqproducer.ProducerWorker - Sent destination=APPQ threadId=24 msg=16 body=[destination=APPQ threadId=24 msg=16]
2026-09-29 15:03:01,400 INFO  [30] com.example.mqproducer.ProducerWorker - Sent destination=APPQ threadId=30 msg=16 body=[destination=APPQ threadId=30 msg=16]
2026-09-29 15:03:01,433 INFO  [26] com.example.mqproducer.ProducerWorker - Sent destination=APPQ threadId=26 msg=16 body=[destination=APPQ threadId=26 msg=16]
2026-09-29 15:03:01,451 INFO  [25] com.example.mqproducer.ProducerWorker - Sent destination=APPQ threadId=25 msg=16 body=[destination=APPQ threadId=25 msg=16]
2026-09-29 15:04:01,169 INFO  [29] com.example.mqproducer.ProducerWorker - Sent destination=APPQ threadId=29 msg=17 body=[destination=APPQ threadId=29 msg=17]
2026-09-29 15:04:01,198 INFO  [31] com.example.mqproducer.ProducerWorker - Sent destination=APPQ threadId=31 msg=17 body=[destination=APPQ threadId=31 msg=17]
2026-09-29 15:04:01,214 INFO  [22] com.example.mqproducer.ProducerWorker - Sent destination=APPQ threadId=22 msg=17 body=[destination=APPQ threadId=22 msg=17]
2026-09-29 15:04:01,278 INFO  [27] com.example.mqproducer.ProducerWorker - Sent destination=APPQ threadId=27 msg=17 body=[destination=APPQ threadId=27 msg=17]
2026-09-29 15:04:01,309 INFO  [28] com.example.mqproducer.ProducerWorker - Sent destination=APPQ threadId=28 msg=17 body=[destination=APPQ threadId=28 msg=17]
2026-09-29 15:04:01,358 INFO  [24] com.example.mqproducer.ProducerWorker - Sent destination=APPQ threadId=24 msg=17 body=[destination=APPQ threadId=24 msg=17]
2026-09-29 15:04:01,359 INFO  [23] com.example.mqproducer.ProducerWorker - Sent destination=APPQ threadId=23 msg=17 body=[destination=APPQ threadId=23 msg=17]
2026-09-29 15:04:01,416 INFO  [30] com.example.mqproducer.ProducerWorker - Sent destination=APPQ threadId=30 msg=17 body=[destination=APPQ threadId=30 msg=17]
2026-09-29 15:04:01,449 INFO  [26] com.example.mqproducer.ProducerWorker - Sent destination=APPQ threadId=26 msg=17 body=[destination=APPQ threadId=26 msg=17]
2026-09-29 15:04:01,460 INFO  [25] com.example.mqproducer.ProducerWorker - Sent destination=APPQ threadId=25 msg=17 body=[destination=APPQ threadId=25 msg=17]
2026-09-29 15:05:01,181 INFO  [29] com.example.mqproducer.ProducerWorker - Sent destination=APPQ threadId=29 msg=18 body=[destination=APPQ threadId=29 msg=18]
2026-09-29 15:05:01,212 INFO  [31] com.example.mqproducer.ProducerWorker - Sent destination=APPQ threadId=31 msg=18 body=[destination=APPQ threadId=31 msg=18]
2026-09-29 15:05:01,231 INFO  [22] com.example.mqproducer.ProducerWorker - Sent destination=APPQ threadId=22 msg=18 body=[destination=APPQ threadId=22 msg=18]
2026-09-29 15:05:01,289 INFO  [27] com.example.mqproducer.ProducerWorker - Sent destination=APPQ threadId=27 msg=18 body=[destination=APPQ threadId=27 msg=18]
2026-09-29 15:05:01,321 INFO  [28] com.example.mqproducer.ProducerWorker - Sent destination=APPQ threadId=28 msg=18 body=[destination=APPQ threadId=28 msg=18]
2026-09-29 15:05:01,370 INFO  [23] com.example.mqproducer.ProducerWorker - Sent destination=APPQ threadId=23 msg=18 body=[destination=APPQ threadId=23 msg=18]
2026-09-29 15:05:01,372 INFO  [24] com.example.mqproducer.ProducerWorker - Sent destination=APPQ threadId=24 msg=18 body=[destination=APPQ threadId=24 msg=18]
2026-09-29 15:05:01,429 INFO  [30] com.example.mqproducer.ProducerWorker - Sent destination=APPQ threadId=30 msg=18 body=[destination=APPQ threadId=30 msg=18]
2026-09-29 15:05:01,465 INFO  [26] com.example.mqproducer.ProducerWorker - Sent destination=APPQ threadId=26 msg=18 body=[destination=APPQ threadId=26 msg=18]
2026-09-29 15:05:01,465 INFO  [25] com.example.mqproducer.ProducerWorker - Sent destination=APPQ threadId=25 msg=18 body=[destination=APPQ threadId=25 msg=18]
2026-09-29 15:06:01,197 INFO  [29] com.example.mqproducer.ProducerWorker - Sent destination=APPQ threadId=29 msg=19 body=[destination=APPQ threadId=29 msg=19]
2026-09-29 15:06:01,229 INFO  [31] com.example.mqproducer.ProducerWorker - Sent destination=APPQ threadId=31 msg=19 body=[destination=APPQ threadId=31 msg=19]
2026-09-29 15:06:01,242 INFO  [22] com.example.mqproducer.ProducerWorker - Sent destination=APPQ threadId=22 msg=19 body=[destination=APPQ threadId=22 msg=19]
2026-09-29 15:06:01,326 INFO  [28] com.example.mqproducer.ProducerWorker - Sent destination=APPQ threadId=28 msg=19 body=[destination=APPQ threadId=28 msg=19]
2026-09-29 15:06:01,328 INFO  [27] com.example.mqproducer.ProducerWorker - Sent destination=APPQ threadId=27 msg=19 body=[destination=APPQ threadId=27 msg=19]
2026-09-29 15:06:01,385 INFO  [24] com.example.mqproducer.ProducerWorker - Sent destination=APPQ threadId=24 msg=19 body=[destination=APPQ threadId=24 msg=19]
2026-09-29 15:06:01,385 INFO  [23] com.example.mqproducer.ProducerWorker - Sent destination=APPQ threadId=23 msg=19 body=[destination=APPQ threadId=23 msg=19]
2026-09-29 15:06:01,434 INFO  [30] com.example.mqproducer.ProducerWorker - Sent destination=APPQ threadId=30 msg=19 body=[destination=APPQ threadId=30 msg=19]
2026-09-29 15:06:01,477 INFO  [25] com.example.mqproducer.ProducerWorker - Sent destination=APPQ threadId=25 msg=19 body=[destination=APPQ threadId=25 msg=19]
2026-09-29 15:06:01,477 INFO  [26] com.example.mqproducer.ProducerWorker - Sent destination=APPQ threadId=26 msg=19 body=[destination=APPQ threadId=26 msg=19]
2026-09-29 15:07:01,204 INFO  [29] com.example.mqproducer.ProducerWorker - Sent destination=APPQ threadId=29 msg=20 body=[destination=APPQ threadId=29 msg=20]
2026-09-29 15:07:01,245 INFO  [31] com.example.mqproducer.ProducerWorker - Sent destination=APPQ threadId=31 msg=20 body=[destination=APPQ threadId=31 msg=20]
2026-09-29 15:07:01,248 INFO  [22] com.example.mqproducer.ProducerWorker - Sent destination=APPQ threadId=22 msg=20 body=[destination=APPQ threadId=22 msg=20]
2026-09-29 15:07:01,336 INFO  [28] com.example.mqproducer.ProducerWorker - Sent destination=APPQ threadId=28 msg=20 body=[destination=APPQ threadId=28 msg=20]
2026-09-29 15:07:01,336 INFO  [27] com.example.mqproducer.ProducerWorker - Sent destination=APPQ threadId=27 msg=20 body=[destination=APPQ threadId=27 msg=20]
2026-09-29 15:07:01,399 INFO  [24] com.example.mqproducer.ProducerWorker - Sent destination=APPQ threadId=24 msg=20 body=[destination=APPQ threadId=24 msg=20]
2026-09-29 15:07:01,399 INFO  [23] com.example.mqproducer.ProducerWorker - Sent destination=APPQ threadId=23 msg=20 body=[destination=APPQ threadId=23 msg=20]
2026-09-29 15:07:01,439 INFO  [30] com.example.mqproducer.ProducerWorker - Sent destination=APPQ threadId=30 msg=20 body=[destination=APPQ threadId=30 msg=20]
2026-09-29 15:07:01,495 INFO  [25] com.example.mqproducer.ProducerWorker - Sent destination=APPQ threadId=25 msg=20 body=[destination=APPQ threadId=25 msg=20]
2026-09-29 15:07:01,496 INFO  [26] com.example.mqproducer.ProducerWorker - Sent destination=APPQ threadId=26 msg=20 body=[destination=APPQ threadId=26 msg=20]
2026-09-29 15:08:01,212 INFO  [29] com.example.mqproducer.ProducerWorker - Sent destination=APPQ threadId=29 msg=21 body=[destination=APPQ threadId=29 msg=21]
2026-09-29 15:08:01,249 INFO  [31] com.example.mqproducer.ProducerWorker - Sent destination=APPQ threadId=31 msg=21 body=[destination=APPQ threadId=31 msg=21]
2026-09-29 15:08:01,266 INFO  [22] com.example.mqproducer.ProducerWorker - Sent destination=APPQ threadId=22 msg=21 body=[destination=APPQ threadId=22 msg=21]
2026-09-29 15:08:01,356 INFO  [27] com.example.mqproducer.ProducerWorker - Sent destination=APPQ threadId=27 msg=21 body=[destination=APPQ threadId=27 msg=21]
2026-09-29 15:08:01,357 INFO  [28] com.example.mqproducer.ProducerWorker - Sent destination=APPQ threadId=28 msg=21 body=[destination=APPQ threadId=28 msg=21]
2026-09-29 15:08:01,416 INFO  [24] com.example.mqproducer.ProducerWorker - Sent destination=APPQ threadId=24 msg=21 body=[destination=APPQ threadId=24 msg=21]
2026-09-29 15:08:01,417 INFO  [23] com.example.mqproducer.ProducerWorker - Sent destination=APPQ threadId=23 msg=21 body=[destination=APPQ threadId=23 msg=21]
2026-09-29 15:08:01,450 INFO  [30] com.example.mqproducer.ProducerWorker - Sent destination=APPQ threadId=30 msg=21 body=[destination=APPQ threadId=30 msg=21]
2026-09-29 15:08:01,513 INFO  [25] com.example.mqproducer.ProducerWorker - Sent destination=APPQ threadId=25 msg=21 body=[destination=APPQ threadId=25 msg=21]
2026-09-29 15:08:01,514 INFO  [26] com.example.mqproducer.ProducerWorker - Sent destination=APPQ threadId=26 msg=21 body=[destination=APPQ threadId=26 msg=21]
2026-09-29 15:09:01,217 INFO  [29] com.example.mqproducer.ProducerWorker - Sent destination=APPQ threadId=29 msg=22 body=[destination=APPQ threadId=29 msg=22]
2026-09-29 15:09:01,259 INFO  [31] com.example.mqproducer.ProducerWorker - Sent destination=APPQ threadId=31 msg=22 body=[destination=APPQ threadId=31 msg=22]
2026-09-29 15:09:01,274 INFO  [22] com.example.mqproducer.ProducerWorker - Sent destination=APPQ threadId=22 msg=22 body=[destination=APPQ threadId=22 msg=22]
2026-09-29 15:09:01,368 INFO  [27] com.example.mqproducer.ProducerWorker - Sent destination=APPQ threadId=27 msg=22 body=[destination=APPQ threadId=27 msg=22]
2026-09-29 15:09:01,370 INFO  [28] com.example.mqproducer.ProducerWorker - Sent destination=APPQ threadId=28 msg=22 body=[destination=APPQ threadId=28 msg=22]
2026-09-29 15:09:01,428 INFO  [23] com.example.mqproducer.ProducerWorker - Sent destination=APPQ threadId=23 msg=22 body=[destination=APPQ threadId=23 msg=22]
2026-09-29 15:09:01,430 INFO  [24] com.example.mqproducer.ProducerWorker - Sent destination=APPQ threadId=24 msg=22 body=[destination=APPQ threadId=24 msg=22]
2026-09-29 15:09:01,460 INFO  [30] com.example.mqproducer.ProducerWorker - Sent destination=APPQ threadId=30 msg=22 body=[destination=APPQ threadId=30 msg=22]
2026-09-29 15:09:01,524 INFO  [26] com.example.mqproducer.ProducerWorker - Sent destination=APPQ threadId=26 msg=22 body=[destination=APPQ threadId=26 msg=22]
2026-09-29 15:09:01,526 INFO  [25] com.example.mqproducer.ProducerWorker - Sent destination=APPQ threadId=25 msg=22 body=[destination=APPQ threadId=25 msg=22]
2026-09-29 15:10:01,229 INFO  [29] com.example.mqproducer.ProducerWorker - Sent destination=APPQ threadId=29 msg=23 body=[destination=APPQ threadId=29 msg=23]
2026-09-29 15:10:01,276 INFO  [31] com.example.mqproducer.ProducerWorker - Sent destination=APPQ threadId=31 msg=23 body=[destination=APPQ threadId=31 msg=23]
2026-09-29 15:10:01,292 INFO  [22] com.example.mqproducer.ProducerWorker - Sent destination=APPQ threadId=22 msg=23 body=[destination=APPQ threadId=22 msg=23]
2026-09-29 15:10:01,382 INFO  [27] com.example.mqproducer.ProducerWorker - Sent destination=APPQ threadId=27 msg=23 body=[destination=APPQ threadId=27 msg=23]
2026-09-29 15:10:01,382 INFO  [28] com.example.mqproducer.ProducerWorker - Sent destination=APPQ threadId=28 msg=23 body=[destination=APPQ threadId=28 msg=23]
2026-09-29 15:10:01,445 INFO  [24] com.example.mqproducer.ProducerWorker - Sent destination=APPQ threadId=24 msg=23 body=[destination=APPQ threadId=24 msg=23]
2026-09-29 15:10:01,446 INFO  [23] com.example.mqproducer.ProducerWorker - Sent destination=APPQ threadId=23 msg=23 body=[destination=APPQ threadId=23 msg=23]
2026-09-29 15:10:01,478 INFO  [30] com.example.mqproducer.ProducerWorker - Sent destination=APPQ threadId=30 msg=23 body=[destination=APPQ threadId=30 msg=23]
2026-09-29 15:10:01,542 INFO  [26] com.example.mqproducer.ProducerWorker - Sent destination=APPQ threadId=26 msg=23 body=[destination=APPQ threadId=26 msg=23]
2026-09-29 15:10:01,543 INFO  [25] com.example.mqproducer.ProducerWorker - Sent destination=APPQ threadId=25 msg=23 body=[destination=APPQ threadId=25 msg=23]
2026-09-29 15:11:01,234 INFO  [29] com.example.mqproducer.ProducerWorker - Sent destination=APPQ threadId=29 msg=24 body=[destination=APPQ threadId=29 msg=24]
2026-09-29 15:11:01,292 INFO  [31] com.example.mqproducer.ProducerWorker - Sent destination=APPQ threadId=31 msg=24 body=[destination=APPQ threadId=31 msg=24]
2026-09-29 15:11:01,306 INFO  [22] com.example.mqproducer.ProducerWorker - Sent destination=APPQ threadId=22 msg=24 body=[destination=APPQ threadId=22 msg=24]
2026-09-29 15:11:01,386 INFO  [27] com.example.mqproducer.ProducerWorker - Sent destination=APPQ threadId=27 msg=24 body=[destination=APPQ threadId=27 msg=24]
2026-09-29 15:11:01,386 INFO  [28] com.example.mqproducer.ProducerWorker - Sent destination=APPQ threadId=28 msg=24 body=[destination=APPQ threadId=28 msg=24]
2026-09-29 15:11:01,462 INFO  [23] com.example.mqproducer.ProducerWorker - Sent destination=APPQ threadId=23 msg=24 body=[destination=APPQ threadId=23 msg=24]
2026-09-29 15:11:01,462 INFO  [24] com.example.mqproducer.ProducerWorker - Sent destination=APPQ threadId=24 msg=24 body=[destination=APPQ threadId=24 msg=24]
2026-09-29 15:11:01,496 INFO  [30] com.example.mqproducer.ProducerWorker - Sent destination=APPQ threadId=30 msg=24 body=[destination=APPQ threadId=30 msg=24]
2026-09-29 15:11:01,555 INFO  [25] com.example.mqproducer.ProducerWorker - Sent destination=APPQ threadId=25 msg=24 body=[destination=APPQ threadId=25 msg=24]
2026-09-29 15:11:01,557 INFO  [26] com.example.mqproducer.ProducerWorker - Sent destination=APPQ threadId=26 msg=24 body=[destination=APPQ threadId=26 msg=24]
2026-09-29 15:12:01,245 INFO  [29] com.example.mqproducer.ProducerWorker - Sent destination=APPQ threadId=29 msg=25 body=[destination=APPQ threadId=29 msg=25]
2026-09-29 15:12:01,308 INFO  [31] com.example.mqproducer.ProducerWorker - Sent destination=APPQ threadId=31 msg=25 body=[destination=APPQ threadId=31 msg=25]
2026-09-29 15:12:01,323 INFO  [22] com.example.mqproducer.ProducerWorker - Sent destination=APPQ threadId=22 msg=25 body=[destination=APPQ threadId=22 msg=25]
2026-09-29 15:12:01,399 INFO  [27] com.example.mqproducer.ProducerWorker - Sent destination=APPQ threadId=27 msg=25 body=[destination=APPQ threadId=27 msg=25]
2026-09-29 15:12:01,399 INFO  [28] com.example.mqproducer.ProducerWorker - Sent destination=APPQ threadId=28 msg=25 body=[destination=APPQ threadId=28 msg=25]
2026-09-29 15:12:01,479 INFO  [23] com.example.mqproducer.ProducerWorker - Sent destination=APPQ threadId=23 msg=25 body=[destination=APPQ threadId=23 msg=25]
2026-09-29 15:12:01,480 INFO  [24] com.example.mqproducer.ProducerWorker - Sent destination=APPQ threadId=24 msg=25 body=[destination=APPQ threadId=24 msg=25]
2026-09-29 15:12:01,511 INFO  [30] com.example.mqproducer.ProducerWorker - Sent destination=APPQ threadId=30 msg=25 body=[destination=APPQ threadId=30 msg=25]
2026-09-29 15:12:01,575 INFO  [26] com.example.mqproducer.ProducerWorker - Sent destination=APPQ threadId=26 msg=25 body=[destination=APPQ threadId=26 msg=25]
2026-09-29 15:12:01,576 INFO  [25] com.example.mqproducer.ProducerWorker - Sent destination=APPQ threadId=25 msg=25 body=[destination=APPQ threadId=25 msg=25]
2026-09-29 15:13:01,260 INFO  [29] com.example.mqproducer.ProducerWorker - Sent destination=APPQ threadId=29 msg=26 body=[destination=APPQ threadId=29 msg=26]
2026-09-29 15:13:01,323 INFO  [31] com.example.mqproducer.ProducerWorker - Sent destination=APPQ threadId=31 msg=26 body=[destination=APPQ threadId=31 msg=26]
2026-09-29 15:13:01,337 INFO  [22] com.example.mqproducer.ProducerWorker - Sent destination=APPQ threadId=22 msg=26 body=[destination=APPQ threadId=22 msg=26]
2026-09-29 15:13:01,417 INFO  [28] com.example.mqproducer.ProducerWorker - Sent destination=APPQ threadId=28 msg=26 body=[destination=APPQ threadId=28 msg=26]
2026-09-29 15:13:01,418 INFO  [27] com.example.mqproducer.ProducerWorker - Sent destination=APPQ threadId=27 msg=26 body=[destination=APPQ threadId=27 msg=26]
2026-09-29 15:13:01,494 INFO  [24] com.example.mqproducer.ProducerWorker - Sent destination=APPQ threadId=24 msg=26 body=[destination=APPQ threadId=24 msg=26]
2026-09-29 15:13:01,494 INFO  [23] com.example.mqproducer.ProducerWorker - Sent destination=APPQ threadId=23 msg=26 body=[destination=APPQ threadId=23 msg=26]
2026-09-29 15:13:01,525 INFO  [30] com.example.mqproducer.ProducerWorker - Sent destination=APPQ threadId=30 msg=26 body=[destination=APPQ threadId=30 msg=26]
2026-09-29 15:13:01,584 INFO  [25] com.example.mqproducer.ProducerWorker - Sent destination=APPQ threadId=25 msg=26 body=[destination=APPQ threadId=25 msg=26]
2026-09-29 15:13:01,584 INFO  [26] com.example.mqproducer.ProducerWorker - Sent destination=APPQ threadId=26 msg=26 body=[destination=APPQ threadId=26 msg=26]
2026-09-29 15:14:01,275 INFO  [29] com.example.mqproducer.ProducerWorker - Sent destination=APPQ threadId=29 msg=27 body=[destination=APPQ threadId=29 msg=27]
2026-09-29 15:14:01,338 INFO  [31] com.example.mqproducer.ProducerWorker - Sent destination=APPQ threadId=31 msg=27 body=[destination=APPQ threadId=31 msg=27]
2026-09-29 15:14:01,358 INFO  [22] com.example.mqproducer.ProducerWorker - Sent destination=APPQ threadId=22 msg=27 body=[destination=APPQ threadId=22 msg=27]
2026-09-29 15:14:01,431 INFO  [28] com.example.mqproducer.ProducerWorker - Sent destination=APPQ threadId=28 msg=27 body=[destination=APPQ threadId=28 msg=27]
2026-09-29 15:14:01,431 INFO  [27] com.example.mqproducer.ProducerWorker - Sent destination=APPQ threadId=27 msg=27 body=[destination=APPQ threadId=27 msg=27]
2026-09-29 15:14:01,497 INFO  [24] com.example.mqproducer.ProducerWorker - Sent destination=APPQ threadId=24 msg=27 body=[destination=APPQ threadId=24 msg=27]
2026-09-29 15:14:01,499 INFO  [23] com.example.mqproducer.ProducerWorker - Sent destination=APPQ threadId=23 msg=27 body=[destination=APPQ threadId=23 msg=27]
2026-09-29 15:14:01,530 INFO  [30] com.example.mqproducer.ProducerWorker - Sent destination=APPQ threadId=30 msg=27 body=[destination=APPQ threadId=30 msg=27]
2026-09-29 15:14:01,589 INFO  [25] com.example.mqproducer.ProducerWorker - Sent destination=APPQ threadId=25 msg=27 body=[destination=APPQ threadId=25 msg=27]
2026-09-29 15:14:01,604 INFO  [26] com.example.mqproducer.ProducerWorker - Sent destination=APPQ threadId=26 msg=27 body=[destination=APPQ threadId=26 msg=27]
2026-09-29 15:15:01,294 INFO  [29] com.example.mqproducer.ProducerWorker - Sent destination=APPQ threadId=29 msg=28 body=[destination=APPQ threadId=29 msg=28]
2026-09-29 15:15:01,356 INFO  [31] com.example.mqproducer.ProducerWorker - Sent destination=APPQ threadId=31 msg=28 body=[destination=APPQ threadId=31 msg=28]
2026-09-29 15:15:01,370 INFO  [22] com.example.mqproducer.ProducerWorker - Sent destination=APPQ threadId=22 msg=28 body=[destination=APPQ threadId=22 msg=28]
2026-09-29 15:15:01,448 INFO  [28] com.example.mqproducer.ProducerWorker - Sent destination=APPQ threadId=28 msg=28 body=[destination=APPQ threadId=28 msg=28]
2026-09-29 15:15:01,448 INFO  [27] com.example.mqproducer.ProducerWorker - Sent destination=APPQ threadId=27 msg=28 body=[destination=APPQ threadId=27 msg=28]
2026-09-29 15:15:01,508 INFO  [24] com.example.mqproducer.ProducerWorker - Sent destination=APPQ threadId=24 msg=28 body=[destination=APPQ threadId=24 msg=28]
2026-09-29 15:15:01,509 INFO  [23] com.example.mqproducer.ProducerWorker - Sent destination=APPQ threadId=23 msg=28 body=[destination=APPQ threadId=23 msg=28]
2026-09-29 15:15:01,539 INFO  [30] com.example.mqproducer.ProducerWorker - Sent destination=APPQ threadId=30 msg=28 body=[destination=APPQ threadId=30 msg=28]
2026-09-29 15:15:01,603 INFO  [25] com.example.mqproducer.ProducerWorker - Sent destination=APPQ threadId=25 msg=28 body=[destination=APPQ threadId=25 msg=28]
2026-09-29 15:15:01,619 INFO  [26] com.example.mqproducer.ProducerWorker - Sent destination=APPQ threadId=26 msg=28 body=[destination=APPQ threadId=26 msg=28]
2026-09-29 15:16:01,310 INFO  [29] com.example.mqproducer.ProducerWorker - Sent destination=APPQ threadId=29 msg=29 body=[destination=APPQ threadId=29 msg=29]
2026-09-29 15:16:01,368 INFO  [31] com.example.mqproducer.ProducerWorker - Sent destination=APPQ threadId=31 msg=29 body=[destination=APPQ threadId=31 msg=29]
2026-09-29 15:16:01,385 INFO  [22] com.example.mqproducer.ProducerWorker - Sent destination=APPQ threadId=22 msg=29 body=[destination=APPQ threadId=22 msg=29]
2026-09-29 15:16:01,462 INFO  [28] com.example.mqproducer.ProducerWorker - Sent destination=APPQ threadId=28 msg=29 body=[destination=APPQ threadId=28 msg=29]
2026-09-29 15:16:01,462 INFO  [27] com.example.mqproducer.ProducerWorker - Sent destination=APPQ threadId=27 msg=29 body=[destination=APPQ threadId=27 msg=29]
2026-09-29 15:16:01,512 INFO  [24] com.example.mqproducer.ProducerWorker - Sent destination=APPQ threadId=24 msg=29 body=[destination=APPQ threadId=24 msg=29]
2026-09-29 15:16:01,525 INFO  [23] com.example.mqproducer.ProducerWorker - Sent destination=APPQ threadId=23 msg=29 body=[destination=APPQ threadId=23 msg=29]
2026-09-29 15:16:01,554 INFO  [30] com.example.mqproducer.ProducerWorker - Sent destination=APPQ threadId=30 msg=29 body=[destination=APPQ threadId=30 msg=29]
2026-09-29 15:16:01,620 INFO  [25] com.example.mqproducer.ProducerWorker - Sent destination=APPQ threadId=25 msg=29 body=[destination=APPQ threadId=25 msg=29]
2026-09-29 15:16:01,632 INFO  [26] com.example.mqproducer.ProducerWorker - Sent destination=APPQ threadId=26 msg=29 body=[destination=APPQ threadId=26 msg=29]
2026-09-29 15:17:01,322 INFO  [29] com.example.mqproducer.ProducerWorker - Sent destination=APPQ threadId=29 msg=30 body=[destination=APPQ threadId=29 msg=30]
2026-09-29 15:17:01,385 INFO  [31] com.example.mqproducer.ProducerWorker - Sent destination=APPQ threadId=31 msg=30 body=[destination=APPQ threadId=31 msg=30]
2026-09-29 15:17:01,398 INFO  [22] com.example.mqproducer.ProducerWorker - Sent destination=APPQ threadId=22 msg=30 body=[destination=APPQ threadId=22 msg=30]
2026-09-29 15:17:01,480 INFO  [28] com.example.mqproducer.ProducerWorker - Sent destination=APPQ threadId=28 msg=30 body=[destination=APPQ threadId=28 msg=30]
2026-09-29 15:17:01,480 INFO  [27] com.example.mqproducer.ProducerWorker - Sent destination=APPQ threadId=27 msg=30 body=[destination=APPQ threadId=27 msg=30]
2026-09-29 15:17:01,525 INFO  [24] com.example.mqproducer.ProducerWorker - Sent destination=APPQ threadId=24 msg=30 body=[destination=APPQ threadId=24 msg=30]
2026-09-29 15:17:01,543 INFO  [23] com.example.mqproducer.ProducerWorker - Sent destination=APPQ threadId=23 msg=30 body=[destination=APPQ threadId=23 msg=30]
2026-09-29 15:17:01,559 INFO  [30] com.example.mqproducer.ProducerWorker - Sent destination=APPQ threadId=30 msg=30 body=[destination=APPQ threadId=30 msg=30]
2026-09-29 15:17:01,637 INFO  [26] com.example.mqproducer.ProducerWorker - Sent destination=APPQ threadId=26 msg=30 body=[destination=APPQ threadId=26 msg=30]
2026-09-29 15:17:01,637 INFO  [25] com.example.mqproducer.ProducerWorker - Sent destination=APPQ threadId=25 msg=30 body=[destination=APPQ threadId=25 msg=30]
2026-09-29 15:18:01,339 INFO  [29] com.example.mqproducer.ProducerWorker - Sent destination=APPQ threadId=29 msg=31 body=[destination=APPQ threadId=29 msg=31]
2026-09-29 15:18:01,400 INFO  [31] com.example.mqproducer.ProducerWorker - Sent destination=APPQ threadId=31 msg=31 body=[destination=APPQ threadId=31 msg=31]
2026-09-29 15:18:01,414 INFO  [22] com.example.mqproducer.ProducerWorker - Sent destination=APPQ threadId=22 msg=31 body=[destination=APPQ threadId=22 msg=31]
2026-09-29 15:18:01,492 INFO  [28] com.example.mqproducer.ProducerWorker - Sent destination=APPQ threadId=28 msg=31 body=[destination=APPQ threadId=28 msg=31]
2026-09-29 15:18:01,493 INFO  [27] com.example.mqproducer.ProducerWorker - Sent destination=APPQ threadId=27 msg=31 body=[destination=APPQ threadId=27 msg=31]
2026-09-29 15:18:01,542 INFO  [24] com.example.mqproducer.ProducerWorker - Sent destination=APPQ threadId=24 msg=31 body=[destination=APPQ threadId=24 msg=31]
2026-09-29 15:18:01,557 INFO  [23] com.example.mqproducer.ProducerWorker - Sent destination=APPQ threadId=23 msg=31 body=[destination=APPQ threadId=23 msg=31]
2026-09-29 15:18:01,572 INFO  [30] com.example.mqproducer.ProducerWorker - Sent destination=APPQ threadId=30 msg=31 body=[destination=APPQ threadId=30 msg=31]
2026-09-29 15:18:01,650 INFO  [25] com.example.mqproducer.ProducerWorker - Sent destination=APPQ threadId=25 msg=31 body=[destination=APPQ threadId=25 msg=31]
2026-09-29 15:18:01,651 INFO  [26] com.example.mqproducer.ProducerWorker - Sent destination=APPQ threadId=26 msg=31 body=[destination=APPQ threadId=26 msg=31]
2026-09-29 15:19:01,350 INFO  [29] com.example.mqproducer.ProducerWorker - Sent destination=APPQ threadId=29 msg=32 body=[destination=APPQ threadId=29 msg=32]
2026-09-29 15:19:01,415 INFO  [31] com.example.mqproducer.ProducerWorker - Sent destination=APPQ threadId=31 msg=32 body=[destination=APPQ threadId=31 msg=32]
2026-09-29 15:19:01,431 INFO  [22] com.example.mqproducer.ProducerWorker - Sent destination=APPQ threadId=22 msg=32 body=[destination=APPQ threadId=22 msg=32]
2026-09-29 15:19:01,512 INFO  [28] com.example.mqproducer.ProducerWorker - Sent destination=APPQ threadId=28 msg=32 body=[destination=APPQ threadId=28 msg=32]
2026-09-29 15:19:01,512 INFO  [27] com.example.mqproducer.ProducerWorker - Sent destination=APPQ threadId=27 msg=32 body=[destination=APPQ threadId=27 msg=32]
2026-09-29 15:19:01,545 INFO  [24] com.example.mqproducer.ProducerWorker - Sent destination=APPQ threadId=24 msg=32 body=[destination=APPQ threadId=24 msg=32]
2026-09-29 15:19:01,571 INFO  [23] com.example.mqproducer.ProducerWorker - Sent destination=APPQ threadId=23 msg=32 body=[destination=APPQ threadId=23 msg=32]
2026-09-29 15:19:01,586 INFO  [30] com.example.mqproducer.ProducerWorker - Sent destination=APPQ threadId=30 msg=32 body=[destination=APPQ threadId=30 msg=32]
2026-09-29 15:19:01,666 INFO  [25] com.example.mqproducer.ProducerWorker - Sent destination=APPQ threadId=25 msg=32 body=[destination=APPQ threadId=25 msg=32]
2026-09-29 15:19:01,667 INFO  [26] com.example.mqproducer.ProducerWorker - Sent destination=APPQ threadId=26 msg=32 body=[destination=APPQ threadId=26 msg=32]
2026-09-29 15:20:01,368 INFO  [29] com.example.mqproducer.ProducerWorker - Sent destination=APPQ threadId=29 msg=33 body=[destination=APPQ threadId=29 msg=33]
2026-09-29 15:20:01,430 INFO  [31] com.example.mqproducer.ProducerWorker - Sent destination=APPQ threadId=31 msg=33 body=[destination=APPQ threadId=31 msg=33]
2026-09-29 15:20:01,434 INFO  [22] com.example.mqproducer.ProducerWorker - Sent destination=APPQ threadId=22 msg=33 body=[destination=APPQ threadId=22 msg=33]
2026-09-29 15:20:01,527 INFO  [27] com.example.mqproducer.ProducerWorker - Sent destination=APPQ threadId=27 msg=33 body=[destination=APPQ threadId=27 msg=33]
2026-09-29 15:20:01,527 INFO  [28] com.example.mqproducer.ProducerWorker - Sent destination=APPQ threadId=28 msg=33 body=[destination=APPQ threadId=28 msg=33]
2026-09-29 15:20:01,557 INFO  [24] com.example.mqproducer.ProducerWorker - Sent destination=APPQ threadId=24 msg=33 body=[destination=APPQ threadId=24 msg=33]
2026-09-29 15:20:01,586 INFO  [23] com.example.mqproducer.ProducerWorker - Sent destination=APPQ threadId=23 msg=33 body=[destination=APPQ threadId=23 msg=33]
2026-09-29 15:20:01,589 INFO  [30] com.example.mqproducer.ProducerWorker - Sent destination=APPQ threadId=30 msg=33 body=[destination=APPQ threadId=30 msg=33]
2026-09-29 15:20:01,683 INFO  [26] com.example.mqproducer.ProducerWorker - Sent destination=APPQ threadId=26 msg=33 body=[destination=APPQ threadId=26 msg=33]
2026-09-29 15:20:01,683 INFO  [25] com.example.mqproducer.ProducerWorker - Sent destination=APPQ threadId=25 msg=33 body=[destination=APPQ threadId=25 msg=33]
2026-09-29 15:21:01,385 INFO  [29] com.example.mqproducer.ProducerWorker - Sent destination=APPQ threadId=29 msg=34 body=[destination=APPQ threadId=29 msg=34]
2026-09-29 15:21:01,446 INFO  [31] com.example.mqproducer.ProducerWorker - Sent destination=APPQ threadId=31 msg=34 body=[destination=APPQ threadId=31 msg=34]
2026-09-29 15:21:01,447 INFO  [22] com.example.mqproducer.ProducerWorker - Sent destination=APPQ threadId=22 msg=34 body=[destination=APPQ threadId=22 msg=34]
2026-09-29 15:21:01,542 INFO  [28] com.example.mqproducer.ProducerWorker - Sent destination=APPQ threadId=28 msg=34 body=[destination=APPQ threadId=28 msg=34]
2026-09-29 15:21:01,543 INFO  [27] com.example.mqproducer.ProducerWorker - Sent destination=APPQ threadId=27 msg=34 body=[destination=APPQ threadId=27 msg=34]
2026-09-29 15:21:01,572 INFO  [24] com.example.mqproducer.ProducerWorker - Sent destination=APPQ threadId=24 msg=34 body=[destination=APPQ threadId=24 msg=34]
2026-09-29 15:21:01,603 INFO  [23] com.example.mqproducer.ProducerWorker - Sent destination=APPQ threadId=23 msg=34 body=[destination=APPQ threadId=23 msg=34]
2026-09-29 15:21:01,603 INFO  [30] com.example.mqproducer.ProducerWorker - Sent destination=APPQ threadId=30 msg=34 body=[destination=APPQ threadId=30 msg=34]
2026-09-29 15:21:01,698 INFO  [25] com.example.mqproducer.ProducerWorker - Sent destination=APPQ threadId=25 msg=34 body=[destination=APPQ threadId=25 msg=34]
2026-09-29 15:21:01,698 INFO  [26] com.example.mqproducer.ProducerWorker - Sent destination=APPQ threadId=26 msg=34 body=[destination=APPQ threadId=26 msg=34]
2026-09-29 15:22:01,391 INFO  [29] com.example.mqproducer.ProducerWorker - Sent destination=APPQ threadId=29 msg=35 body=[destination=APPQ threadId=29 msg=35]
2026-09-29 15:22:01,462 INFO  [22] com.example.mqproducer.ProducerWorker - Sent destination=APPQ threadId=22 msg=35 body=[destination=APPQ threadId=22 msg=35]
2026-09-29 15:22:01,462 INFO  [31] com.example.mqproducer.ProducerWorker - Sent destination=APPQ threadId=31 msg=35 body=[destination=APPQ threadId=31 msg=35]
2026-09-29 15:22:01,557 INFO  [27] com.example.mqproducer.ProducerWorker - Sent destination=APPQ threadId=27 msg=35 body=[destination=APPQ threadId=27 msg=35]
2026-09-29 15:22:01,559 INFO  [28] com.example.mqproducer.ProducerWorker - Sent destination=APPQ threadId=28 msg=35 body=[destination=APPQ threadId=28 msg=35]
2026-09-29 15:22:01,587 INFO  [24] com.example.mqproducer.ProducerWorker - Sent destination=APPQ threadId=24 msg=35 body=[destination=APPQ threadId=24 msg=35]
2026-09-29 15:22:01,620 INFO  [23] com.example.mqproducer.ProducerWorker - Sent destination=APPQ threadId=23 msg=35 body=[destination=APPQ threadId=23 msg=35]
2026-09-29 15:22:01,621 INFO  [30] com.example.mqproducer.ProducerWorker - Sent destination=APPQ threadId=30 msg=35 body=[destination=APPQ threadId=30 msg=35]
2026-09-29 15:22:01,713 INFO  [25] com.example.mqproducer.ProducerWorker - Sent destination=APPQ threadId=25 msg=35 body=[destination=APPQ threadId=25 msg=35]
2026-09-29 15:22:01,713 INFO  [26] com.example.mqproducer.ProducerWorker - Sent destination=APPQ threadId=26 msg=35 body=[destination=APPQ threadId=26 msg=35]
2026-09-29 15:23:01,401 INFO  [29] com.example.mqproducer.ProducerWorker - Sent destination=APPQ threadId=29 msg=36 body=[destination=APPQ threadId=29 msg=36]
2026-09-29 15:23:01,480 INFO  [22] com.example.mqproducer.ProducerWorker - Sent destination=APPQ threadId=22 msg=36 body=[destination=APPQ threadId=22 msg=36]
2026-09-29 15:23:01,481 INFO  [31] com.example.mqproducer.ProducerWorker - Sent destination=APPQ threadId=31 msg=36 body=[destination=APPQ threadId=31 msg=36]
2026-09-29 15:23:01,574 INFO  [27] com.example.mqproducer.ProducerWorker - Sent destination=APPQ threadId=27 msg=36 body=[destination=APPQ threadId=27 msg=36]
2026-09-29 15:23:01,574 INFO  [28] com.example.mqproducer.ProducerWorker - Sent destination=APPQ threadId=28 msg=36 body=[destination=APPQ threadId=28 msg=36]
2026-09-29 15:23:01,603 INFO  [24] com.example.mqproducer.ProducerWorker - Sent destination=APPQ threadId=24 msg=36 body=[destination=APPQ threadId=24 msg=36]
2026-09-29 15:23:01,636 INFO  [30] com.example.mqproducer.ProducerWorker - Sent destination=APPQ threadId=30 msg=36 body=[destination=APPQ threadId=30 msg=36]
2026-09-29 15:23:01,637 INFO  [23] com.example.mqproducer.ProducerWorker - Sent destination=APPQ threadId=23 msg=36 body=[destination=APPQ threadId=23 msg=36]
2026-09-29 15:23:01,731 INFO  [26] com.example.mqproducer.ProducerWorker - Sent destination=APPQ threadId=26 msg=36 body=[destination=APPQ threadId=26 msg=36]
2026-09-29 15:23:01,731 INFO  [25] com.example.mqproducer.ProducerWorker - Sent destination=APPQ threadId=25 msg=36 body=[destination=APPQ threadId=25 msg=36]
2026-09-29 15:24:01,419 INFO  [29] com.example.mqproducer.ProducerWorker - Sent destination=APPQ threadId=29 msg=37 body=[destination=APPQ threadId=29 msg=37]
2026-09-29 15:24:01,492 INFO  [31] com.example.mqproducer.ProducerWorker - Sent destination=APPQ threadId=31 msg=37 body=[destination=APPQ threadId=31 msg=37]
2026-09-29 15:24:01,492 INFO  [22] com.example.mqproducer.ProducerWorker - Sent destination=APPQ threadId=22 msg=37 body=[destination=APPQ threadId=22 msg=37]
2026-09-29 15:24:01,589 INFO  [27] com.example.mqproducer.ProducerWorker - Sent destination=APPQ threadId=27 msg=37 body=[destination=APPQ threadId=27 msg=37]
2026-09-29 15:24:01,589 INFO  [28] com.example.mqproducer.ProducerWorker - Sent destination=APPQ threadId=28 msg=37 body=[destination=APPQ threadId=28 msg=37]
2026-09-29 15:24:01,621 INFO  [24] com.example.mqproducer.ProducerWorker - Sent destination=APPQ threadId=24 msg=37 body=[destination=APPQ threadId=24 msg=37]
2026-09-29 15:24:01,652 INFO  [30] com.example.mqproducer.ProducerWorker - Sent destination=APPQ threadId=30 msg=37 body=[destination=APPQ threadId=30 msg=37]
2026-09-29 15:24:01,653 INFO  [23] com.example.mqproducer.ProducerWorker - Sent destination=APPQ threadId=23 msg=37 body=[destination=APPQ threadId=23 msg=37]
2026-09-29 15:24:01,745 INFO  [25] com.example.mqproducer.ProducerWorker - Sent destination=APPQ threadId=25 msg=37 body=[destination=APPQ threadId=25 msg=37]
2026-09-29 15:24:01,745 INFO  [26] com.example.mqproducer.ProducerWorker - Sent destination=APPQ threadId=26 msg=37 body=[destination=APPQ threadId=26 msg=37]
2026-09-29 15:25:01,430 INFO  [29] com.example.mqproducer.ProducerWorker - Sent destination=APPQ threadId=29 msg=38 body=[destination=APPQ threadId=29 msg=38]
2026-09-29 15:25:01,507 INFO  [22] com.example.mqproducer.ProducerWorker - Sent destination=APPQ threadId=22 msg=38 body=[destination=APPQ threadId=22 msg=38]
2026-09-29 15:25:01,507 INFO  [31] com.example.mqproducer.ProducerWorker - Sent destination=APPQ threadId=31 msg=38 body=[destination=APPQ threadId=31 msg=38]
2026-09-29 15:25:01,606 INFO  [27] com.example.mqproducer.ProducerWorker - Sent destination=APPQ threadId=27 msg=38 body=[destination=APPQ threadId=27 msg=38]
2026-09-29 15:25:01,607 INFO  [28] com.example.mqproducer.ProducerWorker - Sent destination=APPQ threadId=28 msg=38 body=[destination=APPQ threadId=28 msg=38]
2026-09-29 15:25:01,635 INFO  [24] com.example.mqproducer.ProducerWorker - Sent destination=APPQ threadId=24 msg=38 body=[destination=APPQ threadId=24 msg=38]
2026-09-29 15:25:01,666 INFO  [23] com.example.mqproducer.ProducerWorker - Sent destination=APPQ threadId=23 msg=38 body=[destination=APPQ threadId=23 msg=38]
2026-09-29 15:25:01,668 INFO  [30] com.example.mqproducer.ProducerWorker - Sent destination=APPQ threadId=30 msg=38 body=[destination=APPQ threadId=30 msg=38]
2026-09-29 15:25:01,763 INFO  [25] com.example.mqproducer.ProducerWorker - Sent destination=APPQ threadId=25 msg=38 body=[destination=APPQ threadId=25 msg=38]
2026-09-29 15:25:01,763 INFO  [26] com.example.mqproducer.ProducerWorker - Sent destination=APPQ threadId=26 msg=38 body=[destination=APPQ threadId=26 msg=38]
2026-09-29 15:26:01,451 INFO  [29] com.example.mqproducer.ProducerWorker - Sent destination=APPQ threadId=29 msg=39 body=[destination=APPQ threadId=29 msg=39]
2026-09-29 15:26:01,513 INFO  [22] com.example.mqproducer.ProducerWorker - Sent destination=APPQ threadId=22 msg=39 body=[destination=APPQ threadId=22 msg=39]
2026-09-29 15:26:01,515 INFO  [31] com.example.mqproducer.ProducerWorker - Sent destination=APPQ threadId=31 msg=39 body=[destination=APPQ threadId=31 msg=39]
2026-09-29 15:26:01,618 INFO  [28] com.example.mqproducer.ProducerWorker - Sent destination=APPQ threadId=28 msg=39 body=[destination=APPQ threadId=28 msg=39]
2026-09-29 15:26:01,618 INFO  [27] com.example.mqproducer.ProducerWorker - Sent destination=APPQ threadId=27 msg=39 body=[destination=APPQ threadId=27 msg=39]
2026-09-29 15:26:01,651 INFO  [24] com.example.mqproducer.ProducerWorker - Sent destination=APPQ threadId=24 msg=39 body=[destination=APPQ threadId=24 msg=39]
2026-09-29 15:26:01,680 INFO  [30] com.example.mqproducer.ProducerWorker - Sent destination=APPQ threadId=30 msg=39 body=[destination=APPQ threadId=30 msg=39]
2026-09-29 15:26:01,680 INFO  [23] com.example.mqproducer.ProducerWorker - Sent destination=APPQ threadId=23 msg=39 body=[destination=APPQ threadId=23 msg=39]
2026-09-29 15:26:01,773 INFO  [25] com.example.mqproducer.ProducerWorker - Sent destination=APPQ threadId=25 msg=39 body=[destination=APPQ threadId=25 msg=39]
2026-09-29 15:26:01,776 INFO  [26] com.example.mqproducer.ProducerWorker - Sent destination=APPQ threadId=26 msg=39 body=[destination=APPQ threadId=26 msg=39]
2026-09-29 15:27:01,463 INFO  [29] com.example.mqproducer.ProducerWorker - Sent destination=APPQ threadId=29 msg=40 body=[destination=APPQ threadId=29 msg=40]
2026-09-29 15:27:01,525 INFO  [31] com.example.mqproducer.ProducerWorker - Sent destination=APPQ threadId=31 msg=40 body=[destination=APPQ threadId=31 msg=40]
2026-09-29 15:27:01,525 INFO  [22] com.example.mqproducer.ProducerWorker - Sent destination=APPQ threadId=22 msg=40 body=[destination=APPQ threadId=22 msg=40]
2026-09-29 15:27:01,633 INFO  [27] com.example.mqproducer.ProducerWorker - Sent destination=APPQ threadId=27 msg=40 body=[destination=APPQ threadId=27 msg=40]
2026-09-29 15:27:01,633 INFO  [28] com.example.mqproducer.ProducerWorker - Sent destination=APPQ threadId=28 msg=40 body=[destination=APPQ threadId=28 msg=40]
2026-09-29 15:27:01,668 INFO  [24] com.example.mqproducer.ProducerWorker - Sent destination=APPQ threadId=24 msg=40 body=[destination=APPQ threadId=24 msg=40]
2026-09-29 15:27:01,699 INFO  [23] com.example.mqproducer.ProducerWorker - Sent destination=APPQ threadId=23 msg=40 body=[destination=APPQ threadId=23 msg=40]
2026-09-29 15:27:01,699 INFO  [30] com.example.mqproducer.ProducerWorker - Sent destination=APPQ threadId=30 msg=40 body=[destination=APPQ threadId=30 msg=40]
2026-09-29 15:27:01,789 INFO  [25] com.example.mqproducer.ProducerWorker - Sent destination=APPQ threadId=25 msg=40 body=[destination=APPQ threadId=25 msg=40]
2026-09-29 15:27:01,789 INFO  [26] com.example.mqproducer.ProducerWorker - Sent destination=APPQ threadId=26 msg=40 body=[destination=APPQ threadId=26 msg=40]
2026-09-29 15:28:01,478 INFO  [29] com.example.mqproducer.ProducerWorker - Sent destination=APPQ threadId=29 msg=41 body=[destination=APPQ threadId=29 msg=41]
2026-09-29 15:28:01,542 INFO  [31] com.example.mqproducer.ProducerWorker - Sent destination=APPQ threadId=31 msg=41 body=[destination=APPQ threadId=31 msg=41]
2026-09-29 15:28:01,579 INFO  [22] com.example.mqproducer.ProducerWorker - Sent destination=APPQ threadId=22 msg=41 body=[destination=APPQ threadId=22 msg=41]
2026-09-29 15:28:01,638 INFO  [27] com.example.mqproducer.ProducerWorker - Sent destination=APPQ threadId=27 msg=41 body=[destination=APPQ threadId=27 msg=41]
2026-09-29 15:28:01,639 INFO  [28] com.example.mqproducer.ProducerWorker - Sent destination=APPQ threadId=28 msg=41 body=[destination=APPQ threadId=28 msg=41]
2026-09-29 15:28:01,681 INFO  [24] com.example.mqproducer.ProducerWorker - Sent destination=APPQ threadId=24 msg=41 body=[destination=APPQ threadId=24 msg=41]
2026-09-29 15:28:01,715 INFO  [23] com.example.mqproducer.ProducerWorker - Sent destination=APPQ threadId=23 msg=41 body=[destination=APPQ threadId=23 msg=41]
2026-09-29 15:28:01,715 INFO  [30] com.example.mqproducer.ProducerWorker - Sent destination=APPQ threadId=30 msg=41 body=[destination=APPQ threadId=30 msg=41]
2026-09-29 15:28:01,794 INFO  [26] com.example.mqproducer.ProducerWorker - Sent destination=APPQ threadId=26 msg=41 body=[destination=APPQ threadId=26 msg=41]
2026-09-29 15:28:01,794 INFO  [25] com.example.mqproducer.ProducerWorker - Sent destination=APPQ threadId=25 msg=41 body=[destination=APPQ threadId=25 msg=41]
2026-09-29 15:29:01,495 INFO  [29] com.example.mqproducer.ProducerWorker - Sent destination=APPQ threadId=29 msg=42 body=[destination=APPQ threadId=29 msg=42]
2026-09-29 15:29:01,556 INFO  [31] com.example.mqproducer.ProducerWorker - Sent destination=APPQ threadId=31 msg=42 body=[destination=APPQ threadId=31 msg=42]
2026-09-29 15:29:01,590 INFO  [22] com.example.mqproducer.ProducerWorker - Sent destination=APPQ threadId=22 msg=42 body=[destination=APPQ threadId=22 msg=42]
2026-09-29 15:29:01,652 INFO  [28] com.example.mqproducer.ProducerWorker - Sent destination=APPQ threadId=28 msg=42 body=[destination=APPQ threadId=28 msg=42]
2026-09-29 15:29:01,654 INFO  [27] com.example.mqproducer.ProducerWorker - Sent destination=APPQ threadId=27 msg=42 body=[destination=APPQ threadId=27 msg=42]
2026-09-29 15:29:01,698 INFO  [24] com.example.mqproducer.ProducerWorker - Sent destination=APPQ threadId=24 msg=42 body=[destination=APPQ threadId=24 msg=42]
2026-09-29 15:29:01,730 INFO  [23] com.example.mqproducer.ProducerWorker - Sent destination=APPQ threadId=23 msg=42 body=[destination=APPQ threadId=23 msg=42]
2026-09-29 15:29:01,732 INFO  [30] com.example.mqproducer.ProducerWorker - Sent destination=APPQ threadId=30 msg=42 body=[destination=APPQ threadId=30 msg=42]
2026-09-29 15:29:01,806 INFO  [25] com.example.mqproducer.ProducerWorker - Sent destination=APPQ threadId=25 msg=42 body=[destination=APPQ threadId=25 msg=42]
2026-09-29 15:29:01,806 INFO  [26] com.example.mqproducer.ProducerWorker - Sent destination=APPQ threadId=26 msg=42 body=[destination=APPQ threadId=26 msg=42]
2026-09-29 15:30:01,509 INFO  [29] com.example.mqproducer.ProducerWorker - Sent destination=APPQ threadId=29 msg=43 body=[destination=APPQ threadId=29 msg=43]
2026-09-29 15:30:01,573 INFO  [31] com.example.mqproducer.ProducerWorker - Sent destination=APPQ threadId=31 msg=43 body=[destination=APPQ threadId=31 msg=43]
2026-09-29 15:30:01,605 INFO  [22] com.example.mqproducer.ProducerWorker - Sent destination=APPQ threadId=22 msg=43 body=[destination=APPQ threadId=22 msg=43]
2026-09-29 15:30:01,668 INFO  [28] com.example.mqproducer.ProducerWorker - Sent destination=APPQ threadId=28 msg=43 body=[destination=APPQ threadId=28 msg=43]
2026-09-29 15:30:01,668 INFO  [27] com.example.mqproducer.ProducerWorker - Sent destination=APPQ threadId=27 msg=43 body=[destination=APPQ threadId=27 msg=43]
2026-09-29 15:30:01,714 INFO  [24] com.example.mqproducer.ProducerWorker - Sent destination=APPQ threadId=24 msg=43 body=[destination=APPQ threadId=24 msg=43]
2026-09-29 15:30:01,744 INFO  [30] com.example.mqproducer.ProducerWorker - Sent destination=APPQ threadId=30 msg=43 body=[destination=APPQ threadId=30 msg=43]
2026-09-29 15:30:01,745 INFO  [23] com.example.mqproducer.ProducerWorker - Sent destination=APPQ threadId=23 msg=43 body=[destination=APPQ threadId=23 msg=43]
2026-09-29 15:30:01,819 INFO  [25] com.example.mqproducer.ProducerWorker - Sent destination=APPQ threadId=25 msg=43 body=[destination=APPQ threadId=25 msg=43]
2026-09-29 15:30:01,819 INFO  [26] com.example.mqproducer.ProducerWorker - Sent destination=APPQ threadId=26 msg=43 body=[destination=APPQ threadId=26 msg=43]
2026-09-29 15:31:01,525 INFO  [29] com.example.mqproducer.ProducerWorker - Sent destination=APPQ threadId=29 msg=44 body=[destination=APPQ threadId=29 msg=44]
2026-09-29 15:31:01,585 INFO  [31] com.example.mqproducer.ProducerWorker - Sent destination=APPQ threadId=31 msg=44 body=[destination=APPQ threadId=31 msg=44]
2026-09-29 15:31:01,616 INFO  [22] com.example.mqproducer.ProducerWorker - Sent destination=APPQ threadId=22 msg=44 body=[destination=APPQ threadId=22 msg=44]
2026-09-29 15:31:01,678 INFO  [27] com.example.mqproducer.ProducerWorker - Sent destination=APPQ threadId=27 msg=44 body=[destination=APPQ threadId=27 msg=44]
2026-09-29 15:31:01,678 INFO  [28] com.example.mqproducer.ProducerWorker - Sent destination=APPQ threadId=28 msg=44 body=[destination=APPQ threadId=28 msg=44]
2026-09-29 15:31:01,724 INFO  [24] com.example.mqproducer.ProducerWorker - Sent destination=APPQ threadId=24 msg=44 body=[destination=APPQ threadId=24 msg=44]
2026-09-29 15:31:01,762 INFO  [23] com.example.mqproducer.ProducerWorker - Sent destination=APPQ threadId=23 msg=44 body=[destination=APPQ threadId=23 msg=44]
2026-09-29 15:31:01,763 INFO  [30] com.example.mqproducer.ProducerWorker - Sent destination=APPQ threadId=30 msg=44 body=[destination=APPQ threadId=30 msg=44]
2026-09-29 15:31:01,835 INFO  [25] com.example.mqproducer.ProducerWorker - Sent destination=APPQ threadId=25 msg=44 body=[destination=APPQ threadId=25 msg=44]
2026-09-29 15:31:01,836 INFO  [26] com.example.mqproducer.ProducerWorker - Sent destination=APPQ threadId=26 msg=44 body=[destination=APPQ threadId=26 msg=44]
2026-09-29 15:32:01,538 INFO  [29] com.example.mqproducer.ProducerWorker - Sent destination=APPQ threadId=29 msg=45 body=[destination=APPQ threadId=29 msg=45]
2026-09-29 15:32:01,603 INFO  [31] com.example.mqproducer.ProducerWorker - Sent destination=APPQ threadId=31 msg=45 body=[destination=APPQ threadId=31 msg=45]
2026-09-29 15:32:01,634 INFO  [22] com.example.mqproducer.ProducerWorker - Sent destination=APPQ threadId=22 msg=45 body=[destination=APPQ threadId=22 msg=45]
2026-09-29 15:32:01,681 INFO  [27] com.example.mqproducer.ProducerWorker - Sent destination=APPQ threadId=27 msg=45 body=[destination=APPQ threadId=27 msg=45]
2026-09-29 15:32:01,682 INFO  [28] com.example.mqproducer.ProducerWorker - Sent destination=APPQ threadId=28 msg=45 body=[destination=APPQ threadId=28 msg=45]
2026-09-29 15:32:01,729 INFO  [24] com.example.mqproducer.ProducerWorker - Sent destination=APPQ threadId=24 msg=45 body=[destination=APPQ threadId=24 msg=45]
2026-09-29 15:32:01,777 INFO  [30] com.example.mqproducer.ProducerWorker - Sent destination=APPQ threadId=30 msg=45 body=[destination=APPQ threadId=30 msg=45]
2026-09-29 15:32:01,777 INFO  [23] com.example.mqproducer.ProducerWorker - Sent destination=APPQ threadId=23 msg=45 body=[destination=APPQ threadId=23 msg=45]
2026-09-29 15:32:01,851 INFO  [26] com.example.mqproducer.ProducerWorker - Sent destination=APPQ threadId=26 msg=45 body=[destination=APPQ threadId=26 msg=45]
2026-09-29 15:32:01,851 INFO  [25] com.example.mqproducer.ProducerWorker - Sent destination=APPQ threadId=25 msg=45 body=[destination=APPQ threadId=25 msg=45]
2026-09-29 15:33:01,543 INFO  [29] com.example.mqproducer.ProducerWorker - Sent destination=APPQ threadId=29 msg=46 body=[destination=APPQ threadId=29 msg=46]
2026-09-29 15:33:01,622 INFO  [31] com.example.mqproducer.ProducerWorker - Sent destination=APPQ threadId=31 msg=46 body=[destination=APPQ threadId=31 msg=46]
2026-09-29 15:33:01,654 INFO  [22] com.example.mqproducer.ProducerWorker - Sent destination=APPQ threadId=22 msg=46 body=[destination=APPQ threadId=22 msg=46]
2026-09-29 15:33:01,696 INFO  [28] com.example.mqproducer.ProducerWorker - Sent destination=APPQ threadId=28 msg=46 body=[destination=APPQ threadId=28 msg=46]
2026-09-29 15:33:01,696 INFO  [27] com.example.mqproducer.ProducerWorker - Sent destination=APPQ threadId=27 msg=46 body=[destination=APPQ threadId=27 msg=46]
2026-09-29 15:33:01,745 INFO  [24] com.example.mqproducer.ProducerWorker - Sent destination=APPQ threadId=24 msg=46 body=[destination=APPQ threadId=24 msg=46]
2026-09-29 15:33:01,792 INFO  [23] com.example.mqproducer.ProducerWorker - Sent destination=APPQ threadId=23 msg=46 body=[destination=APPQ threadId=23 msg=46]
2026-09-29 15:33:01,793 INFO  [30] com.example.mqproducer.ProducerWorker - Sent destination=APPQ threadId=30 msg=46 body=[destination=APPQ threadId=30 msg=46]
2026-09-29 15:33:01,867 INFO  [25] com.example.mqproducer.ProducerWorker - Sent destination=APPQ threadId=25 msg=46 body=[destination=APPQ threadId=25 msg=46]
2026-09-29 15:33:01,867 INFO  [26] com.example.mqproducer.ProducerWorker - Sent destination=APPQ threadId=26 msg=46 body=[destination=APPQ threadId=26 msg=46]
2026-09-29 15:34:01,558 INFO  [29] com.example.mqproducer.ProducerWorker - Sent destination=APPQ threadId=29 msg=47 body=[destination=APPQ threadId=29 msg=47]
2026-09-29 15:34:01,636 INFO  [31] com.example.mqproducer.ProducerWorker - Sent destination=APPQ threadId=31 msg=47 body=[destination=APPQ threadId=31 msg=47]
2026-09-29 15:34:01,666 INFO  [22] com.example.mqproducer.ProducerWorker - Sent destination=APPQ threadId=22 msg=47 body=[destination=APPQ threadId=22 msg=47]
2026-09-29 15:34:01,700 INFO  [28] com.example.mqproducer.ProducerWorker - Sent destination=APPQ threadId=28 msg=47 body=[destination=APPQ threadId=28 msg=47]
2026-09-29 15:34:01,701 INFO  [27] com.example.mqproducer.ProducerWorker - Sent destination=APPQ threadId=27 msg=47 body=[destination=APPQ threadId=27 msg=47]
2026-09-29 15:34:01,762 INFO  [24] com.example.mqproducer.ProducerWorker - Sent destination=APPQ threadId=24 msg=47 body=[destination=APPQ threadId=24 msg=47]
2026-09-29 15:34:01,806 INFO  [30] com.example.mqproducer.ProducerWorker - Sent destination=APPQ threadId=30 msg=47 body=[destination=APPQ threadId=30 msg=47]
2026-09-29 15:34:01,807 INFO  [23] com.example.mqproducer.ProducerWorker - Sent destination=APPQ threadId=23 msg=47 body=[destination=APPQ threadId=23 msg=47]
2026-09-29 15:34:01,882 INFO  [26] com.example.mqproducer.ProducerWorker - Sent destination=APPQ threadId=26 msg=47 body=[destination=APPQ threadId=26 msg=47]
2026-09-29 15:34:01,882 INFO  [25] com.example.mqproducer.ProducerWorker - Sent destination=APPQ threadId=25 msg=47 body=[destination=APPQ threadId=25 msg=47]
2026-09-29 15:35:01,572 INFO  [29] com.example.mqproducer.ProducerWorker - Sent destination=APPQ threadId=29 msg=48 body=[destination=APPQ threadId=29 msg=48]
2026-09-29 15:35:01,650 INFO  [31] com.example.mqproducer.ProducerWorker - Sent destination=APPQ threadId=31 msg=48 body=[destination=APPQ threadId=31 msg=48]
2026-09-29 15:35:01,682 INFO  [22] com.example.mqproducer.ProducerWorker - Sent destination=APPQ threadId=22 msg=48 body=[destination=APPQ threadId=22 msg=48]
2026-09-29 15:35:01,712 INFO  [27] com.example.mqproducer.ProducerWorker - Sent destination=APPQ threadId=27 msg=48 body=[destination=APPQ threadId=27 msg=48]
2026-09-29 15:35:01,713 INFO  [28] com.example.mqproducer.ProducerWorker - Sent destination=APPQ threadId=28 msg=48 body=[destination=APPQ threadId=28 msg=48]
2026-09-29 15:35:01,774 INFO  [24] com.example.mqproducer.ProducerWorker - Sent destination=APPQ threadId=24 msg=48 body=[destination=APPQ threadId=24 msg=48]
2026-09-29 15:35:01,822 INFO  [30] com.example.mqproducer.ProducerWorker - Sent destination=APPQ threadId=30 msg=48 body=[destination=APPQ threadId=30 msg=48]
2026-09-29 15:35:01,822 INFO  [23] com.example.mqproducer.ProducerWorker - Sent destination=APPQ threadId=23 msg=48 body=[destination=APPQ threadId=23 msg=48]
2026-09-29 15:35:01,899 INFO  [26] com.example.mqproducer.ProducerWorker - Sent destination=APPQ threadId=26 msg=48 body=[destination=APPQ threadId=26 msg=48]
2026-09-29 15:35:01,900 INFO  [25] com.example.mqproducer.ProducerWorker - Sent destination=APPQ threadId=25 msg=48 body=[destination=APPQ threadId=25 msg=48]
2026-09-29 15:36:01,585 INFO  [29] com.example.mqproducer.ProducerWorker - Sent destination=APPQ threadId=29 msg=49 body=[destination=APPQ threadId=29 msg=49]
2026-09-29 15:36:01,664 INFO  [31] com.example.mqproducer.ProducerWorker - Sent destination=APPQ threadId=31 msg=49 body=[destination=APPQ threadId=31 msg=49]
2026-09-29 15:36:01,695 INFO  [22] com.example.mqproducer.ProducerWorker - Sent destination=APPQ threadId=22 msg=49 body=[destination=APPQ threadId=22 msg=49]
2026-09-29 15:36:01,727 INFO  [28] com.example.mqproducer.ProducerWorker - Sent destination=APPQ threadId=28 msg=49 body=[destination=APPQ threadId=28 msg=49]
2026-09-29 15:36:01,727 INFO  [27] com.example.mqproducer.ProducerWorker - Sent destination=APPQ threadId=27 msg=49 body=[destination=APPQ threadId=27 msg=49]
2026-09-29 15:36:01,791 INFO  [24] com.example.mqproducer.ProducerWorker - Sent destination=APPQ threadId=24 msg=49 body=[destination=APPQ threadId=24 msg=49]
2026-09-29 15:36:01,835 INFO  [23] com.example.mqproducer.ProducerWorker - Sent destination=APPQ threadId=23 msg=49 body=[destination=APPQ threadId=23 msg=49]
2026-09-29 15:36:01,835 INFO  [30] com.example.mqproducer.ProducerWorker - Sent destination=APPQ threadId=30 msg=49 body=[destination=APPQ threadId=30 msg=49]
2026-09-29 15:36:01,915 INFO  [25] com.example.mqproducer.ProducerWorker - Sent destination=APPQ threadId=25 msg=49 body=[destination=APPQ threadId=25 msg=49]
2026-09-29 15:36:01,915 INFO  [26] com.example.mqproducer.ProducerWorker - Sent destination=APPQ threadId=26 msg=49 body=[destination=APPQ threadId=26 msg=49]
2026-09-29 15:37:01,600 INFO  [29] com.example.mqproducer.ProducerWorker - Sent destination=APPQ threadId=29 msg=50 body=[destination=APPQ threadId=29 msg=50]
2026-09-29 15:37:01,682 INFO  [31] com.example.mqproducer.ProducerWorker - Sent destination=APPQ threadId=31 msg=50 body=[destination=APPQ threadId=31 msg=50]
2026-09-29 15:37:01,712 INFO  [22] com.example.mqproducer.ProducerWorker - Sent destination=APPQ threadId=22 msg=50 body=[destination=APPQ threadId=22 msg=50]
2026-09-29 15:37:01,741 INFO  [28] com.example.mqproducer.ProducerWorker - Sent destination=APPQ threadId=28 msg=50 body=[destination=APPQ threadId=28 msg=50]
2026-09-29 15:37:01,741 INFO  [27] com.example.mqproducer.ProducerWorker - Sent destination=APPQ threadId=27 msg=50 body=[destination=APPQ threadId=27 msg=50]
2026-09-29 15:37:01,810 INFO  [24] com.example.mqproducer.ProducerWorker - Sent destination=APPQ threadId=24 msg=50 body=[destination=APPQ threadId=24 msg=50]
2026-09-29 15:37:01,843 INFO  [30] com.example.mqproducer.ProducerWorker - Sent destination=APPQ threadId=30 msg=50 body=[destination=APPQ threadId=30 msg=50]
2026-09-29 15:37:01,843 INFO  [23] com.example.mqproducer.ProducerWorker - Sent destination=APPQ threadId=23 msg=50 body=[destination=APPQ threadId=23 msg=50]
2026-09-29 15:37:01,919 INFO  [26] com.example.mqproducer.ProducerWorker - Sent destination=APPQ threadId=26 msg=50 body=[destination=APPQ threadId=26 msg=50]
2026-09-29 15:37:01,919 INFO  [25] com.example.mqproducer.ProducerWorker - Sent destination=APPQ threadId=25 msg=50 body=[destination=APPQ threadId=25 msg=50]
2026-09-29 15:37:44,774 FINE  [69] java.lang.Runtime - Runtime.exit() called with status: 130
java.lang.Throwable: Runtime.exit(130)
	at java.base/java.lang.Shutdown.logRuntimeExit(Shutdown.java:179)
	at java.base/java.lang.Shutdown.exit(Shutdown.java:160)
	at java.base/java.lang.Terminator$1.handle(Terminator.java:51)
	at java.base/jdk.internal.misc.Signal$1.run(Signal.java:218)
	at java.base/java.lang.Thread.run(Thread.java:1570)
2026-09-29 15:49:28,468 INFO  [1] com.example.mqproducer.Main - Starting MQ producer harness — threads=2  messagesPerThread=150  totalMessages=300  queue=APPQ
2026-09-29 15:49:28,487 INFO  [23] com.example.mqproducer.ProducerWorker - Producer 2 starting
2026-09-29 15:49:28,487 INFO  [22] com.example.mqproducer.ProducerWorker - Producer 1 starting
2026-09-29 15:49:28,541 FINER [23] javax.management.mbeanserver - ObjectName = JMImplementation:type=MBeanServerDelegate
2026-09-29 15:49:28,541 FINER [23] javax.management.mbeanserver - name = JMImplementation:type=MBeanServerDelegate
2026-09-29 15:49:28,542 FINER [23] javax.management.mbeanserver - Send create notification of object JMImplementation:type=MBeanServerDelegate
2026-09-29 15:49:28,545 FINER [23] javax.management.mbeanserver - JMX.mbean.registered JMImplementation:type=MBeanServerDelegate
2026-09-29 15:49:28,557 FINER [23] javax.management.misc - Building MBeanInfo for sun.management.RuntimeImpl
2026-09-29 15:49:28,557 FINER [23] javax.management.mbeanserver - ObjectName = java.lang:type=Runtime
2026-09-29 15:49:28,557 FINER [23] javax.management.mbeanserver - name = java.lang:type=Runtime
2026-09-29 15:49:28,557 FINER [23] javax.management.mbeanserver - Send create notification of object java.lang:type=Runtime
2026-09-29 15:49:28,557 FINER [23] javax.management.mbeanserver - JMX.mbean.registered java.lang:type=Runtime
2026-09-29 15:49:28,561 FINER [23] javax.management.misc - Building MBeanInfo for com.sun.management.internal.HotSpotThreadImpl
2026-09-29 15:49:28,561 FINER [23] javax.management.mbeanserver - ObjectName = java.lang:type=Threading
2026-09-29 15:49:28,561 FINER [23] javax.management.mbeanserver - name = java.lang:type=Threading
2026-09-29 15:49:28,561 FINER [23] javax.management.mbeanserver - Send create notification of object java.lang:type=Threading
2026-09-29 15:49:28,562 FINER [23] javax.management.mbeanserver - JMX.mbean.registered java.lang:type=Threading
2026-09-29 15:49:28,569 FINER [23] javax.management.misc - Building MBeanInfo for com.sun.management.internal.OperatingSystemImpl
2026-09-29 15:49:28,569 FINER [23] javax.management.mbeanserver - ObjectName = java.lang:type=OperatingSystem
2026-09-29 15:49:28,569 FINER [23] javax.management.mbeanserver - name = java.lang:type=OperatingSystem
2026-09-29 15:49:28,569 FINER [23] javax.management.mbeanserver - Send create notification of object java.lang:type=OperatingSystem
2026-09-29 15:49:28,569 FINER [23] javax.management.mbeanserver - JMX.mbean.registered java.lang:type=OperatingSystem
2026-09-29 15:49:28,573 FINER [23] javax.management.misc - Building MBeanInfo for sun.management.MemoryManagerImpl
2026-09-29 15:49:28,573 FINER [23] javax.management.mbeanserver - ObjectName = java.lang:name=CodeCacheManager,type=MemoryManager
2026-09-29 15:49:28,573 FINER [23] javax.management.mbeanserver - name = java.lang:name=CodeCacheManager,type=MemoryManager
2026-09-29 15:49:28,573 FINER [23] javax.management.mbeanserver - Send create notification of object java.lang:name=CodeCacheManager,type=MemoryManager
2026-09-29 15:49:28,573 FINER [23] javax.management.mbeanserver - JMX.mbean.registered java.lang:name=CodeCacheManager,type=MemoryManager
2026-09-29 15:49:28,573 FINER [23] javax.management.misc - Building MBeanInfo for sun.management.MemoryManagerImpl
2026-09-29 15:49:28,573 FINER [23] javax.management.mbeanserver - ObjectName = java.lang:name=Metaspace Manager,type=MemoryManager
2026-09-29 15:49:28,573 FINER [23] javax.management.mbeanserver - name = java.lang:name=Metaspace Manager,type=MemoryManager
2026-09-29 15:49:28,574 FINER [23] javax.management.mbeanserver - Send create notification of object java.lang:name=Metaspace Manager,type=MemoryManager
2026-09-29 15:49:28,574 FINER [23] javax.management.mbeanserver - JMX.mbean.registered java.lang:name=Metaspace Manager,type=MemoryManager
2026-09-29 15:49:28,575 FINER [23] javax.management.misc - Building MBeanInfo for sun.management.MemoryPoolImpl
2026-09-29 15:49:28,575 FINER [23] javax.management.mbeanserver - ObjectName = java.lang:name=CodeHeap 'non-nmethods',type=MemoryPool
2026-09-29 15:49:28,575 FINER [23] javax.management.mbeanserver - name = java.lang:name=CodeHeap 'non-nmethods',type=MemoryPool
2026-09-29 15:49:28,576 FINER [23] javax.management.mbeanserver - Send create notification of object java.lang:name=CodeHeap 'non-nmethods',type=MemoryPool
2026-09-29 15:49:28,576 FINER [23] javax.management.mbeanserver - JMX.mbean.registered java.lang:name=CodeHeap 'non-nmethods',type=MemoryPool
2026-09-29 15:49:28,576 FINER [23] javax.management.misc - Building MBeanInfo for sun.management.MemoryPoolImpl
2026-09-29 15:49:28,576 FINER [23] javax.management.mbeanserver - ObjectName = java.lang:name=Metaspace,type=MemoryPool
2026-09-29 15:49:28,576 FINER [23] javax.management.mbeanserver - name = java.lang:name=Metaspace,type=MemoryPool
2026-09-29 15:49:28,576 FINER [23] javax.management.mbeanserver - Send create notification of object java.lang:name=Metaspace,type=MemoryPool
2026-09-29 15:49:28,576 FINER [23] javax.management.mbeanserver - JMX.mbean.registered java.lang:name=Metaspace,type=MemoryPool
2026-09-29 15:49:28,576 FINER [23] javax.management.misc - Building MBeanInfo for sun.management.MemoryPoolImpl
2026-09-29 15:49:28,576 FINER [23] javax.management.mbeanserver - ObjectName = java.lang:name=CodeHeap 'profiled nmethods',type=MemoryPool
2026-09-29 15:49:28,576 FINER [23] javax.management.mbeanserver - name = java.lang:name=CodeHeap 'profiled nmethods',type=MemoryPool
2026-09-29 15:49:28,576 FINER [23] javax.management.mbeanserver - Send create notification of object java.lang:name=CodeHeap 'profiled nmethods',type=MemoryPool
2026-09-29 15:49:28,576 FINER [23] javax.management.mbeanserver - JMX.mbean.registered java.lang:name=CodeHeap 'profiled nmethods',type=MemoryPool
2026-09-29 15:49:28,577 FINER [23] javax.management.misc - Building MBeanInfo for sun.management.MemoryPoolImpl
2026-09-29 15:49:28,577 FINER [23] javax.management.mbeanserver - ObjectName = java.lang:name=Compressed Class Space,type=MemoryPool
2026-09-29 15:49:28,577 FINER [23] javax.management.mbeanserver - name = java.lang:name=Compressed Class Space,type=MemoryPool
2026-09-29 15:49:28,577 FINER [23] javax.management.mbeanserver - Send create notification of object java.lang:name=Compressed Class Space,type=MemoryPool
2026-09-29 15:49:28,577 FINER [23] javax.management.mbeanserver - JMX.mbean.registered java.lang:name=Compressed Class Space,type=MemoryPool
2026-09-29 15:49:28,577 FINER [23] javax.management.misc - Building MBeanInfo for sun.management.MemoryPoolImpl
2026-09-29 15:49:28,577 FINER [23] javax.management.mbeanserver - ObjectName = java.lang:name=G1 Eden Space,type=MemoryPool
2026-09-29 15:49:28,577 FINER [23] javax.management.mbeanserver - name = java.lang:name=G1 Eden Space,type=MemoryPool
2026-09-29 15:49:28,577 FINER [23] javax.management.mbeanserver - Send create notification of object java.lang:name=G1 Eden Space,type=MemoryPool
2026-09-29 15:49:28,577 FINER [23] javax.management.mbeanserver - JMX.mbean.registered java.lang:name=G1 Eden Space,type=MemoryPool
2026-09-29 15:49:28,578 FINER [23] javax.management.misc - Building MBeanInfo for sun.management.MemoryPoolImpl
2026-09-29 15:49:28,578 FINER [23] javax.management.mbeanserver - ObjectName = java.lang:name=G1 Old Gen,type=MemoryPool
2026-09-29 15:49:28,578 FINER [23] javax.management.mbeanserver - name = java.lang:name=G1 Old Gen,type=MemoryPool
2026-09-29 15:49:28,578 FINER [23] javax.management.mbeanserver - Send create notification of object java.lang:name=G1 Old Gen,type=MemoryPool
2026-09-29 15:49:28,578 FINER [23] javax.management.mbeanserver - JMX.mbean.registered java.lang:name=G1 Old Gen,type=MemoryPool
2026-09-29 15:49:28,578 FINER [23] javax.management.misc - Building MBeanInfo for sun.management.MemoryPoolImpl
2026-09-29 15:49:28,578 FINER [23] javax.management.mbeanserver - ObjectName = java.lang:name=G1 Survivor Space,type=MemoryPool
2026-09-29 15:49:28,578 FINER [23] javax.management.mbeanserver - name = java.lang:name=G1 Survivor Space,type=MemoryPool
2026-09-29 15:49:28,578 FINER [23] javax.management.mbeanserver - Send create notification of object java.lang:name=G1 Survivor Space,type=MemoryPool
2026-09-29 15:49:28,578 FINER [23] javax.management.mbeanserver - JMX.mbean.registered java.lang:name=G1 Survivor Space,type=MemoryPool
2026-09-29 15:49:28,578 FINER [23] javax.management.misc - Building MBeanInfo for sun.management.MemoryPoolImpl
2026-09-29 15:49:28,578 FINER [23] javax.management.mbeanserver - ObjectName = java.lang:name=CodeHeap 'non-profiled nmethods',type=MemoryPool
2026-09-29 15:49:28,578 FINER [23] javax.management.mbeanserver - name = java.lang:name=CodeHeap 'non-profiled nmethods',type=MemoryPool
2026-09-29 15:49:28,579 FINER [23] javax.management.mbeanserver - Send create notification of object java.lang:name=CodeHeap 'non-profiled nmethods',type=MemoryPool
2026-09-29 15:49:28,579 FINER [23] javax.management.mbeanserver - JMX.mbean.registered java.lang:name=CodeHeap 'non-profiled nmethods',type=MemoryPool
2026-09-29 15:49:28,579 FINER [23] javax.management.misc - Building MBeanInfo for sun.management.CompilationImpl
2026-09-29 15:49:28,579 FINER [23] javax.management.mbeanserver - ObjectName = java.lang:type=Compilation
2026-09-29 15:49:28,579 FINER [23] javax.management.mbeanserver - name = java.lang:type=Compilation
2026-09-29 15:49:28,579 FINER [23] javax.management.mbeanserver - Send create notification of object java.lang:type=Compilation
2026-09-29 15:49:28,579 FINER [23] javax.management.mbeanserver - JMX.mbean.registered java.lang:type=Compilation
2026-09-29 15:49:28,580 FINER [23] javax.management.misc - Building MBeanInfo for sun.management.MemoryImpl
2026-09-29 15:49:28,580 FINER [23] javax.management.mbeanserver - ObjectName = java.lang:type=Memory
2026-09-29 15:49:28,580 FINER [23] javax.management.mbeanserver - name = java.lang:type=Memory
2026-09-29 15:49:28,580 FINER [23] javax.management.mbeanserver - Send create notification of object java.lang:type=Memory
2026-09-29 15:49:28,580 FINER [23] javax.management.mbeanserver - JMX.mbean.registered java.lang:type=Memory
2026-09-29 15:49:28,581 FINER [23] javax.management.misc - Building MBeanInfo for sun.management.ManagementFactoryHelper$PlatformLoggingImpl
2026-09-29 15:49:28,581 FINER [23] javax.management.mbeanserver - ObjectName = java.util.logging:type=Logging
2026-09-29 15:49:28,581 FINER [23] javax.management.mbeanserver - name = java.util.logging:type=Logging
2026-09-29 15:49:28,581 FINER [23] javax.management.mbeanserver - Send create notification of object java.util.logging:type=Logging
2026-09-29 15:49:28,582 FINER [23] javax.management.mbeanserver - JMX.mbean.registered java.util.logging:type=Logging
2026-09-29 15:49:28,583 FINER [23] javax.management.misc - Building MBeanInfo for sun.management.ClassLoadingImpl
2026-09-29 15:49:28,583 FINER [23] javax.management.mbeanserver - ObjectName = java.lang:type=ClassLoading
2026-09-29 15:49:28,583 FINER [23] javax.management.mbeanserver - name = java.lang:type=ClassLoading
2026-09-29 15:49:28,583 FINER [23] javax.management.mbeanserver - Send create notification of object java.lang:type=ClassLoading
2026-09-29 15:49:28,583 FINER [23] javax.management.mbeanserver - JMX.mbean.registered java.lang:type=ClassLoading
2026-09-29 15:49:28,626 FINER [23] javax.management.mbeanserver - ObjectName = com.sun.management:type=DiagnosticCommand
2026-09-29 15:49:28,626 FINER [23] javax.management.mbeanserver - name = com.sun.management:type=DiagnosticCommand
2026-09-29 15:49:28,626 FINER [23] javax.management.mbeanserver - Send create notification of object com.sun.management:type=DiagnosticCommand
2026-09-29 15:49:28,626 FINER [23] javax.management.mbeanserver - JMX.mbean.registered com.sun.management:type=DiagnosticCommand
2026-09-29 15:49:28,627 FINER [23] javax.management.misc - Building MBeanInfo for com.sun.management.internal.GarbageCollectorExtImpl
2026-09-29 15:49:28,627 FINER [23] javax.management.mbeanserver - ObjectName = java.lang:name=G1 Young Generation,type=GarbageCollector
2026-09-29 15:49:28,627 FINER [23] javax.management.mbeanserver - name = java.lang:name=G1 Young Generation,type=GarbageCollector
2026-09-29 15:49:28,627 FINER [23] javax.management.mbeanserver - Send create notification of object java.lang:name=G1 Young Generation,type=GarbageCollector
2026-09-29 15:49:28,628 FINER [23] javax.management.mbeanserver - JMX.mbean.registered java.lang:name=G1 Young Generation,type=GarbageCollector
2026-09-29 15:49:28,628 FINER [23] javax.management.misc - Building MBeanInfo for com.sun.management.internal.GarbageCollectorExtImpl
2026-09-29 15:49:28,628 FINER [23] javax.management.mbeanserver - ObjectName = java.lang:name=G1 Concurrent GC,type=GarbageCollector
2026-09-29 15:49:28,628 FINER [23] javax.management.mbeanserver - name = java.lang:name=G1 Concurrent GC,type=GarbageCollector
2026-09-29 15:49:28,628 FINER [23] javax.management.mbeanserver - Send create notification of object java.lang:name=G1 Concurrent GC,type=GarbageCollector
2026-09-29 15:49:28,628 FINER [23] javax.management.mbeanserver - JMX.mbean.registered java.lang:name=G1 Concurrent GC,type=GarbageCollector
2026-09-29 15:49:28,628 FINER [23] javax.management.misc - Building MBeanInfo for com.sun.management.internal.GarbageCollectorExtImpl
2026-09-29 15:49:28,628 FINER [23] javax.management.mbeanserver - ObjectName = java.lang:name=G1 Old Generation,type=GarbageCollector
2026-09-29 15:49:28,628 FINER [23] javax.management.mbeanserver - name = java.lang:name=G1 Old Generation,type=GarbageCollector
2026-09-29 15:49:28,628 FINER [23] javax.management.mbeanserver - Send create notification of object java.lang:name=G1 Old Generation,type=GarbageCollector
2026-09-29 15:49:28,628 FINER [23] javax.management.mbeanserver - JMX.mbean.registered java.lang:name=G1 Old Generation,type=GarbageCollector
2026-09-29 15:49:28,629 FINER [23] javax.management.misc - Building MBeanInfo for com.sun.management.internal.HotSpotDiagnostic
2026-09-29 15:49:28,629 FINER [23] javax.management.mbeanserver - ObjectName = com.sun.management:type=HotSpotDiagnostic
2026-09-29 15:49:28,629 FINER [23] javax.management.mbeanserver - name = com.sun.management:type=HotSpotDiagnostic
2026-09-29 15:49:28,629 FINER [23] javax.management.mbeanserver - Send create notification of object com.sun.management:type=HotSpotDiagnostic
2026-09-29 15:49:28,629 FINER [23] javax.management.mbeanserver - JMX.mbean.registered com.sun.management:type=HotSpotDiagnostic
2026-09-29 15:49:28,633 FINER [23] javax.management.misc - Building MBeanInfo for sun.management.ManagementFactoryHelper$1
2026-09-29 15:49:28,633 FINER [23] javax.management.mbeanserver - ObjectName = java.nio:name=mapped,type=BufferPool
2026-09-29 15:49:28,633 FINER [23] javax.management.mbeanserver - name = java.nio:name=mapped,type=BufferPool
2026-09-29 15:49:28,633 FINER [23] javax.management.mbeanserver - Send create notification of object java.nio:name=mapped,type=BufferPool
2026-09-29 15:49:28,633 FINER [23] javax.management.mbeanserver - JMX.mbean.registered java.nio:name=mapped,type=BufferPool
2026-09-29 15:49:28,633 FINER [23] javax.management.misc - Building MBeanInfo for sun.management.ManagementFactoryHelper$1
2026-09-29 15:49:28,633 FINER [23] javax.management.mbeanserver - ObjectName = java.nio:name=direct,type=BufferPool
2026-09-29 15:49:28,634 FINER [23] javax.management.mbeanserver - name = java.nio:name=direct,type=BufferPool
2026-09-29 15:49:28,634 FINER [23] javax.management.mbeanserver - Send create notification of object java.nio:name=direct,type=BufferPool
2026-09-29 15:49:28,634 FINER [23] javax.management.mbeanserver - JMX.mbean.registered java.nio:name=direct,type=BufferPool
2026-09-29 15:49:28,634 FINER [23] javax.management.misc - Building MBeanInfo for sun.management.ManagementFactoryHelper$1
2026-09-29 15:49:28,634 FINER [23] javax.management.mbeanserver - ObjectName = java.nio:name=mapped - 'non-volatile memory',type=BufferPool
2026-09-29 15:49:28,634 FINER [23] javax.management.mbeanserver - name = java.nio:name=mapped - 'non-volatile memory',type=BufferPool
2026-09-29 15:49:28,634 FINER [23] javax.management.mbeanserver - Send create notification of object java.nio:name=mapped - 'non-volatile memory',type=BufferPool
2026-09-29 15:49:28,634 FINER [23] javax.management.mbeanserver - JMX.mbean.registered java.nio:name=mapped - 'non-volatile memory',type=BufferPool
2026-09-29 15:49:28,637 FINER [23] javax.management.misc - Building MBeanInfo for jdk.management.jfr.FlightRecorderMXBeanImpl
2026-09-29 15:49:28,639 FINER [23] javax.management.mbeanserver - ObjectName = jdk.management.jfr:type=FlightRecorder
2026-09-29 15:49:28,639 FINER [23] javax.management.mbeanserver - name = jdk.management.jfr:type=FlightRecorder
2026-09-29 15:49:28,639 FINER [23] javax.management.mbeanserver - Send create notification of object jdk.management.jfr:type=FlightRecorder
2026-09-29 15:49:28,639 FINER [23] javax.management.mbeanserver - JMX.mbean.registered jdk.management.jfr:type=FlightRecorder
2026-09-29 15:49:28,640 FINER [23] javax.management.misc - Building MBeanInfo for com.ibm.msg.client.commonservices.propertystore.PropertyStoreControlImpl
2026-09-29 15:49:28,641 FINER [23] javax.management.mbeanserver - ObjectName = IBM MQ:type=CommonServices,name=PropertyStoreControl
2026-09-29 15:49:28,641 FINER [23] javax.management.mbeanserver - name = IBM MQ:type=CommonServices,name=PropertyStoreControl
2026-09-29 15:49:28,641 FINER [23] javax.management.mbeanserver - Send create notification of object IBM MQ:name=PropertyStoreControl,type=CommonServices
2026-09-29 15:49:28,641 FINER [23] javax.management.mbeanserver - JMX.mbean.registered IBM MQ:type=CommonServices,name=PropertyStoreControl
2026-09-29 15:49:28,670 FINER [23] javax.management.misc - Building MBeanInfo for com.ibm.msg.client.commonservices.propertystore.PropertyStoreControlImpl
2026-09-29 15:49:28,670 FINER [23] javax.management.mbeanserver - ObjectName = IBM MQ:type=CommonServices,name=PropertyStoreControl
2026-09-29 15:49:28,670 FINER [23] javax.management.mbeanserver - name = IBM MQ:type=CommonServices,name=PropertyStoreControl
2026-09-29 15:49:29,169 INFO  [23] com.example.mqproducer.ProducerWorker - Sent destination=APPQ threadId=23 msg=1 body=[destination=APPQ threadId=23 msg=1]
2026-09-29 15:49:29,200 INFO  [22] com.example.mqproducer.ProducerWorker - Sent destination=APPQ threadId=22 msg=1 body=[destination=APPQ threadId=22 msg=1]
2026-09-29 15:49:30,212 INFO  [23] com.example.mqproducer.ProducerWorker - Sent destination=APPQ threadId=23 msg=2 body=[destination=APPQ threadId=23 msg=2]
2026-09-29 15:49:30,248 INFO  [22] com.example.mqproducer.ProducerWorker - Sent destination=APPQ threadId=22 msg=2 body=[destination=APPQ threadId=22 msg=2]
2026-09-29 15:49:31,229 INFO  [23] com.example.mqproducer.ProducerWorker - Sent destination=APPQ threadId=23 msg=3 body=[destination=APPQ threadId=23 msg=3]
2026-09-29 15:49:31,256 INFO  [22] com.example.mqproducer.ProducerWorker - Sent destination=APPQ threadId=22 msg=3 body=[destination=APPQ threadId=22 msg=3]
2026-09-29 15:49:32,244 INFO  [23] com.example.mqproducer.ProducerWorker - Sent destination=APPQ threadId=23 msg=4 body=[destination=APPQ threadId=23 msg=4]
2026-09-29 15:49:32,275 INFO  [22] com.example.mqproducer.ProducerWorker - Sent destination=APPQ threadId=22 msg=4 body=[destination=APPQ threadId=22 msg=4]
2026-09-29 15:49:33,248 INFO  [23] com.example.mqproducer.ProducerWorker - Sent destination=APPQ threadId=23 msg=5 body=[destination=APPQ threadId=23 msg=5]
2026-09-29 15:49:33,293 INFO  [22] com.example.mqproducer.ProducerWorker - Sent destination=APPQ threadId=22 msg=5 body=[destination=APPQ threadId=22 msg=5]
2026-09-29 15:49:34,260 INFO  [23] com.example.mqproducer.ProducerWorker - Sent destination=APPQ threadId=23 msg=6 body=[destination=APPQ threadId=23 msg=6]
2026-09-29 15:49:34,312 INFO  [22] com.example.mqproducer.ProducerWorker - Sent destination=APPQ threadId=22 msg=6 body=[destination=APPQ threadId=22 msg=6]
2026-09-29 15:49:35,280 INFO  [23] com.example.mqproducer.ProducerWorker - Sent destination=APPQ threadId=23 msg=7 body=[destination=APPQ threadId=23 msg=7]
2026-09-29 15:49:35,328 INFO  [22] com.example.mqproducer.ProducerWorker - Sent destination=APPQ threadId=22 msg=7 body=[destination=APPQ threadId=22 msg=7]
2026-09-29 15:49:36,296 INFO  [23] com.example.mqproducer.ProducerWorker - Sent destination=APPQ threadId=23 msg=8 body=[destination=APPQ threadId=23 msg=8]
2026-09-29 15:49:36,338 INFO  [22] com.example.mqproducer.ProducerWorker - Sent destination=APPQ threadId=22 msg=8 body=[destination=APPQ threadId=22 msg=8]
2026-09-29 15:49:37,307 INFO  [23] com.example.mqproducer.ProducerWorker - Sent destination=APPQ threadId=23 msg=9 body=[destination=APPQ threadId=23 msg=9]
2026-09-29 15:49:37,359 INFO  [22] com.example.mqproducer.ProducerWorker - Sent destination=APPQ threadId=22 msg=9 body=[destination=APPQ threadId=22 msg=9]
2026-09-29 15:49:38,324 INFO  [23] com.example.mqproducer.ProducerWorker - Sent destination=APPQ threadId=23 msg=10 body=[destination=APPQ threadId=23 msg=10]
2026-09-29 15:49:38,370 INFO  [22] com.example.mqproducer.ProducerWorker - Sent destination=APPQ threadId=22 msg=10 body=[destination=APPQ threadId=22 msg=10]
2026-09-29 15:49:39,385 INFO  [22] com.example.mqproducer.ProducerWorker - Sent destination=APPQ threadId=22 msg=11 body=[destination=APPQ threadId=22 msg=11]
2026-09-29 15:49:39,501 INFO  [23] com.example.mqproducer.ProducerWorker - Sent destination=APPQ threadId=23 msg=11 body=[destination=APPQ threadId=23 msg=11]
2026-09-29 15:49:40,403 INFO  [22] com.example.mqproducer.ProducerWorker - Sent destination=APPQ threadId=22 msg=12 body=[destination=APPQ threadId=22 msg=12]
2026-09-29 15:49:40,507 INFO  [23] com.example.mqproducer.ProducerWorker - Sent destination=APPQ threadId=23 msg=12 body=[destination=APPQ threadId=23 msg=12]
2026-09-29 15:49:41,420 INFO  [22] com.example.mqproducer.ProducerWorker - Sent destination=APPQ threadId=22 msg=13 body=[destination=APPQ threadId=22 msg=13]
2026-09-29 15:49:41,526 INFO  [23] com.example.mqproducer.ProducerWorker - Sent destination=APPQ threadId=23 msg=13 body=[destination=APPQ threadId=23 msg=13]
2026-09-29 15:49:42,433 INFO  [22] com.example.mqproducer.ProducerWorker - Sent destination=APPQ threadId=22 msg=14 body=[destination=APPQ threadId=22 msg=14]
2026-09-29 15:49:42,607 INFO  [23] com.example.mqproducer.ProducerWorker - Sent destination=APPQ threadId=23 msg=14 body=[destination=APPQ threadId=23 msg=14]
2026-09-29 15:49:43,455 INFO  [22] com.example.mqproducer.ProducerWorker - Sent destination=APPQ threadId=22 msg=15 body=[destination=APPQ threadId=22 msg=15]
2026-09-29 15:49:43,620 INFO  [23] com.example.mqproducer.ProducerWorker - Sent destination=APPQ threadId=23 msg=15 body=[destination=APPQ threadId=23 msg=15]
2026-09-29 15:49:44,461 INFO  [22] com.example.mqproducer.ProducerWorker - Sent destination=APPQ threadId=22 msg=16 body=[destination=APPQ threadId=22 msg=16]
2026-09-29 15:49:44,633 INFO  [23] com.example.mqproducer.ProducerWorker - Sent destination=APPQ threadId=23 msg=16 body=[destination=APPQ threadId=23 msg=16]
2026-09-29 15:49:45,479 INFO  [22] com.example.mqproducer.ProducerWorker - Sent destination=APPQ threadId=22 msg=17 body=[destination=APPQ threadId=22 msg=17]
2026-09-29 15:49:45,648 INFO  [23] com.example.mqproducer.ProducerWorker - Sent destination=APPQ threadId=23 msg=17 body=[destination=APPQ threadId=23 msg=17]
2026-09-29 15:49:46,496 INFO  [22] com.example.mqproducer.ProducerWorker - Sent destination=APPQ threadId=22 msg=18 body=[destination=APPQ threadId=22 msg=18]
2026-09-29 15:49:46,668 INFO  [23] com.example.mqproducer.ProducerWorker - Sent destination=APPQ threadId=23 msg=18 body=[destination=APPQ threadId=23 msg=18]
2026-09-29 15:49:47,511 INFO  [22] com.example.mqproducer.ProducerWorker - Sent destination=APPQ threadId=22 msg=19 body=[destination=APPQ threadId=22 msg=19]
2026-09-29 15:49:47,682 INFO  [23] com.example.mqproducer.ProducerWorker - Sent destination=APPQ threadId=23 msg=19 body=[destination=APPQ threadId=23 msg=19]
2026-09-29 15:49:48,525 INFO  [22] com.example.mqproducer.ProducerWorker - Sent destination=APPQ threadId=22 msg=20 body=[destination=APPQ threadId=22 msg=20]
2026-09-29 15:49:48,703 INFO  [23] com.example.mqproducer.ProducerWorker - Sent destination=APPQ threadId=23 msg=20 body=[destination=APPQ threadId=23 msg=20]
2026-09-29 15:49:49,546 INFO  [22] com.example.mqproducer.ProducerWorker - Sent destination=APPQ threadId=22 msg=21 body=[destination=APPQ threadId=22 msg=21]
2026-09-29 15:49:49,714 INFO  [23] com.example.mqproducer.ProducerWorker - Sent destination=APPQ threadId=23 msg=21 body=[destination=APPQ threadId=23 msg=21]
2026-09-29 15:49:50,558 INFO  [22] com.example.mqproducer.ProducerWorker - Sent destination=APPQ threadId=22 msg=22 body=[destination=APPQ threadId=22 msg=22]
2026-09-29 15:49:50,733 INFO  [23] com.example.mqproducer.ProducerWorker - Sent destination=APPQ threadId=23 msg=22 body=[destination=APPQ threadId=23 msg=22]
2026-09-29 15:49:51,572 INFO  [22] com.example.mqproducer.ProducerWorker - Sent destination=APPQ threadId=22 msg=23 body=[destination=APPQ threadId=22 msg=23]
2026-09-29 15:49:51,744 INFO  [23] com.example.mqproducer.ProducerWorker - Sent destination=APPQ threadId=23 msg=23 body=[destination=APPQ threadId=23 msg=23]
2026-09-29 15:49:52,591 INFO  [22] com.example.mqproducer.ProducerWorker - Sent destination=APPQ threadId=22 msg=24 body=[destination=APPQ threadId=22 msg=24]
2026-09-29 15:49:52,761 INFO  [23] com.example.mqproducer.ProducerWorker - Sent destination=APPQ threadId=23 msg=24 body=[destination=APPQ threadId=23 msg=24]
2026-09-29 15:49:53,607 INFO  [22] com.example.mqproducer.ProducerWorker - Sent destination=APPQ threadId=22 msg=25 body=[destination=APPQ threadId=22 msg=25]
2026-09-29 15:49:53,770 INFO  [23] com.example.mqproducer.ProducerWorker - Sent destination=APPQ threadId=23 msg=25 body=[destination=APPQ threadId=23 msg=25]
2026-09-29 15:49:54,621 INFO  [22] com.example.mqproducer.ProducerWorker - Sent destination=APPQ threadId=22 msg=26 body=[destination=APPQ threadId=22 msg=26]
2026-09-29 15:49:54,778 INFO  [23] com.example.mqproducer.ProducerWorker - Sent destination=APPQ threadId=23 msg=26 body=[destination=APPQ threadId=23 msg=26]
2026-09-29 15:49:55,635 INFO  [22] com.example.mqproducer.ProducerWorker - Sent destination=APPQ threadId=22 msg=27 body=[destination=APPQ threadId=22 msg=27]
2026-09-29 15:49:55,793 INFO  [23] com.example.mqproducer.ProducerWorker - Sent destination=APPQ threadId=23 msg=27 body=[destination=APPQ threadId=23 msg=27]
2026-09-29 15:49:56,651 INFO  [22] com.example.mqproducer.ProducerWorker - Sent destination=APPQ threadId=22 msg=28 body=[destination=APPQ threadId=22 msg=28]
2026-09-29 15:49:56,808 INFO  [23] com.example.mqproducer.ProducerWorker - Sent destination=APPQ threadId=23 msg=28 body=[destination=APPQ threadId=23 msg=28]
2026-09-29 15:49:57,667 INFO  [22] com.example.mqproducer.ProducerWorker - Sent destination=APPQ threadId=22 msg=29 body=[destination=APPQ threadId=22 msg=29]
2026-09-29 15:49:57,821 INFO  [23] com.example.mqproducer.ProducerWorker - Sent destination=APPQ threadId=23 msg=29 body=[destination=APPQ threadId=23 msg=29]
2026-09-29 15:49:58,682 INFO  [22] com.example.mqproducer.ProducerWorker - Sent destination=APPQ threadId=22 msg=30 body=[destination=APPQ threadId=22 msg=30]
2026-09-29 15:49:58,839 INFO  [23] com.example.mqproducer.ProducerWorker - Sent destination=APPQ threadId=23 msg=30 body=[destination=APPQ threadId=23 msg=30]
2026-09-29 15:49:59,695 INFO  [22] com.example.mqproducer.ProducerWorker - Sent destination=APPQ threadId=22 msg=31 body=[destination=APPQ threadId=22 msg=31]
2026-09-29 15:49:59,851 INFO  [23] com.example.mqproducer.ProducerWorker - Sent destination=APPQ threadId=23 msg=31 body=[destination=APPQ threadId=23 msg=31]
2026-09-29 15:50:00,713 INFO  [22] com.example.mqproducer.ProducerWorker - Sent destination=APPQ threadId=22 msg=32 body=[destination=APPQ threadId=22 msg=32]
2026-09-29 15:50:00,867 INFO  [23] com.example.mqproducer.ProducerWorker - Sent destination=APPQ threadId=23 msg=32 body=[destination=APPQ threadId=23 msg=32]
2026-09-29 15:50:01,733 INFO  [22] com.example.mqproducer.ProducerWorker - Sent destination=APPQ threadId=22 msg=33 body=[destination=APPQ threadId=22 msg=33]
2026-09-29 15:50:01,885 INFO  [23] com.example.mqproducer.ProducerWorker - Sent destination=APPQ threadId=23 msg=33 body=[destination=APPQ threadId=23 msg=33]
2026-09-29 15:50:02,741 INFO  [22] com.example.mqproducer.ProducerWorker - Sent destination=APPQ threadId=22 msg=34 body=[destination=APPQ threadId=22 msg=34]
2026-09-29 15:50:02,898 INFO  [23] com.example.mqproducer.ProducerWorker - Sent destination=APPQ threadId=23 msg=34 body=[destination=APPQ threadId=23 msg=34]
2026-09-29 15:50:03,756 INFO  [22] com.example.mqproducer.ProducerWorker - Sent destination=APPQ threadId=22 msg=35 body=[destination=APPQ threadId=22 msg=35]
2026-09-29 15:50:03,918 INFO  [23] com.example.mqproducer.ProducerWorker - Sent destination=APPQ threadId=23 msg=35 body=[destination=APPQ threadId=23 msg=35]
2026-09-29 15:50:04,760 INFO  [22] com.example.mqproducer.ProducerWorker - Sent destination=APPQ threadId=22 msg=36 body=[destination=APPQ threadId=22 msg=36]
2026-09-29 15:50:04,929 INFO  [23] com.example.mqproducer.ProducerWorker - Sent destination=APPQ threadId=23 msg=36 body=[destination=APPQ threadId=23 msg=36]
2026-09-29 15:50:05,762 INFO  [22] com.example.mqproducer.ProducerWorker - Sent destination=APPQ threadId=22 msg=37 body=[destination=APPQ threadId=22 msg=37]
2026-09-29 15:50:05,946 INFO  [23] com.example.mqproducer.ProducerWorker - Sent destination=APPQ threadId=23 msg=37 body=[destination=APPQ threadId=23 msg=37]
2026-09-29 15:50:06,775 INFO  [22] com.example.mqproducer.ProducerWorker - Sent destination=APPQ threadId=22 msg=38 body=[destination=APPQ threadId=22 msg=38]
2026-09-29 15:50:06,961 INFO  [23] com.example.mqproducer.ProducerWorker - Sent destination=APPQ threadId=23 msg=38 body=[destination=APPQ threadId=23 msg=38]
2026-09-29 15:50:07,793 INFO  [22] com.example.mqproducer.ProducerWorker - Sent destination=APPQ threadId=22 msg=39 body=[destination=APPQ threadId=22 msg=39]
2026-09-29 15:50:07,979 INFO  [23] com.example.mqproducer.ProducerWorker - Sent destination=APPQ threadId=23 msg=39 body=[destination=APPQ threadId=23 msg=39]
2026-09-29 15:50:08,806 INFO  [22] com.example.mqproducer.ProducerWorker - Sent destination=APPQ threadId=22 msg=40 body=[destination=APPQ threadId=22 msg=40]
2026-09-29 15:50:08,992 INFO  [23] com.example.mqproducer.ProducerWorker - Sent destination=APPQ threadId=23 msg=40 body=[destination=APPQ threadId=23 msg=40]
2026-09-29 15:50:09,824 INFO  [22] com.example.mqproducer.ProducerWorker - Sent destination=APPQ threadId=22 msg=41 body=[destination=APPQ threadId=22 msg=41]
2026-09-29 15:50:10,008 INFO  [23] com.example.mqproducer.ProducerWorker - Sent destination=APPQ threadId=23 msg=41 body=[destination=APPQ threadId=23 msg=41]
2026-09-29 15:50:10,840 INFO  [22] com.example.mqproducer.ProducerWorker - Sent destination=APPQ threadId=22 msg=42 body=[destination=APPQ threadId=22 msg=42]
2026-09-29 15:50:11,024 INFO  [23] com.example.mqproducer.ProducerWorker - Sent destination=APPQ threadId=23 msg=42 body=[destination=APPQ threadId=23 msg=42]
2026-09-29 15:50:11,855 INFO  [22] com.example.mqproducer.ProducerWorker - Sent destination=APPQ threadId=22 msg=43 body=[destination=APPQ threadId=22 msg=43]
2026-09-29 15:50:12,038 INFO  [23] com.example.mqproducer.ProducerWorker - Sent destination=APPQ threadId=23 msg=43 body=[destination=APPQ threadId=23 msg=43]
2026-09-29 15:50:12,867 INFO  [22] com.example.mqproducer.ProducerWorker - Sent destination=APPQ threadId=22 msg=44 body=[destination=APPQ threadId=22 msg=44]
2026-09-29 15:50:13,053 INFO  [23] com.example.mqproducer.ProducerWorker - Sent destination=APPQ threadId=23 msg=44 body=[destination=APPQ threadId=23 msg=44]
2026-09-29 15:50:13,885 INFO  [22] com.example.mqproducer.ProducerWorker - Sent destination=APPQ threadId=22 msg=45 body=[destination=APPQ threadId=22 msg=45]
2026-09-29 15:50:14,056 INFO  [23] com.example.mqproducer.ProducerWorker - Sent destination=APPQ threadId=23 msg=45 body=[destination=APPQ threadId=23 msg=45]
2026-09-29 15:50:14,905 INFO  [22] com.example.mqproducer.ProducerWorker - Sent destination=APPQ threadId=22 msg=46 body=[destination=APPQ threadId=22 msg=46]
2026-09-29 15:50:15,072 INFO  [23] com.example.mqproducer.ProducerWorker - Sent destination=APPQ threadId=23 msg=46 body=[destination=APPQ threadId=23 msg=46]
2026-09-29 15:50:15,915 INFO  [22] com.example.mqproducer.ProducerWorker - Sent destination=APPQ threadId=22 msg=47 body=[destination=APPQ threadId=22 msg=47]
2026-09-29 15:50:16,089 INFO  [23] com.example.mqproducer.ProducerWorker - Sent destination=APPQ threadId=23 msg=47 body=[destination=APPQ threadId=23 msg=47]
2026-09-29 15:50:16,927 INFO  [22] com.example.mqproducer.ProducerWorker - Sent destination=APPQ threadId=22 msg=48 body=[destination=APPQ threadId=22 msg=48]
2026-09-29 15:50:17,099 INFO  [23] com.example.mqproducer.ProducerWorker - Sent destination=APPQ threadId=23 msg=48 body=[destination=APPQ threadId=23 msg=48]
2026-09-29 15:50:17,943 INFO  [22] com.example.mqproducer.ProducerWorker - Sent destination=APPQ threadId=22 msg=49 body=[destination=APPQ threadId=22 msg=49]
2026-09-29 15:50:18,116 INFO  [23] com.example.mqproducer.ProducerWorker - Sent destination=APPQ threadId=23 msg=49 body=[destination=APPQ threadId=23 msg=49]
2026-09-29 15:50:18,953 INFO  [22] com.example.mqproducer.ProducerWorker - Sent destination=APPQ threadId=22 msg=50 body=[destination=APPQ threadId=22 msg=50]
2026-09-29 15:50:19,136 INFO  [23] com.example.mqproducer.ProducerWorker - Sent destination=APPQ threadId=23 msg=50 body=[destination=APPQ threadId=23 msg=50]
2026-09-29 15:50:19,961 INFO  [22] com.example.mqproducer.ProducerWorker - Sent destination=APPQ threadId=22 msg=51 body=[destination=APPQ threadId=22 msg=51]
2026-09-29 15:50:20,151 INFO  [23] com.example.mqproducer.ProducerWorker - Sent destination=APPQ threadId=23 msg=51 body=[destination=APPQ threadId=23 msg=51]
2026-09-29 15:50:20,976 INFO  [22] com.example.mqproducer.ProducerWorker - Sent destination=APPQ threadId=22 msg=52 body=[destination=APPQ threadId=22 msg=52]
2026-09-29 15:50:21,172 INFO  [23] com.example.mqproducer.ProducerWorker - Sent destination=APPQ threadId=23 msg=52 body=[destination=APPQ threadId=23 msg=52]
2026-09-29 15:50:21,993 INFO  [22] com.example.mqproducer.ProducerWorker - Sent destination=APPQ threadId=22 msg=53 body=[destination=APPQ threadId=22 msg=53]
2026-09-29 15:50:22,183 INFO  [23] com.example.mqproducer.ProducerWorker - Sent destination=APPQ threadId=23 msg=53 body=[destination=APPQ threadId=23 msg=53]
2026-09-29 15:50:23,007 INFO  [22] com.example.mqproducer.ProducerWorker - Sent destination=APPQ threadId=22 msg=54 body=[destination=APPQ threadId=22 msg=54]
2026-09-29 15:50:23,201 INFO  [23] com.example.mqproducer.ProducerWorker - Sent destination=APPQ threadId=23 msg=54 body=[destination=APPQ threadId=23 msg=54]
2026-09-29 15:50:24,023 INFO  [22] com.example.mqproducer.ProducerWorker - Sent destination=APPQ threadId=22 msg=55 body=[destination=APPQ threadId=22 msg=55]
2026-09-29 15:50:24,212 INFO  [23] com.example.mqproducer.ProducerWorker - Sent destination=APPQ threadId=23 msg=55 body=[destination=APPQ threadId=23 msg=55]
2026-09-29 15:50:25,038 INFO  [22] com.example.mqproducer.ProducerWorker - Sent destination=APPQ threadId=22 msg=56 body=[destination=APPQ threadId=22 msg=56]
2026-09-29 15:50:25,227 INFO  [23] com.example.mqproducer.ProducerWorker - Sent destination=APPQ threadId=23 msg=56 body=[destination=APPQ threadId=23 msg=56]
2026-09-29 15:50:26,054 INFO  [22] com.example.mqproducer.ProducerWorker - Sent destination=APPQ threadId=22 msg=57 body=[destination=APPQ threadId=22 msg=57]
2026-09-29 15:50:26,243 INFO  [23] com.example.mqproducer.ProducerWorker - Sent destination=APPQ threadId=23 msg=57 body=[destination=APPQ threadId=23 msg=57]
2026-09-29 15:50:27,058 INFO  [22] com.example.mqproducer.ProducerWorker - Sent destination=APPQ threadId=22 msg=58 body=[destination=APPQ threadId=22 msg=58]
2026-09-29 15:50:27,260 INFO  [23] com.example.mqproducer.ProducerWorker - Sent destination=APPQ threadId=23 msg=58 body=[destination=APPQ threadId=23 msg=58]
2026-09-29 15:50:28,073 INFO  [22] com.example.mqproducer.ProducerWorker - Sent destination=APPQ threadId=22 msg=59 body=[destination=APPQ threadId=22 msg=59]
2026-09-29 15:50:28,276 INFO  [23] com.example.mqproducer.ProducerWorker - Sent destination=APPQ threadId=23 msg=59 body=[destination=APPQ threadId=23 msg=59]
2026-09-29 15:50:29,088 INFO  [22] com.example.mqproducer.ProducerWorker - Sent destination=APPQ threadId=22 msg=60 body=[destination=APPQ threadId=22 msg=60]
2026-09-29 15:50:29,295 INFO  [23] com.example.mqproducer.ProducerWorker - Sent destination=APPQ threadId=23 msg=60 body=[destination=APPQ threadId=23 msg=60]
2026-09-29 15:50:30,105 INFO  [22] com.example.mqproducer.ProducerWorker - Sent destination=APPQ threadId=22 msg=61 body=[destination=APPQ threadId=22 msg=61]
2026-09-29 15:50:30,306 INFO  [23] com.example.mqproducer.ProducerWorker - Sent destination=APPQ threadId=23 msg=61 body=[destination=APPQ threadId=23 msg=61]
2026-09-29 15:50:31,121 INFO  [22] com.example.mqproducer.ProducerWorker - Sent destination=APPQ threadId=22 msg=62 body=[destination=APPQ threadId=22 msg=62]
2026-09-29 15:50:31,313 INFO  [23] com.example.mqproducer.ProducerWorker - Sent destination=APPQ threadId=23 msg=62 body=[destination=APPQ threadId=23 msg=62]
2026-09-29 15:50:32,138 INFO  [22] com.example.mqproducer.ProducerWorker - Sent destination=APPQ threadId=22 msg=63 body=[destination=APPQ threadId=22 msg=63]
2026-09-29 15:50:32,321 INFO  [23] com.example.mqproducer.ProducerWorker - Sent destination=APPQ threadId=23 msg=63 body=[destination=APPQ threadId=23 msg=63]
2026-09-29 15:50:33,151 INFO  [22] com.example.mqproducer.ProducerWorker - Sent destination=APPQ threadId=22 msg=64 body=[destination=APPQ threadId=22 msg=64]
2026-09-29 15:50:33,339 INFO  [23] com.example.mqproducer.ProducerWorker - Sent destination=APPQ threadId=23 msg=64 body=[destination=APPQ threadId=23 msg=64]
2026-09-29 15:50:34,166 INFO  [22] com.example.mqproducer.ProducerWorker - Sent destination=APPQ threadId=22 msg=65 body=[destination=APPQ threadId=22 msg=65]
2026-09-29 15:50:34,356 INFO  [23] com.example.mqproducer.ProducerWorker - Sent destination=APPQ threadId=23 msg=65 body=[destination=APPQ threadId=23 msg=65]
2026-09-29 15:50:35,184 INFO  [22] com.example.mqproducer.ProducerWorker - Sent destination=APPQ threadId=22 msg=66 body=[destination=APPQ threadId=22 msg=66]
2026-09-29 15:50:35,371 INFO  [23] com.example.mqproducer.ProducerWorker - Sent destination=APPQ threadId=23 msg=66 body=[destination=APPQ threadId=23 msg=66]
2026-09-29 15:50:36,199 INFO  [22] com.example.mqproducer.ProducerWorker - Sent destination=APPQ threadId=22 msg=67 body=[destination=APPQ threadId=22 msg=67]
2026-09-29 15:50:36,387 INFO  [23] com.example.mqproducer.ProducerWorker - Sent destination=APPQ threadId=23 msg=67 body=[destination=APPQ threadId=23 msg=67]
2026-09-29 15:50:37,210 INFO  [22] com.example.mqproducer.ProducerWorker - Sent destination=APPQ threadId=22 msg=68 body=[destination=APPQ threadId=22 msg=68]
2026-09-29 15:50:37,399 INFO  [23] com.example.mqproducer.ProducerWorker - Sent destination=APPQ threadId=23 msg=68 body=[destination=APPQ threadId=23 msg=68]
2026-09-29 15:50:38,227 INFO  [22] com.example.mqproducer.ProducerWorker - Sent destination=APPQ threadId=22 msg=69 body=[destination=APPQ threadId=22 msg=69]
2026-09-29 15:50:38,413 INFO  [23] com.example.mqproducer.ProducerWorker - Sent destination=APPQ threadId=23 msg=69 body=[destination=APPQ threadId=23 msg=69]
2026-09-29 15:50:39,242 INFO  [22] com.example.mqproducer.ProducerWorker - Sent destination=APPQ threadId=22 msg=70 body=[destination=APPQ threadId=22 msg=70]
2026-09-29 15:50:39,419 INFO  [23] com.example.mqproducer.ProducerWorker - Sent destination=APPQ threadId=23 msg=70 body=[destination=APPQ threadId=23 msg=70]
2026-09-29 15:50:40,260 INFO  [22] com.example.mqproducer.ProducerWorker - Sent destination=APPQ threadId=22 msg=71 body=[destination=APPQ threadId=22 msg=71]
2026-09-29 15:50:40,433 INFO  [23] com.example.mqproducer.ProducerWorker - Sent destination=APPQ threadId=23 msg=71 body=[destination=APPQ threadId=23 msg=71]
2026-09-29 15:50:41,275 INFO  [22] com.example.mqproducer.ProducerWorker - Sent destination=APPQ threadId=22 msg=72 body=[destination=APPQ threadId=22 msg=72]
2026-09-29 15:50:41,449 INFO  [23] com.example.mqproducer.ProducerWorker - Sent destination=APPQ threadId=23 msg=72 body=[destination=APPQ threadId=23 msg=72]
2026-09-29 15:50:42,290 INFO  [22] com.example.mqproducer.ProducerWorker - Sent destination=APPQ threadId=22 msg=73 body=[destination=APPQ threadId=22 msg=73]
2026-09-29 15:50:42,461 INFO  [23] com.example.mqproducer.ProducerWorker - Sent destination=APPQ threadId=23 msg=73 body=[destination=APPQ threadId=23 msg=73]
2026-09-29 15:50:43,306 INFO  [22] com.example.mqproducer.ProducerWorker - Sent destination=APPQ threadId=22 msg=74 body=[destination=APPQ threadId=22 msg=74]
2026-09-29 15:50:43,478 INFO  [23] com.example.mqproducer.ProducerWorker - Sent destination=APPQ threadId=23 msg=74 body=[destination=APPQ threadId=23 msg=74]
2026-09-29 15:50:44,316 INFO  [22] com.example.mqproducer.ProducerWorker - Sent destination=APPQ threadId=22 msg=75 body=[destination=APPQ threadId=22 msg=75]
2026-09-29 15:50:44,483 INFO  [23] com.example.mqproducer.ProducerWorker - Sent destination=APPQ threadId=23 msg=75 body=[destination=APPQ threadId=23 msg=75]
2026-09-29 15:50:45,324 INFO  [22] com.example.mqproducer.ProducerWorker - Sent destination=APPQ threadId=22 msg=76 body=[destination=APPQ threadId=22 msg=76]
2026-09-29 15:50:45,494 INFO  [23] com.example.mqproducer.ProducerWorker - Sent destination=APPQ threadId=23 msg=76 body=[destination=APPQ threadId=23 msg=76]
2026-09-29 15:50:46,336 INFO  [22] com.example.mqproducer.ProducerWorker - Sent destination=APPQ threadId=22 msg=77 body=[destination=APPQ threadId=22 msg=77]
2026-09-29 15:50:46,511 INFO  [23] com.example.mqproducer.ProducerWorker - Sent destination=APPQ threadId=23 msg=77 body=[destination=APPQ threadId=23 msg=77]
2026-09-29 15:50:47,341 INFO  [22] com.example.mqproducer.ProducerWorker - Sent destination=APPQ threadId=22 msg=78 body=[destination=APPQ threadId=22 msg=78]
2026-09-29 15:50:47,525 INFO  [23] com.example.mqproducer.ProducerWorker - Sent destination=APPQ threadId=23 msg=78 body=[destination=APPQ threadId=23 msg=78]
2026-09-29 15:50:48,355 INFO  [22] com.example.mqproducer.ProducerWorker - Sent destination=APPQ threadId=22 msg=79 body=[destination=APPQ threadId=22 msg=79]
2026-09-29 15:50:48,545 INFO  [23] com.example.mqproducer.ProducerWorker - Sent destination=APPQ threadId=23 msg=79 body=[destination=APPQ threadId=23 msg=79]
2026-09-29 15:50:49,370 INFO  [22] com.example.mqproducer.ProducerWorker - Sent destination=APPQ threadId=22 msg=80 body=[destination=APPQ threadId=22 msg=80]
2026-09-29 15:50:49,556 INFO  [23] com.example.mqproducer.ProducerWorker - Sent destination=APPQ threadId=23 msg=80 body=[destination=APPQ threadId=23 msg=80]
2026-09-29 15:50:50,383 INFO  [22] com.example.mqproducer.ProducerWorker - Sent destination=APPQ threadId=22 msg=81 body=[destination=APPQ threadId=22 msg=81]
2026-09-29 15:50:50,575 INFO  [23] com.example.mqproducer.ProducerWorker - Sent destination=APPQ threadId=23 msg=81 body=[destination=APPQ threadId=23 msg=81]
2026-09-29 15:50:51,400 INFO  [22] com.example.mqproducer.ProducerWorker - Sent destination=APPQ threadId=22 msg=82 body=[destination=APPQ threadId=22 msg=82]
2026-09-29 15:50:51,589 INFO  [23] com.example.mqproducer.ProducerWorker - Sent destination=APPQ threadId=23 msg=82 body=[destination=APPQ threadId=23 msg=82]
2026-09-29 15:50:52,417 INFO  [22] com.example.mqproducer.ProducerWorker - Sent destination=APPQ threadId=22 msg=83 body=[destination=APPQ threadId=22 msg=83]
2026-09-29 15:50:52,606 INFO  [23] com.example.mqproducer.ProducerWorker - Sent destination=APPQ threadId=23 msg=83 body=[destination=APPQ threadId=23 msg=83]
2026-09-29 15:50:53,429 INFO  [22] com.example.mqproducer.ProducerWorker - Sent destination=APPQ threadId=22 msg=84 body=[destination=APPQ threadId=22 msg=84]
2026-09-29 15:50:53,618 INFO  [23] com.example.mqproducer.ProducerWorker - Sent destination=APPQ threadId=23 msg=84 body=[destination=APPQ threadId=23 msg=84]
2026-09-29 15:50:54,437 INFO  [22] com.example.mqproducer.ProducerWorker - Sent destination=APPQ threadId=22 msg=85 body=[destination=APPQ threadId=22 msg=85]
2026-09-29 15:50:54,623 INFO  [23] com.example.mqproducer.ProducerWorker - Sent destination=APPQ threadId=23 msg=85 body=[destination=APPQ threadId=23 msg=85]
2026-09-29 15:50:55,450 INFO  [22] com.example.mqproducer.ProducerWorker - Sent destination=APPQ threadId=22 msg=86 body=[destination=APPQ threadId=22 msg=86]
2026-09-29 15:50:55,633 INFO  [23] com.example.mqproducer.ProducerWorker - Sent destination=APPQ threadId=23 msg=86 body=[destination=APPQ threadId=23 msg=86]
2026-09-29 15:50:56,463 INFO  [22] com.example.mqproducer.ProducerWorker - Sent destination=APPQ threadId=22 msg=87 body=[destination=APPQ threadId=22 msg=87]
2026-09-29 15:50:56,640 INFO  [23] com.example.mqproducer.ProducerWorker - Sent destination=APPQ threadId=23 msg=87 body=[destination=APPQ threadId=23 msg=87]
2026-09-29 15:50:57,477 INFO  [22] com.example.mqproducer.ProducerWorker - Sent destination=APPQ threadId=22 msg=88 body=[destination=APPQ threadId=22 msg=88]
2026-09-29 15:50:57,653 INFO  [23] com.example.mqproducer.ProducerWorker - Sent destination=APPQ threadId=23 msg=88 body=[destination=APPQ threadId=23 msg=88]
2026-09-29 15:50:58,486 INFO  [22] com.example.mqproducer.ProducerWorker - Sent destination=APPQ threadId=22 msg=89 body=[destination=APPQ threadId=22 msg=89]
2026-09-29 15:50:58,667 INFO  [23] com.example.mqproducer.ProducerWorker - Sent destination=APPQ threadId=23 msg=89 body=[destination=APPQ threadId=23 msg=89]
2026-09-29 15:50:59,491 INFO  [22] com.example.mqproducer.ProducerWorker - Sent destination=APPQ threadId=22 msg=90 body=[destination=APPQ threadId=22 msg=90]
2026-09-29 15:50:59,680 INFO  [23] com.example.mqproducer.ProducerWorker - Sent destination=APPQ threadId=23 msg=90 body=[destination=APPQ threadId=23 msg=90]
2026-09-29 15:51:00,497 INFO  [22] com.example.mqproducer.ProducerWorker - Sent destination=APPQ threadId=22 msg=91 body=[destination=APPQ threadId=22 msg=91]
2026-09-29 15:51:00,699 INFO  [23] com.example.mqproducer.ProducerWorker - Sent destination=APPQ threadId=23 msg=91 body=[destination=APPQ threadId=23 msg=91]
2026-09-29 15:51:01,509 INFO  [22] com.example.mqproducer.ProducerWorker - Sent destination=APPQ threadId=22 msg=92 body=[destination=APPQ threadId=22 msg=92]
2026-09-29 15:51:01,717 INFO  [23] com.example.mqproducer.ProducerWorker - Sent destination=APPQ threadId=23 msg=92 body=[destination=APPQ threadId=23 msg=92]
2026-09-29 15:51:02,526 INFO  [22] com.example.mqproducer.ProducerWorker - Sent destination=APPQ threadId=22 msg=93 body=[destination=APPQ threadId=22 msg=93]
2026-09-29 15:51:02,732 INFO  [23] com.example.mqproducer.ProducerWorker - Sent destination=APPQ threadId=23 msg=93 body=[destination=APPQ threadId=23 msg=93]
2026-09-29 15:51:03,544 INFO  [22] com.example.mqproducer.ProducerWorker - Sent destination=APPQ threadId=22 msg=94 body=[destination=APPQ threadId=22 msg=94]
2026-09-29 15:51:03,743 INFO  [23] com.example.mqproducer.ProducerWorker - Sent destination=APPQ threadId=23 msg=94 body=[destination=APPQ threadId=23 msg=94]
2026-09-29 15:51:04,557 INFO  [22] com.example.mqproducer.ProducerWorker - Sent destination=APPQ threadId=22 msg=95 body=[destination=APPQ threadId=22 msg=95]
2026-09-29 15:51:04,760 INFO  [23] com.example.mqproducer.ProducerWorker - Sent destination=APPQ threadId=23 msg=95 body=[destination=APPQ threadId=23 msg=95]
2026-09-29 15:51:05,572 INFO  [22] com.example.mqproducer.ProducerWorker - Sent destination=APPQ threadId=22 msg=96 body=[destination=APPQ threadId=22 msg=96]
2026-09-29 15:51:05,774 INFO  [23] com.example.mqproducer.ProducerWorker - Sent destination=APPQ threadId=23 msg=96 body=[destination=APPQ threadId=23 msg=96]
2026-09-29 15:51:06,576 INFO  [22] com.example.mqproducer.ProducerWorker - Sent destination=APPQ threadId=22 msg=97 body=[destination=APPQ threadId=22 msg=97]
2026-09-29 15:51:06,793 INFO  [23] com.example.mqproducer.ProducerWorker - Sent destination=APPQ threadId=23 msg=97 body=[destination=APPQ threadId=23 msg=97]
2026-09-29 15:51:07,589 INFO  [22] com.example.mqproducer.ProducerWorker - Sent destination=APPQ threadId=22 msg=98 body=[destination=APPQ threadId=22 msg=98]
2026-09-29 15:51:07,806 INFO  [23] com.example.mqproducer.ProducerWorker - Sent destination=APPQ threadId=23 msg=98 body=[destination=APPQ threadId=23 msg=98]
2026-09-29 15:51:08,605 INFO  [22] com.example.mqproducer.ProducerWorker - Sent destination=APPQ threadId=22 msg=99 body=[destination=APPQ threadId=22 msg=99]
2026-09-29 15:51:08,814 INFO  [23] com.example.mqproducer.ProducerWorker - Sent destination=APPQ threadId=23 msg=99 body=[destination=APPQ threadId=23 msg=99]
2026-09-29 15:51:09,622 INFO  [22] com.example.mqproducer.ProducerWorker - Sent destination=APPQ threadId=22 msg=100 body=[destination=APPQ threadId=22 msg=100]
2026-09-29 15:51:09,821 INFO  [23] com.example.mqproducer.ProducerWorker - Sent destination=APPQ threadId=23 msg=100 body=[destination=APPQ threadId=23 msg=100]
2026-09-29 15:51:10,784 INFO  [22] com.example.mqproducer.ProducerWorker - Sent destination=APPQ threadId=22 msg=101 body=[destination=APPQ threadId=22 msg=101]
2026-09-29 15:51:10,837 INFO  [23] com.example.mqproducer.ProducerWorker - Sent destination=APPQ threadId=23 msg=101 body=[destination=APPQ threadId=23 msg=101]
2026-09-29 15:51:11,794 INFO  [22] com.example.mqproducer.ProducerWorker - Sent destination=APPQ threadId=22 msg=102 body=[destination=APPQ threadId=22 msg=102]
2026-09-29 15:51:11,843 INFO  [23] com.example.mqproducer.ProducerWorker - Sent destination=APPQ threadId=23 msg=102 body=[destination=APPQ threadId=23 msg=102]
2026-09-29 15:51:12,807 INFO  [22] com.example.mqproducer.ProducerWorker - Sent destination=APPQ threadId=22 msg=103 body=[destination=APPQ threadId=22 msg=103]
2026-09-29 15:51:12,852 INFO  [23] com.example.mqproducer.ProducerWorker - Sent destination=APPQ threadId=23 msg=103 body=[destination=APPQ threadId=23 msg=103]
2026-09-29 15:51:13,822 INFO  [22] com.example.mqproducer.ProducerWorker - Sent destination=APPQ threadId=22 msg=104 body=[destination=APPQ threadId=22 msg=104]
2026-09-29 15:51:13,869 INFO  [23] com.example.mqproducer.ProducerWorker - Sent destination=APPQ threadId=23 msg=104 body=[destination=APPQ threadId=23 msg=104]
2026-09-29 15:51:14,837 INFO  [22] com.example.mqproducer.ProducerWorker - Sent destination=APPQ threadId=22 msg=105 body=[destination=APPQ threadId=22 msg=105]
2026-09-29 15:51:14,882 INFO  [23] com.example.mqproducer.ProducerWorker - Sent destination=APPQ threadId=23 msg=105 body=[destination=APPQ threadId=23 msg=105]
2026-09-29 15:51:15,853 INFO  [22] com.example.mqproducer.ProducerWorker - Sent destination=APPQ threadId=22 msg=106 body=[destination=APPQ threadId=22 msg=106]
2026-09-29 15:51:15,898 INFO  [23] com.example.mqproducer.ProducerWorker - Sent destination=APPQ threadId=23 msg=106 body=[destination=APPQ threadId=23 msg=106]
2026-09-29 15:51:16,869 INFO  [22] com.example.mqproducer.ProducerWorker - Sent destination=APPQ threadId=22 msg=107 body=[destination=APPQ threadId=22 msg=107]
2026-09-29 15:51:16,915 INFO  [23] com.example.mqproducer.ProducerWorker - Sent destination=APPQ threadId=23 msg=107 body=[destination=APPQ threadId=23 msg=107]
2026-09-29 15:51:17,890 INFO  [22] com.example.mqproducer.ProducerWorker - Sent destination=APPQ threadId=22 msg=108 body=[destination=APPQ threadId=22 msg=108]
2026-09-29 15:51:17,929 INFO  [23] com.example.mqproducer.ProducerWorker - Sent destination=APPQ threadId=23 msg=108 body=[destination=APPQ threadId=23 msg=108]
2026-09-29 15:51:18,903 INFO  [22] com.example.mqproducer.ProducerWorker - Sent destination=APPQ threadId=22 msg=109 body=[destination=APPQ threadId=22 msg=109]
2026-09-29 15:51:18,947 INFO  [23] com.example.mqproducer.ProducerWorker - Sent destination=APPQ threadId=23 msg=109 body=[destination=APPQ threadId=23 msg=109]
2026-09-29 15:51:19,918 INFO  [22] com.example.mqproducer.ProducerWorker - Sent destination=APPQ threadId=22 msg=110 body=[destination=APPQ threadId=22 msg=110]
2026-09-29 15:51:19,960 INFO  [23] com.example.mqproducer.ProducerWorker - Sent destination=APPQ threadId=23 msg=110 body=[destination=APPQ threadId=23 msg=110]
2026-09-29 15:51:20,931 INFO  [22] com.example.mqproducer.ProducerWorker - Sent destination=APPQ threadId=22 msg=111 body=[destination=APPQ threadId=22 msg=111]
2026-09-29 15:51:20,978 INFO  [23] com.example.mqproducer.ProducerWorker - Sent destination=APPQ threadId=23 msg=111 body=[destination=APPQ threadId=23 msg=111]
2026-09-29 15:51:21,946 INFO  [22] com.example.mqproducer.ProducerWorker - Sent destination=APPQ threadId=22 msg=112 body=[destination=APPQ threadId=22 msg=112]
2026-09-29 15:51:21,991 INFO  [23] com.example.mqproducer.ProducerWorker - Sent destination=APPQ threadId=23 msg=112 body=[destination=APPQ threadId=23 msg=112]
2026-09-29 15:51:22,961 INFO  [22] com.example.mqproducer.ProducerWorker - Sent destination=APPQ threadId=22 msg=113 body=[destination=APPQ threadId=22 msg=113]
2026-09-29 15:51:23,006 INFO  [23] com.example.mqproducer.ProducerWorker - Sent destination=APPQ threadId=23 msg=113 body=[destination=APPQ threadId=23 msg=113]
2026-09-29 15:51:23,974 INFO  [22] com.example.mqproducer.ProducerWorker - Sent destination=APPQ threadId=22 msg=114 body=[destination=APPQ threadId=22 msg=114]
2026-09-29 15:51:24,022 INFO  [23] com.example.mqproducer.ProducerWorker - Sent destination=APPQ threadId=23 msg=114 body=[destination=APPQ threadId=23 msg=114]
2026-09-29 15:51:24,977 INFO  [22] com.example.mqproducer.ProducerWorker - Sent destination=APPQ threadId=22 msg=115 body=[destination=APPQ threadId=22 msg=115]
2026-09-29 15:51:25,041 INFO  [23] com.example.mqproducer.ProducerWorker - Sent destination=APPQ threadId=23 msg=115 body=[destination=APPQ threadId=23 msg=115]
2026-09-29 15:51:25,993 INFO  [22] com.example.mqproducer.ProducerWorker - Sent destination=APPQ threadId=22 msg=116 body=[destination=APPQ threadId=22 msg=116]
2026-09-29 15:51:26,056 INFO  [23] com.example.mqproducer.ProducerWorker - Sent destination=APPQ threadId=23 msg=116 body=[destination=APPQ threadId=23 msg=116]
2026-09-29 15:51:27,007 INFO  [22] com.example.mqproducer.ProducerWorker - Sent destination=APPQ threadId=22 msg=117 body=[destination=APPQ threadId=22 msg=117]
2026-09-29 15:51:27,070 INFO  [23] com.example.mqproducer.ProducerWorker - Sent destination=APPQ threadId=23 msg=117 body=[destination=APPQ threadId=23 msg=117]
2026-09-29 15:51:28,022 INFO  [22] com.example.mqproducer.ProducerWorker - Sent destination=APPQ threadId=22 msg=118 body=[destination=APPQ threadId=22 msg=118]
2026-09-29 15:51:28,086 INFO  [23] com.example.mqproducer.ProducerWorker - Sent destination=APPQ threadId=23 msg=118 body=[destination=APPQ threadId=23 msg=118]
2026-09-29 15:51:29,038 INFO  [22] com.example.mqproducer.ProducerWorker - Sent destination=APPQ threadId=22 msg=119 body=[destination=APPQ threadId=22 msg=119]
2026-09-29 15:51:29,100 INFO  [23] com.example.mqproducer.ProducerWorker - Sent destination=APPQ threadId=23 msg=119 body=[destination=APPQ threadId=23 msg=119]
2026-09-29 15:51:30,040 INFO  [22] com.example.mqproducer.ProducerWorker - Sent destination=APPQ threadId=22 msg=120 body=[destination=APPQ threadId=22 msg=120]
2026-09-29 15:51:30,103 INFO  [23] com.example.mqproducer.ProducerWorker - Sent destination=APPQ threadId=23 msg=120 body=[destination=APPQ threadId=23 msg=120]
2026-09-29 15:51:31,059 INFO  [22] com.example.mqproducer.ProducerWorker - Sent destination=APPQ threadId=22 msg=121 body=[destination=APPQ threadId=22 msg=121]
2026-09-29 15:51:31,118 INFO  [23] com.example.mqproducer.ProducerWorker - Sent destination=APPQ threadId=23 msg=121 body=[destination=APPQ threadId=23 msg=121]
2026-09-29 15:51:32,074 INFO  [22] com.example.mqproducer.ProducerWorker - Sent destination=APPQ threadId=22 msg=122 body=[destination=APPQ threadId=22 msg=122]
2026-09-29 15:51:32,133 INFO  [23] com.example.mqproducer.ProducerWorker - Sent destination=APPQ threadId=23 msg=122 body=[destination=APPQ threadId=23 msg=122]
2026-09-29 15:51:33,085 INFO  [22] com.example.mqproducer.ProducerWorker - Sent destination=APPQ threadId=22 msg=123 body=[destination=APPQ threadId=22 msg=123]
2026-09-29 15:51:33,152 INFO  [23] com.example.mqproducer.ProducerWorker - Sent destination=APPQ threadId=23 msg=123 body=[destination=APPQ threadId=23 msg=123]
2026-09-29 15:51:34,103 INFO  [22] com.example.mqproducer.ProducerWorker - Sent destination=APPQ threadId=22 msg=124 body=[destination=APPQ threadId=22 msg=124]
2026-09-29 15:51:34,171 INFO  [23] com.example.mqproducer.ProducerWorker - Sent destination=APPQ threadId=23 msg=124 body=[destination=APPQ threadId=23 msg=124]
2026-09-29 15:51:35,121 INFO  [22] com.example.mqproducer.ProducerWorker - Sent destination=APPQ threadId=22 msg=125 body=[destination=APPQ threadId=22 msg=125]
2026-09-29 15:51:35,182 INFO  [23] com.example.mqproducer.ProducerWorker - Sent destination=APPQ threadId=23 msg=125 body=[destination=APPQ threadId=23 msg=125]
2026-09-29 15:51:36,135 INFO  [22] com.example.mqproducer.ProducerWorker - Sent destination=APPQ threadId=22 msg=126 body=[destination=APPQ threadId=22 msg=126]
2026-09-29 15:51:36,198 INFO  [23] com.example.mqproducer.ProducerWorker - Sent destination=APPQ threadId=23 msg=126 body=[destination=APPQ threadId=23 msg=126]
2026-09-29 15:51:37,148 INFO  [22] com.example.mqproducer.ProducerWorker - Sent destination=APPQ threadId=22 msg=127 body=[destination=APPQ threadId=22 msg=127]
2026-09-29 15:51:37,214 INFO  [23] com.example.mqproducer.ProducerWorker - Sent destination=APPQ threadId=23 msg=127 body=[destination=APPQ threadId=23 msg=127]
2026-09-29 15:51:38,154 INFO  [22] com.example.mqproducer.ProducerWorker - Sent destination=APPQ threadId=22 msg=128 body=[destination=APPQ threadId=22 msg=128]
2026-09-29 15:51:38,216 INFO  [23] com.example.mqproducer.ProducerWorker - Sent destination=APPQ threadId=23 msg=128 body=[destination=APPQ threadId=23 msg=128]
2026-09-29 15:51:39,166 INFO  [22] com.example.mqproducer.ProducerWorker - Sent destination=APPQ threadId=22 msg=129 body=[destination=APPQ threadId=22 msg=129]
2026-09-29 15:51:39,228 INFO  [23] com.example.mqproducer.ProducerWorker - Sent destination=APPQ threadId=23 msg=129 body=[destination=APPQ threadId=23 msg=129]
2026-09-29 15:51:40,182 INFO  [22] com.example.mqproducer.ProducerWorker - Sent destination=APPQ threadId=22 msg=130 body=[destination=APPQ threadId=22 msg=130]
2026-09-29 15:51:40,245 INFO  [23] com.example.mqproducer.ProducerWorker - Sent destination=APPQ threadId=23 msg=130 body=[destination=APPQ threadId=23 msg=130]
2026-09-29 15:51:41,198 INFO  [22] com.example.mqproducer.ProducerWorker - Sent destination=APPQ threadId=22 msg=131 body=[destination=APPQ threadId=22 msg=131]
2026-09-29 15:51:41,262 INFO  [23] com.example.mqproducer.ProducerWorker - Sent destination=APPQ threadId=23 msg=131 body=[destination=APPQ threadId=23 msg=131]
2026-09-29 15:51:42,214 INFO  [22] com.example.mqproducer.ProducerWorker - Sent destination=APPQ threadId=22 msg=132 body=[destination=APPQ threadId=22 msg=132]
2026-09-29 15:51:42,272 INFO  [23] com.example.mqproducer.ProducerWorker - Sent destination=APPQ threadId=23 msg=132 body=[destination=APPQ threadId=23 msg=132]
2026-09-29 15:51:43,217 INFO  [22] com.example.mqproducer.ProducerWorker - Sent destination=APPQ threadId=22 msg=133 body=[destination=APPQ threadId=22 msg=133]
2026-09-29 15:51:43,276 INFO  [23] com.example.mqproducer.ProducerWorker - Sent destination=APPQ threadId=23 msg=133 body=[destination=APPQ threadId=23 msg=133]
2026-09-29 15:51:44,227 INFO  [22] com.example.mqproducer.ProducerWorker - Sent destination=APPQ threadId=22 msg=134 body=[destination=APPQ threadId=22 msg=134]
2026-09-29 15:51:44,295 INFO  [23] com.example.mqproducer.ProducerWorker - Sent destination=APPQ threadId=23 msg=134 body=[destination=APPQ threadId=23 msg=134]
2026-09-29 15:51:45,244 INFO  [22] com.example.mqproducer.ProducerWorker - Sent destination=APPQ threadId=22 msg=135 body=[destination=APPQ threadId=22 msg=135]
2026-09-29 15:51:45,309 INFO  [23] com.example.mqproducer.ProducerWorker - Sent destination=APPQ threadId=23 msg=135 body=[destination=APPQ threadId=23 msg=135]
2026-09-29 15:51:46,256 INFO  [22] com.example.mqproducer.ProducerWorker - Sent destination=APPQ threadId=22 msg=136 body=[destination=APPQ threadId=22 msg=136]
2026-09-29 15:51:46,313 INFO  [23] com.example.mqproducer.ProducerWorker - Sent destination=APPQ threadId=23 msg=136 body=[destination=APPQ threadId=23 msg=136]
2026-09-29 15:51:47,277 INFO  [22] com.example.mqproducer.ProducerWorker - Sent destination=APPQ threadId=22 msg=137 body=[destination=APPQ threadId=22 msg=137]
2026-09-29 15:51:47,324 INFO  [23] com.example.mqproducer.ProducerWorker - Sent destination=APPQ threadId=23 msg=137 body=[destination=APPQ threadId=23 msg=137]
2026-09-29 15:51:48,293 INFO  [22] com.example.mqproducer.ProducerWorker - Sent destination=APPQ threadId=22 msg=138 body=[destination=APPQ threadId=22 msg=138]
2026-09-29 15:51:48,338 INFO  [23] com.example.mqproducer.ProducerWorker - Sent destination=APPQ threadId=23 msg=138 body=[destination=APPQ threadId=23 msg=138]
2026-09-29 15:51:49,309 INFO  [22] com.example.mqproducer.ProducerWorker - Sent destination=APPQ threadId=22 msg=139 body=[destination=APPQ threadId=22 msg=139]
2026-09-29 15:51:49,353 INFO  [23] com.example.mqproducer.ProducerWorker - Sent destination=APPQ threadId=23 msg=139 body=[destination=APPQ threadId=23 msg=139]
2026-09-29 15:51:50,323 INFO  [22] com.example.mqproducer.ProducerWorker - Sent destination=APPQ threadId=22 msg=140 body=[destination=APPQ threadId=22 msg=140]
2026-09-29 15:51:50,369 INFO  [23] com.example.mqproducer.ProducerWorker - Sent destination=APPQ threadId=23 msg=140 body=[destination=APPQ threadId=23 msg=140]
2026-09-29 15:51:51,339 INFO  [22] com.example.mqproducer.ProducerWorker - Sent destination=APPQ threadId=22 msg=141 body=[destination=APPQ threadId=22 msg=141]
2026-09-29 15:51:51,386 INFO  [23] com.example.mqproducer.ProducerWorker - Sent destination=APPQ threadId=23 msg=141 body=[destination=APPQ threadId=23 msg=141]
2026-09-29 15:51:52,357 INFO  [22] com.example.mqproducer.ProducerWorker - Sent destination=APPQ threadId=22 msg=142 body=[destination=APPQ threadId=22 msg=142]
2026-09-29 15:51:52,397 INFO  [23] com.example.mqproducer.ProducerWorker - Sent destination=APPQ threadId=23 msg=142 body=[destination=APPQ threadId=23 msg=142]
2026-09-29 15:51:53,367 INFO  [22] com.example.mqproducer.ProducerWorker - Sent destination=APPQ threadId=22 msg=143 body=[destination=APPQ threadId=22 msg=143]
2026-09-29 15:51:53,402 INFO  [23] com.example.mqproducer.ProducerWorker - Sent destination=APPQ threadId=23 msg=143 body=[destination=APPQ threadId=23 msg=143]
2026-09-29 15:51:54,372 INFO  [22] com.example.mqproducer.ProducerWorker - Sent destination=APPQ threadId=22 msg=144 body=[destination=APPQ threadId=22 msg=144]
2026-09-29 15:51:54,419 INFO  [23] com.example.mqproducer.ProducerWorker - Sent destination=APPQ threadId=23 msg=144 body=[destination=APPQ threadId=23 msg=144]
2026-09-29 15:51:55,387 INFO  [22] com.example.mqproducer.ProducerWorker - Sent destination=APPQ threadId=22 msg=145 body=[destination=APPQ threadId=22 msg=145]
2026-09-29 15:51:55,432 INFO  [23] com.example.mqproducer.ProducerWorker - Sent destination=APPQ threadId=23 msg=145 body=[destination=APPQ threadId=23 msg=145]
2026-09-29 15:51:56,401 INFO  [22] com.example.mqproducer.ProducerWorker - Sent destination=APPQ threadId=22 msg=146 body=[destination=APPQ threadId=22 msg=146]
2026-09-29 15:51:56,448 INFO  [23] com.example.mqproducer.ProducerWorker - Sent destination=APPQ threadId=23 msg=146 body=[destination=APPQ threadId=23 msg=146]
2026-09-29 15:51:57,420 INFO  [22] com.example.mqproducer.ProducerWorker - Sent destination=APPQ threadId=22 msg=147 body=[destination=APPQ threadId=22 msg=147]
2026-09-29 15:51:57,467 INFO  [23] com.example.mqproducer.ProducerWorker - Sent destination=APPQ threadId=23 msg=147 body=[destination=APPQ threadId=23 msg=147]
2026-09-29 15:51:58,431 INFO  [22] com.example.mqproducer.ProducerWorker - Sent destination=APPQ threadId=22 msg=148 body=[destination=APPQ threadId=22 msg=148]
2026-09-29 15:51:58,479 INFO  [23] com.example.mqproducer.ProducerWorker - Sent destination=APPQ threadId=23 msg=148 body=[destination=APPQ threadId=23 msg=148]
2026-09-29 15:51:59,448 INFO  [22] com.example.mqproducer.ProducerWorker - Sent destination=APPQ threadId=22 msg=149 body=[destination=APPQ threadId=22 msg=149]
2026-09-29 15:51:59,496 INFO  [23] com.example.mqproducer.ProducerWorker - Sent destination=APPQ threadId=23 msg=149 body=[destination=APPQ threadId=23 msg=149]
2026-09-29 15:52:00,465 INFO  [22] com.example.mqproducer.ProducerWorker - Sent destination=APPQ threadId=22 msg=150 body=[destination=APPQ threadId=22 msg=150]
2026-09-29 15:52:00,511 INFO  [23] com.example.mqproducer.ProducerWorker - Sent destination=APPQ threadId=23 msg=150 body=[destination=APPQ threadId=23 msg=150]
2026-09-29 15:52:01,490 INFO  [22] com.example.mqproducer.ProducerWorker - Producer thread 22 finished
2026-09-29 15:52:01,528 INFO  [23] com.example.mqproducer.ProducerWorker - Producer thread 23 finished
2026-09-29 15:52:01,529 INFO  [1] com.example.mqproducer.Main - All producer threads finished — 300 messages sent — program exiting
2026-09-29 15:54:58,793 INFO  [1] com.example.mqproducer.Main - Starting MQ producer harness — threads=2  messagesPerThread=150  totalMessages=300  queue=APPQ
2026-09-29 15:54:58,799 INFO  [22] com.example.mqproducer.ProducerWorker - Producer 1 starting
2026-09-29 15:54:58,800 INFO  [23] com.example.mqproducer.ProducerWorker - Producer 2 starting
2026-09-29 15:54:58,843 FINER [22] javax.management.mbeanserver - ObjectName = JMImplementation:type=MBeanServerDelegate
2026-09-29 15:54:58,844 FINER [22] javax.management.mbeanserver - name = JMImplementation:type=MBeanServerDelegate
2026-09-29 15:54:58,844 FINER [22] javax.management.mbeanserver - Send create notification of object JMImplementation:type=MBeanServerDelegate
2026-09-29 15:54:58,847 FINER [22] javax.management.mbeanserver - JMX.mbean.registered JMImplementation:type=MBeanServerDelegate
2026-09-29 15:54:58,857 FINER [22] javax.management.misc - Building MBeanInfo for sun.management.RuntimeImpl
2026-09-29 15:54:58,857 FINER [22] javax.management.mbeanserver - ObjectName = java.lang:type=Runtime
2026-09-29 15:54:58,857 FINER [22] javax.management.mbeanserver - name = java.lang:type=Runtime
2026-09-29 15:54:58,857 FINER [22] javax.management.mbeanserver - Send create notification of object java.lang:type=Runtime
2026-09-29 15:54:58,857 FINER [22] javax.management.mbeanserver - JMX.mbean.registered java.lang:type=Runtime
2026-09-29 15:54:58,860 FINER [22] javax.management.misc - Building MBeanInfo for com.sun.management.internal.HotSpotThreadImpl
2026-09-29 15:54:58,861 FINER [22] javax.management.mbeanserver - ObjectName = java.lang:type=Threading
2026-09-29 15:54:58,861 FINER [22] javax.management.mbeanserver - name = java.lang:type=Threading
2026-09-29 15:54:58,861 FINER [22] javax.management.mbeanserver - Send create notification of object java.lang:type=Threading
2026-09-29 15:54:58,861 FINER [22] javax.management.mbeanserver - JMX.mbean.registered java.lang:type=Threading
2026-09-29 15:54:58,868 FINER [22] javax.management.misc - Building MBeanInfo for com.sun.management.internal.OperatingSystemImpl
2026-09-29 15:54:58,868 FINER [22] javax.management.mbeanserver - ObjectName = java.lang:type=OperatingSystem
2026-09-29 15:54:58,868 FINER [22] javax.management.mbeanserver - name = java.lang:type=OperatingSystem
2026-09-29 15:54:58,868 FINER [22] javax.management.mbeanserver - Send create notification of object java.lang:type=OperatingSystem
2026-09-29 15:54:58,868 FINER [22] javax.management.mbeanserver - JMX.mbean.registered java.lang:type=OperatingSystem
2026-09-29 15:54:58,870 FINER [22] javax.management.misc - Building MBeanInfo for sun.management.MemoryManagerImpl
2026-09-29 15:54:58,870 FINER [22] javax.management.mbeanserver - ObjectName = java.lang:name=CodeCacheManager,type=MemoryManager
2026-09-29 15:54:58,870 FINER [22] javax.management.mbeanserver - name = java.lang:name=CodeCacheManager,type=MemoryManager
2026-09-29 15:54:58,870 FINER [22] javax.management.mbeanserver - Send create notification of object java.lang:name=CodeCacheManager,type=MemoryManager
2026-09-29 15:54:58,871 FINER [22] javax.management.mbeanserver - JMX.mbean.registered java.lang:name=CodeCacheManager,type=MemoryManager
2026-09-29 15:54:58,871 FINER [22] javax.management.misc - Building MBeanInfo for sun.management.MemoryManagerImpl
2026-09-29 15:54:58,871 FINER [22] javax.management.mbeanserver - ObjectName = java.lang:name=Metaspace Manager,type=MemoryManager
2026-09-29 15:54:58,871 FINER [22] javax.management.mbeanserver - name = java.lang:name=Metaspace Manager,type=MemoryManager
2026-09-29 15:54:58,871 FINER [22] javax.management.mbeanserver - Send create notification of object java.lang:name=Metaspace Manager,type=MemoryManager
2026-09-29 15:54:58,871 FINER [22] javax.management.mbeanserver - JMX.mbean.registered java.lang:name=Metaspace Manager,type=MemoryManager
2026-09-29 15:54:58,874 FINER [22] javax.management.misc - Building MBeanInfo for sun.management.MemoryPoolImpl
2026-09-29 15:54:58,874 FINER [22] javax.management.mbeanserver - ObjectName = java.lang:name=CodeHeap 'non-nmethods',type=MemoryPool
2026-09-29 15:54:58,874 FINER [22] javax.management.mbeanserver - name = java.lang:name=CodeHeap 'non-nmethods',type=MemoryPool
2026-09-29 15:54:58,874 FINER [22] javax.management.mbeanserver - Send create notification of object java.lang:name=CodeHeap 'non-nmethods',type=MemoryPool
2026-09-29 15:54:58,874 FINER [22] javax.management.mbeanserver - JMX.mbean.registered java.lang:name=CodeHeap 'non-nmethods',type=MemoryPool
2026-09-29 15:54:58,874 FINER [22] javax.management.misc - Building MBeanInfo for sun.management.MemoryPoolImpl
2026-09-29 15:54:58,874 FINER [22] javax.management.mbeanserver - ObjectName = java.lang:name=Metaspace,type=MemoryPool
2026-09-29 15:54:58,874 FINER [22] javax.management.mbeanserver - name = java.lang:name=Metaspace,type=MemoryPool
2026-09-29 15:54:58,874 FINER [22] javax.management.mbeanserver - Send create notification of object java.lang:name=Metaspace,type=MemoryPool
2026-09-29 15:54:58,874 FINER [22] javax.management.mbeanserver - JMX.mbean.registered java.lang:name=Metaspace,type=MemoryPool
2026-09-29 15:54:58,874 FINER [22] javax.management.misc - Building MBeanInfo for sun.management.MemoryPoolImpl
2026-09-29 15:54:58,874 FINER [22] javax.management.mbeanserver - ObjectName = java.lang:name=CodeHeap 'profiled nmethods',type=MemoryPool
2026-09-29 15:54:58,875 FINER [22] javax.management.mbeanserver - name = java.lang:name=CodeHeap 'profiled nmethods',type=MemoryPool
2026-09-29 15:54:58,875 FINER [22] javax.management.mbeanserver - Send create notification of object java.lang:name=CodeHeap 'profiled nmethods',type=MemoryPool
2026-09-29 15:54:58,875 FINER [22] javax.management.mbeanserver - JMX.mbean.registered java.lang:name=CodeHeap 'profiled nmethods',type=MemoryPool
2026-09-29 15:54:58,875 FINER [22] javax.management.misc - Building MBeanInfo for sun.management.MemoryPoolImpl
2026-09-29 15:54:58,875 FINER [22] javax.management.mbeanserver - ObjectName = java.lang:name=Compressed Class Space,type=MemoryPool
2026-09-29 15:54:58,875 FINER [22] javax.management.mbeanserver - name = java.lang:name=Compressed Class Space,type=MemoryPool
2026-09-29 15:54:58,875 FINER [22] javax.management.mbeanserver - Send create notification of object java.lang:name=Compressed Class Space,type=MemoryPool
2026-09-29 15:54:58,875 FINER [22] javax.management.mbeanserver - JMX.mbean.registered java.lang:name=Compressed Class Space,type=MemoryPool
2026-09-29 15:54:58,875 FINER [22] javax.management.misc - Building MBeanInfo for sun.management.MemoryPoolImpl
2026-09-29 15:54:58,875 FINER [22] javax.management.mbeanserver - ObjectName = java.lang:name=G1 Eden Space,type=MemoryPool
2026-09-29 15:54:58,875 FINER [22] javax.management.mbeanserver - name = java.lang:name=G1 Eden Space,type=MemoryPool
2026-09-29 15:54:58,875 FINER [22] javax.management.mbeanserver - Send create notification of object java.lang:name=G1 Eden Space,type=MemoryPool
2026-09-29 15:54:58,875 FINER [22] javax.management.mbeanserver - JMX.mbean.registered java.lang:name=G1 Eden Space,type=MemoryPool
2026-09-29 15:54:58,875 FINER [22] javax.management.misc - Building MBeanInfo for sun.management.MemoryPoolImpl
2026-09-29 15:54:58,875 FINER [22] javax.management.mbeanserver - ObjectName = java.lang:name=G1 Old Gen,type=MemoryPool
2026-09-29 15:54:58,875 FINER [22] javax.management.mbeanserver - name = java.lang:name=G1 Old Gen,type=MemoryPool
2026-09-29 15:54:58,876 FINER [22] javax.management.mbeanserver - Send create notification of object java.lang:name=G1 Old Gen,type=MemoryPool
2026-09-29 15:54:58,876 FINER [22] javax.management.mbeanserver - JMX.mbean.registered java.lang:name=G1 Old Gen,type=MemoryPool
2026-09-29 15:54:58,876 FINER [22] javax.management.misc - Building MBeanInfo for sun.management.MemoryPoolImpl
2026-09-29 15:54:58,876 FINER [22] javax.management.mbeanserver - ObjectName = java.lang:name=G1 Survivor Space,type=MemoryPool
2026-09-29 15:54:58,876 FINER [22] javax.management.mbeanserver - name = java.lang:name=G1 Survivor Space,type=MemoryPool
2026-09-29 15:54:58,876 FINER [22] javax.management.mbeanserver - Send create notification of object java.lang:name=G1 Survivor Space,type=MemoryPool
2026-09-29 15:54:58,876 FINER [22] javax.management.mbeanserver - JMX.mbean.registered java.lang:name=G1 Survivor Space,type=MemoryPool
2026-09-29 15:54:58,876 FINER [22] javax.management.misc - Building MBeanInfo for sun.management.MemoryPoolImpl
2026-09-29 15:54:58,876 FINER [22] javax.management.mbeanserver - ObjectName = java.lang:name=CodeHeap 'non-profiled nmethods',type=MemoryPool
2026-09-29 15:54:58,876 FINER [22] javax.management.mbeanserver - name = java.lang:name=CodeHeap 'non-profiled nmethods',type=MemoryPool
2026-09-29 15:54:58,876 FINER [22] javax.management.mbeanserver - Send create notification of object java.lang:name=CodeHeap 'non-profiled nmethods',type=MemoryPool
2026-09-29 15:54:58,877 FINER [22] javax.management.mbeanserver - JMX.mbean.registered java.lang:name=CodeHeap 'non-profiled nmethods',type=MemoryPool
2026-09-29 15:54:58,877 FINER [22] javax.management.misc - Building MBeanInfo for sun.management.CompilationImpl
2026-09-29 15:54:58,877 FINER [22] javax.management.mbeanserver - ObjectName = java.lang:type=Compilation
2026-09-29 15:54:58,877 FINER [22] javax.management.mbeanserver - name = java.lang:type=Compilation
2026-09-29 15:54:58,877 FINER [22] javax.management.mbeanserver - Send create notification of object java.lang:type=Compilation
2026-09-29 15:54:58,877 FINER [22] javax.management.mbeanserver - JMX.mbean.registered java.lang:type=Compilation
2026-09-29 15:54:58,878 FINER [22] javax.management.misc - Building MBeanInfo for sun.management.MemoryImpl
2026-09-29 15:54:58,878 FINER [22] javax.management.mbeanserver - ObjectName = java.lang:type=Memory
2026-09-29 15:54:58,878 FINER [22] javax.management.mbeanserver - name = java.lang:type=Memory
2026-09-29 15:54:58,878 FINER [22] javax.management.mbeanserver - Send create notification of object java.lang:type=Memory
2026-09-29 15:54:58,878 FINER [22] javax.management.mbeanserver - JMX.mbean.registered java.lang:type=Memory
2026-09-29 15:54:58,879 FINER [22] javax.management.misc - Building MBeanInfo for sun.management.ManagementFactoryHelper$PlatformLoggingImpl
2026-09-29 15:54:58,879 FINER [22] javax.management.mbeanserver - ObjectName = java.util.logging:type=Logging
2026-09-29 15:54:58,879 FINER [22] javax.management.mbeanserver - name = java.util.logging:type=Logging
2026-09-29 15:54:58,879 FINER [22] javax.management.mbeanserver - Send create notification of object java.util.logging:type=Logging
2026-09-29 15:54:58,879 FINER [22] javax.management.mbeanserver - JMX.mbean.registered java.util.logging:type=Logging
2026-09-29 15:54:58,879 FINER [22] javax.management.misc - Building MBeanInfo for sun.management.ClassLoadingImpl
2026-09-29 15:54:58,880 FINER [22] javax.management.mbeanserver - ObjectName = java.lang:type=ClassLoading
2026-09-29 15:54:58,880 FINER [22] javax.management.mbeanserver - name = java.lang:type=ClassLoading
2026-09-29 15:54:58,880 FINER [22] javax.management.mbeanserver - Send create notification of object java.lang:type=ClassLoading
2026-09-29 15:54:58,880 FINER [22] javax.management.mbeanserver - JMX.mbean.registered java.lang:type=ClassLoading
2026-09-29 15:54:58,921 FINER [22] javax.management.mbeanserver - ObjectName = com.sun.management:type=DiagnosticCommand
2026-09-29 15:54:58,921 FINER [22] javax.management.mbeanserver - name = com.sun.management:type=DiagnosticCommand
2026-09-29 15:54:58,921 FINER [22] javax.management.mbeanserver - Send create notification of object com.sun.management:type=DiagnosticCommand
2026-09-29 15:54:58,921 FINER [22] javax.management.mbeanserver - JMX.mbean.registered com.sun.management:type=DiagnosticCommand
2026-09-29 15:54:58,922 FINER [22] javax.management.misc - Building MBeanInfo for com.sun.management.internal.GarbageCollectorExtImpl
2026-09-29 15:54:58,922 FINER [22] javax.management.mbeanserver - ObjectName = java.lang:name=G1 Young Generation,type=GarbageCollector
2026-09-29 15:54:58,922 FINER [22] javax.management.mbeanserver - name = java.lang:name=G1 Young Generation,type=GarbageCollector
2026-09-29 15:54:58,923 FINER [22] javax.management.mbeanserver - Send create notification of object java.lang:name=G1 Young Generation,type=GarbageCollector
2026-09-29 15:54:58,923 FINER [22] javax.management.mbeanserver - JMX.mbean.registered java.lang:name=G1 Young Generation,type=GarbageCollector
2026-09-29 15:54:58,923 FINER [22] javax.management.misc - Building MBeanInfo for com.sun.management.internal.GarbageCollectorExtImpl
2026-09-29 15:54:58,923 FINER [22] javax.management.mbeanserver - ObjectName = java.lang:name=G1 Concurrent GC,type=GarbageCollector
2026-09-29 15:54:58,923 FINER [22] javax.management.mbeanserver - name = java.lang:name=G1 Concurrent GC,type=GarbageCollector
2026-09-29 15:54:58,923 FINER [22] javax.management.mbeanserver - Send create notification of object java.lang:name=G1 Concurrent GC,type=GarbageCollector
2026-09-29 15:54:58,923 FINER [22] javax.management.mbeanserver - JMX.mbean.registered java.lang:name=G1 Concurrent GC,type=GarbageCollector
2026-09-29 15:54:58,923 FINER [22] javax.management.misc - Building MBeanInfo for com.sun.management.internal.GarbageCollectorExtImpl
2026-09-29 15:54:58,923 FINER [22] javax.management.mbeanserver - ObjectName = java.lang:name=G1 Old Generation,type=GarbageCollector
2026-09-29 15:54:58,923 FINER [22] javax.management.mbeanserver - name = java.lang:name=G1 Old Generation,type=GarbageCollector
2026-09-29 15:54:58,923 FINER [22] javax.management.mbeanserver - Send create notification of object java.lang:name=G1 Old Generation,type=GarbageCollector
2026-09-29 15:54:58,923 FINER [22] javax.management.mbeanserver - JMX.mbean.registered java.lang:name=G1 Old Generation,type=GarbageCollector
2026-09-29 15:54:58,925 FINER [22] javax.management.misc - Building MBeanInfo for com.sun.management.internal.HotSpotDiagnostic
2026-09-29 15:54:58,925 FINER [22] javax.management.mbeanserver - ObjectName = com.sun.management:type=HotSpotDiagnostic
2026-09-29 15:54:58,925 FINER [22] javax.management.mbeanserver - name = com.sun.management:type=HotSpotDiagnostic
2026-09-29 15:54:58,925 FINER [22] javax.management.mbeanserver - Send create notification of object com.sun.management:type=HotSpotDiagnostic
2026-09-29 15:54:58,925 FINER [22] javax.management.mbeanserver - JMX.mbean.registered com.sun.management:type=HotSpotDiagnostic
2026-09-29 15:54:58,928 FINER [22] javax.management.misc - Building MBeanInfo for sun.management.ManagementFactoryHelper$1
2026-09-29 15:54:58,928 FINER [22] javax.management.mbeanserver - ObjectName = java.nio:name=mapped,type=BufferPool
2026-09-29 15:54:58,928 FINER [22] javax.management.mbeanserver - name = java.nio:name=mapped,type=BufferPool
2026-09-29 15:54:58,928 FINER [22] javax.management.mbeanserver - Send create notification of object java.nio:name=mapped,type=BufferPool
2026-09-29 15:54:58,928 FINER [22] javax.management.mbeanserver - JMX.mbean.registered java.nio:name=mapped,type=BufferPool
2026-09-29 15:54:58,928 FINER [22] javax.management.misc - Building MBeanInfo for sun.management.ManagementFactoryHelper$1
2026-09-29 15:54:58,929 FINER [22] javax.management.mbeanserver - ObjectName = java.nio:name=direct,type=BufferPool
2026-09-29 15:54:58,929 FINER [22] javax.management.mbeanserver - name = java.nio:name=direct,type=BufferPool
2026-09-29 15:54:58,929 FINER [22] javax.management.mbeanserver - Send create notification of object java.nio:name=direct,type=BufferPool
2026-09-29 15:54:58,929 FINER [22] javax.management.mbeanserver - JMX.mbean.registered java.nio:name=direct,type=BufferPool
2026-09-29 15:54:58,929 FINER [22] javax.management.misc - Building MBeanInfo for sun.management.ManagementFactoryHelper$1
2026-09-29 15:54:58,929 FINER [22] javax.management.mbeanserver - ObjectName = java.nio:name=mapped - 'non-volatile memory',type=BufferPool
2026-09-29 15:54:58,929 FINER [22] javax.management.mbeanserver - name = java.nio:name=mapped - 'non-volatile memory',type=BufferPool
2026-09-29 15:54:58,929 FINER [22] javax.management.mbeanserver - Send create notification of object java.nio:name=mapped - 'non-volatile memory',type=BufferPool
2026-09-29 15:54:58,930 FINER [22] javax.management.mbeanserver - JMX.mbean.registered java.nio:name=mapped - 'non-volatile memory',type=BufferPool
2026-09-29 15:54:58,934 FINER [22] javax.management.misc - Building MBeanInfo for jdk.management.jfr.FlightRecorderMXBeanImpl
2026-09-29 15:54:58,937 FINER [22] javax.management.mbeanserver - ObjectName = jdk.management.jfr:type=FlightRecorder
2026-09-29 15:54:58,938 FINER [22] javax.management.mbeanserver - name = jdk.management.jfr:type=FlightRecorder
2026-09-29 15:54:58,938 FINER [22] javax.management.mbeanserver - Send create notification of object jdk.management.jfr:type=FlightRecorder
2026-09-29 15:54:58,938 FINER [22] javax.management.mbeanserver - JMX.mbean.registered jdk.management.jfr:type=FlightRecorder
2026-09-29 15:54:58,939 FINER [22] javax.management.misc - Building MBeanInfo for com.ibm.msg.client.commonservices.propertystore.PropertyStoreControlImpl
2026-09-29 15:54:58,939 FINER [22] javax.management.mbeanserver - ObjectName = IBM MQ:type=CommonServices,name=PropertyStoreControl
2026-09-29 15:54:58,939 FINER [22] javax.management.mbeanserver - name = IBM MQ:type=CommonServices,name=PropertyStoreControl
2026-09-29 15:54:58,939 FINER [22] javax.management.mbeanserver - Send create notification of object IBM MQ:name=PropertyStoreControl,type=CommonServices
2026-09-29 15:54:58,939 FINER [22] javax.management.mbeanserver - JMX.mbean.registered IBM MQ:type=CommonServices,name=PropertyStoreControl
2026-09-29 15:54:58,966 FINER [22] javax.management.misc - Building MBeanInfo for com.ibm.msg.client.commonservices.propertystore.PropertyStoreControlImpl
2026-09-29 15:54:58,966 FINER [22] javax.management.mbeanserver - ObjectName = IBM MQ:type=CommonServices,name=PropertyStoreControl
2026-09-29 15:54:58,967 FINER [22] javax.management.mbeanserver - name = IBM MQ:type=CommonServices,name=PropertyStoreControl
2026-09-29 15:54:59,492 INFO  [23] com.example.mqproducer.ProducerWorker - Sent destination=APPQ threadId=23 msg=1 body=[destination=APPQ threadId=23 msg=1]
2026-09-29 15:54:59,492 INFO  [22] com.example.mqproducer.ProducerWorker - Sent destination=APPQ threadId=22 msg=1 body=[destination=APPQ threadId=22 msg=1]
2026-09-29 15:55:00,496 INFO  [23] com.example.mqproducer.ProducerWorker - Sent destination=APPQ threadId=23 msg=2 body=[destination=APPQ threadId=23 msg=2]
2026-09-29 15:55:00,496 INFO  [22] com.example.mqproducer.ProducerWorker - Sent destination=APPQ threadId=22 msg=2 body=[destination=APPQ threadId=22 msg=2]
2026-09-29 15:55:01,507 INFO  [23] com.example.mqproducer.ProducerWorker - Sent destination=APPQ threadId=23 msg=3 body=[destination=APPQ threadId=23 msg=3]
2026-09-29 15:55:01,507 INFO  [22] com.example.mqproducer.ProducerWorker - Sent destination=APPQ threadId=22 msg=3 body=[destination=APPQ threadId=22 msg=3]
2026-09-29 15:55:02,524 INFO  [22] com.example.mqproducer.ProducerWorker - Sent destination=APPQ threadId=22 msg=4 body=[destination=APPQ threadId=22 msg=4]
2026-09-29 15:55:02,525 INFO  [23] com.example.mqproducer.ProducerWorker - Sent destination=APPQ threadId=23 msg=4 body=[destination=APPQ threadId=23 msg=4]
2026-09-29 15:55:03,528 INFO  [22] com.example.mqproducer.ProducerWorker - Sent destination=APPQ threadId=22 msg=5 body=[destination=APPQ threadId=22 msg=5]
2026-09-29 15:55:03,544 INFO  [23] com.example.mqproducer.ProducerWorker - Sent destination=APPQ threadId=23 msg=5 body=[destination=APPQ threadId=23 msg=5]
2026-09-29 15:55:04,541 INFO  [22] com.example.mqproducer.ProducerWorker - Sent destination=APPQ threadId=22 msg=6 body=[destination=APPQ threadId=22 msg=6]
2026-09-29 15:55:04,556 INFO  [23] com.example.mqproducer.ProducerWorker - Sent destination=APPQ threadId=23 msg=6 body=[destination=APPQ threadId=23 msg=6]
2026-09-29 15:55:05,546 INFO  [22] com.example.mqproducer.ProducerWorker - Sent destination=APPQ threadId=22 msg=7 body=[destination=APPQ threadId=22 msg=7]
2026-09-29 15:55:05,573 INFO  [23] com.example.mqproducer.ProducerWorker - Sent destination=APPQ threadId=23 msg=7 body=[destination=APPQ threadId=23 msg=7]
2026-09-29 15:55:06,558 INFO  [22] com.example.mqproducer.ProducerWorker - Sent destination=APPQ threadId=22 msg=8 body=[destination=APPQ threadId=22 msg=8]
2026-09-29 15:55:06,590 INFO  [23] com.example.mqproducer.ProducerWorker - Sent destination=APPQ threadId=23 msg=8 body=[destination=APPQ threadId=23 msg=8]
2026-09-29 15:55:07,574 INFO  [22] com.example.mqproducer.ProducerWorker - Sent destination=APPQ threadId=22 msg=9 body=[destination=APPQ threadId=22 msg=9]
2026-09-29 15:55:07,604 INFO  [23] com.example.mqproducer.ProducerWorker - Sent destination=APPQ threadId=23 msg=9 body=[destination=APPQ threadId=23 msg=9]
2026-09-29 15:55:08,588 INFO  [22] com.example.mqproducer.ProducerWorker - Sent destination=APPQ threadId=22 msg=10 body=[destination=APPQ threadId=22 msg=10]
2026-09-29 15:55:08,618 INFO  [23] com.example.mqproducer.ProducerWorker - Sent destination=APPQ threadId=23 msg=10 body=[destination=APPQ threadId=23 msg=10]
2026-09-29 15:55:09,603 INFO  [22] com.example.mqproducer.ProducerWorker - Sent destination=APPQ threadId=22 msg=11 body=[destination=APPQ threadId=22 msg=11]
2026-09-29 15:55:09,635 INFO  [23] com.example.mqproducer.ProducerWorker - Sent destination=APPQ threadId=23 msg=11 body=[destination=APPQ threadId=23 msg=11]
2026-09-29 15:55:10,618 INFO  [22] com.example.mqproducer.ProducerWorker - Sent destination=APPQ threadId=22 msg=12 body=[destination=APPQ threadId=22 msg=12]
2026-09-29 15:55:10,649 INFO  [23] com.example.mqproducer.ProducerWorker - Sent destination=APPQ threadId=23 msg=12 body=[destination=APPQ threadId=23 msg=12]
2026-09-29 15:55:11,639 INFO  [22] com.example.mqproducer.ProducerWorker - Sent destination=APPQ threadId=22 msg=13 body=[destination=APPQ threadId=22 msg=13]
2026-09-29 15:55:11,664 INFO  [23] com.example.mqproducer.ProducerWorker - Sent destination=APPQ threadId=23 msg=13 body=[destination=APPQ threadId=23 msg=13]
2026-09-29 15:55:12,650 INFO  [22] com.example.mqproducer.ProducerWorker - Sent destination=APPQ threadId=22 msg=14 body=[destination=APPQ threadId=22 msg=14]
2026-09-29 15:55:12,668 INFO  [23] com.example.mqproducer.ProducerWorker - Sent destination=APPQ threadId=23 msg=14 body=[destination=APPQ threadId=23 msg=14]
2026-09-29 15:55:13,667 INFO  [22] com.example.mqproducer.ProducerWorker - Sent destination=APPQ threadId=22 msg=15 body=[destination=APPQ threadId=22 msg=15]
2026-09-29 15:55:13,679 INFO  [23] com.example.mqproducer.ProducerWorker - Sent destination=APPQ threadId=23 msg=15 body=[destination=APPQ threadId=23 msg=15]
2026-09-29 15:55:14,682 INFO  [22] com.example.mqproducer.ProducerWorker - Sent destination=APPQ threadId=22 msg=16 body=[destination=APPQ threadId=22 msg=16]
2026-09-29 15:55:14,698 INFO  [23] com.example.mqproducer.ProducerWorker - Sent destination=APPQ threadId=23 msg=16 body=[destination=APPQ threadId=23 msg=16]
2026-09-29 15:55:15,699 INFO  [22] com.example.mqproducer.ProducerWorker - Sent destination=APPQ threadId=22 msg=17 body=[destination=APPQ threadId=22 msg=17]
2026-09-29 15:55:15,712 INFO  [23] com.example.mqproducer.ProducerWorker - Sent destination=APPQ threadId=23 msg=17 body=[destination=APPQ threadId=23 msg=17]
2026-09-29 15:55:16,712 INFO  [22] com.example.mqproducer.ProducerWorker - Sent destination=APPQ threadId=22 msg=18 body=[destination=APPQ threadId=22 msg=18]
2026-09-29 15:55:16,732 INFO  [23] com.example.mqproducer.ProducerWorker - Sent destination=APPQ threadId=23 msg=18 body=[destination=APPQ threadId=23 msg=18]
2026-09-29 15:55:17,729 INFO  [22] com.example.mqproducer.ProducerWorker - Sent destination=APPQ threadId=22 msg=19 body=[destination=APPQ threadId=22 msg=19]
2026-09-29 15:55:17,744 INFO  [23] com.example.mqproducer.ProducerWorker - Sent destination=APPQ threadId=23 msg=19 body=[destination=APPQ threadId=23 msg=19]
2026-09-29 15:55:18,750 INFO  [22] com.example.mqproducer.ProducerWorker - Sent destination=APPQ threadId=22 msg=20 body=[destination=APPQ threadId=22 msg=20]
2026-09-29 15:55:18,763 INFO  [23] com.example.mqproducer.ProducerWorker - Sent destination=APPQ threadId=23 msg=20 body=[destination=APPQ threadId=23 msg=20]
2026-09-29 15:55:19,760 INFO  [22] com.example.mqproducer.ProducerWorker - Sent destination=APPQ threadId=22 msg=21 body=[destination=APPQ threadId=22 msg=21]
2026-09-29 15:55:19,773 INFO  [23] com.example.mqproducer.ProducerWorker - Sent destination=APPQ threadId=23 msg=21 body=[destination=APPQ threadId=23 msg=21]
2026-09-29 15:55:20,774 INFO  [22] com.example.mqproducer.ProducerWorker - Sent destination=APPQ threadId=22 msg=22 body=[destination=APPQ threadId=22 msg=22]
2026-09-29 15:55:20,789 INFO  [23] com.example.mqproducer.ProducerWorker - Sent destination=APPQ threadId=23 msg=22 body=[destination=APPQ threadId=23 msg=22]
2026-09-29 15:55:21,788 INFO  [22] com.example.mqproducer.ProducerWorker - Sent destination=APPQ threadId=22 msg=23 body=[destination=APPQ threadId=22 msg=23]
2026-09-29 15:55:21,805 INFO  [23] com.example.mqproducer.ProducerWorker - Sent destination=APPQ threadId=23 msg=23 body=[destination=APPQ threadId=23 msg=23]
2026-09-29 15:55:22,803 INFO  [22] com.example.mqproducer.ProducerWorker - Sent destination=APPQ threadId=22 msg=24 body=[destination=APPQ threadId=22 msg=24]
2026-09-29 15:55:22,816 INFO  [23] com.example.mqproducer.ProducerWorker - Sent destination=APPQ threadId=23 msg=24 body=[destination=APPQ threadId=23 msg=24]
2026-09-29 15:55:23,810 INFO  [22] com.example.mqproducer.ProducerWorker - Sent destination=APPQ threadId=22 msg=25 body=[destination=APPQ threadId=22 msg=25]
2026-09-29 15:55:23,824 INFO  [23] com.example.mqproducer.ProducerWorker - Sent destination=APPQ threadId=23 msg=25 body=[destination=APPQ threadId=23 msg=25]
2026-09-29 15:55:24,823 INFO  [22] com.example.mqproducer.ProducerWorker - Sent destination=APPQ threadId=22 msg=26 body=[destination=APPQ threadId=22 msg=26]
2026-09-29 15:55:24,835 INFO  [23] com.example.mqproducer.ProducerWorker - Sent destination=APPQ threadId=23 msg=26 body=[destination=APPQ threadId=23 msg=26]
2026-09-29 15:55:25,841 INFO  [22] com.example.mqproducer.ProducerWorker - Sent destination=APPQ threadId=22 msg=27 body=[destination=APPQ threadId=22 msg=27]
2026-09-29 15:55:25,855 INFO  [23] com.example.mqproducer.ProducerWorker - Sent destination=APPQ threadId=23 msg=27 body=[destination=APPQ threadId=23 msg=27]
2026-09-29 15:55:26,852 INFO  [22] com.example.mqproducer.ProducerWorker - Sent destination=APPQ threadId=22 msg=28 body=[destination=APPQ threadId=22 msg=28]
2026-09-29 15:55:26,867 INFO  [23] com.example.mqproducer.ProducerWorker - Sent destination=APPQ threadId=23 msg=28 body=[destination=APPQ threadId=23 msg=28]
2026-09-29 15:55:27,858 INFO  [22] com.example.mqproducer.ProducerWorker - Sent destination=APPQ threadId=22 msg=29 body=[destination=APPQ threadId=22 msg=29]
2026-09-29 15:55:27,885 INFO  [23] com.example.mqproducer.ProducerWorker - Sent destination=APPQ threadId=23 msg=29 body=[destination=APPQ threadId=23 msg=29]
2026-09-29 15:55:28,877 INFO  [22] com.example.mqproducer.ProducerWorker - Sent destination=APPQ threadId=22 msg=30 body=[destination=APPQ threadId=22 msg=30]
2026-09-29 15:55:28,892 INFO  [23] com.example.mqproducer.ProducerWorker - Sent destination=APPQ threadId=23 msg=30 body=[destination=APPQ threadId=23 msg=30]
2026-09-29 15:55:29,883 INFO  [22] com.example.mqproducer.ProducerWorker - Sent destination=APPQ threadId=22 msg=31 body=[destination=APPQ threadId=22 msg=31]
2026-09-29 15:55:29,898 INFO  [23] com.example.mqproducer.ProducerWorker - Sent destination=APPQ threadId=23 msg=31 body=[destination=APPQ threadId=23 msg=31]
2026-09-29 15:55:30,899 INFO  [22] com.example.mqproducer.ProducerWorker - Sent destination=APPQ threadId=22 msg=32 body=[destination=APPQ threadId=22 msg=32]
2026-09-29 15:55:30,904 INFO  [23] com.example.mqproducer.ProducerWorker - Sent destination=APPQ threadId=23 msg=32 body=[destination=APPQ threadId=23 msg=32]
2026-09-29 15:55:31,915 INFO  [23] com.example.mqproducer.ProducerWorker - Sent destination=APPQ threadId=23 msg=33 body=[destination=APPQ threadId=23 msg=33]
2026-09-29 15:55:31,916 INFO  [22] com.example.mqproducer.ProducerWorker - Sent destination=APPQ threadId=22 msg=33 body=[destination=APPQ threadId=22 msg=33]
2026-09-29 15:55:32,929 INFO  [22] com.example.mqproducer.ProducerWorker - Sent destination=APPQ threadId=22 msg=34 body=[destination=APPQ threadId=22 msg=34]
2026-09-29 15:55:32,930 INFO  [23] com.example.mqproducer.ProducerWorker - Sent destination=APPQ threadId=23 msg=34 body=[destination=APPQ threadId=23 msg=34]
2026-09-29 15:55:33,945 INFO  [23] com.example.mqproducer.ProducerWorker - Sent destination=APPQ threadId=23 msg=35 body=[destination=APPQ threadId=23 msg=35]
2026-09-29 15:55:33,946 INFO  [22] com.example.mqproducer.ProducerWorker - Sent destination=APPQ threadId=22 msg=35 body=[destination=APPQ threadId=22 msg=35]
2026-09-29 15:55:34,961 INFO  [23] com.example.mqproducer.ProducerWorker - Sent destination=APPQ threadId=23 msg=36 body=[destination=APPQ threadId=23 msg=36]
2026-09-29 15:55:34,961 INFO  [22] com.example.mqproducer.ProducerWorker - Sent destination=APPQ threadId=22 msg=36 body=[destination=APPQ threadId=22 msg=36]
2026-09-29 15:55:35,976 INFO  [22] com.example.mqproducer.ProducerWorker - Sent destination=APPQ threadId=22 msg=37 body=[destination=APPQ threadId=22 msg=37]
2026-09-29 15:55:35,976 INFO  [23] com.example.mqproducer.ProducerWorker - Sent destination=APPQ threadId=23 msg=37 body=[destination=APPQ threadId=23 msg=37]
2026-09-29 15:55:36,993 INFO  [23] com.example.mqproducer.ProducerWorker - Sent destination=APPQ threadId=23 msg=38 body=[destination=APPQ threadId=23 msg=38]
2026-09-29 15:55:36,993 INFO  [22] com.example.mqproducer.ProducerWorker - Sent destination=APPQ threadId=22 msg=38 body=[destination=APPQ threadId=22 msg=38]
2026-09-29 15:55:38,008 INFO  [23] com.example.mqproducer.ProducerWorker - Sent destination=APPQ threadId=23 msg=39 body=[destination=APPQ threadId=23 msg=39]
2026-09-29 15:55:38,008 INFO  [22] com.example.mqproducer.ProducerWorker - Sent destination=APPQ threadId=22 msg=39 body=[destination=APPQ threadId=22 msg=39]
2026-09-29 15:55:39,026 INFO  [23] com.example.mqproducer.ProducerWorker - Sent destination=APPQ threadId=23 msg=40 body=[destination=APPQ threadId=23 msg=40]
2026-09-29 15:55:39,262 INFO  [22] com.example.mqproducer.ProducerWorker - Sent destination=APPQ threadId=22 msg=40 body=[destination=APPQ threadId=22 msg=40]
2026-09-29 15:55:40,039 INFO  [23] com.example.mqproducer.ProducerWorker - Sent destination=APPQ threadId=23 msg=41 body=[destination=APPQ threadId=23 msg=41]
2026-09-29 15:55:40,273 INFO  [22] com.example.mqproducer.ProducerWorker - Sent destination=APPQ threadId=22 msg=41 body=[destination=APPQ threadId=22 msg=41]
2026-09-29 15:55:41,054 INFO  [23] com.example.mqproducer.ProducerWorker - Sent destination=APPQ threadId=23 msg=42 body=[destination=APPQ threadId=23 msg=42]
2026-09-29 15:55:41,290 INFO  [22] com.example.mqproducer.ProducerWorker - Sent destination=APPQ threadId=22 msg=42 body=[destination=APPQ threadId=22 msg=42]
2026-09-29 15:55:42,072 INFO  [23] com.example.mqproducer.ProducerWorker - Sent destination=APPQ threadId=23 msg=43 body=[destination=APPQ threadId=23 msg=43]
2026-09-29 15:55:42,295 INFO  [22] com.example.mqproducer.ProducerWorker - Sent destination=APPQ threadId=22 msg=43 body=[destination=APPQ threadId=22 msg=43]
2026-09-29 15:55:43,076 INFO  [23] com.example.mqproducer.ProducerWorker - Sent destination=APPQ threadId=23 msg=44 body=[destination=APPQ threadId=23 msg=44]
2026-09-29 15:55:43,310 INFO  [22] com.example.mqproducer.ProducerWorker - Sent destination=APPQ threadId=22 msg=44 body=[destination=APPQ threadId=22 msg=44]
2026-09-29 15:55:44,086 INFO  [23] com.example.mqproducer.ProducerWorker - Sent destination=APPQ threadId=23 msg=45 body=[destination=APPQ threadId=23 msg=45]
2026-09-29 15:55:44,320 INFO  [22] com.example.mqproducer.ProducerWorker - Sent destination=APPQ threadId=22 msg=45 body=[destination=APPQ threadId=22 msg=45]
2026-09-29 15:55:45,101 INFO  [23] com.example.mqproducer.ProducerWorker - Sent destination=APPQ threadId=23 msg=46 body=[destination=APPQ threadId=23 msg=46]
2026-09-29 15:55:45,326 INFO  [22] com.example.mqproducer.ProducerWorker - Sent destination=APPQ threadId=22 msg=46 body=[destination=APPQ threadId=22 msg=46]
2026-09-29 15:55:46,104 INFO  [23] com.example.mqproducer.ProducerWorker - Sent destination=APPQ threadId=23 msg=47 body=[destination=APPQ threadId=23 msg=47]
2026-09-29 15:55:46,335 INFO  [22] com.example.mqproducer.ProducerWorker - Sent destination=APPQ threadId=22 msg=47 body=[destination=APPQ threadId=22 msg=47]
2026-09-29 15:55:47,116 INFO  [23] com.example.mqproducer.ProducerWorker - Sent destination=APPQ threadId=23 msg=48 body=[destination=APPQ threadId=23 msg=48]
2026-09-29 15:55:47,353 INFO  [22] com.example.mqproducer.ProducerWorker - Sent destination=APPQ threadId=22 msg=48 body=[destination=APPQ threadId=22 msg=48]
2026-09-29 15:55:48,122 INFO  [23] com.example.mqproducer.ProducerWorker - Sent destination=APPQ threadId=23 msg=49 body=[destination=APPQ threadId=23 msg=49]
2026-09-29 15:55:48,369 INFO  [22] com.example.mqproducer.ProducerWorker - Sent destination=APPQ threadId=22 msg=49 body=[destination=APPQ threadId=22 msg=49]
2026-09-29 15:55:49,134 INFO  [23] com.example.mqproducer.ProducerWorker - Sent destination=APPQ threadId=23 msg=50 body=[destination=APPQ threadId=23 msg=50]
2026-09-29 15:55:49,385 INFO  [22] com.example.mqproducer.ProducerWorker - Sent destination=APPQ threadId=22 msg=50 body=[destination=APPQ threadId=22 msg=50]
2026-09-29 15:55:50,151 INFO  [23] com.example.mqproducer.ProducerWorker - Sent destination=APPQ threadId=23 msg=51 body=[destination=APPQ threadId=23 msg=51]
2026-09-29 15:55:50,396 INFO  [22] com.example.mqproducer.ProducerWorker - Sent destination=APPQ threadId=22 msg=51 body=[destination=APPQ threadId=22 msg=51]
2026-09-29 15:55:51,153 INFO  [23] com.example.mqproducer.ProducerWorker - Sent destination=APPQ threadId=23 msg=52 body=[destination=APPQ threadId=23 msg=52]
2026-09-29 15:55:51,413 INFO  [22] com.example.mqproducer.ProducerWorker - Sent destination=APPQ threadId=22 msg=52 body=[destination=APPQ threadId=22 msg=52]
2026-09-29 15:55:52,163 INFO  [23] com.example.mqproducer.ProducerWorker - Sent destination=APPQ threadId=23 msg=53 body=[destination=APPQ threadId=23 msg=53]
2026-09-29 15:55:52,419 INFO  [22] com.example.mqproducer.ProducerWorker - Sent destination=APPQ threadId=22 msg=53 body=[destination=APPQ threadId=22 msg=53]
2026-09-29 15:55:53,171 INFO  [23] com.example.mqproducer.ProducerWorker - Sent destination=APPQ threadId=23 msg=54 body=[destination=APPQ threadId=23 msg=54]
2026-09-29 15:55:53,430 INFO  [22] com.example.mqproducer.ProducerWorker - Sent destination=APPQ threadId=22 msg=54 body=[destination=APPQ threadId=22 msg=54]
2026-09-29 15:55:54,182 INFO  [23] com.example.mqproducer.ProducerWorker - Sent destination=APPQ threadId=23 msg=55 body=[destination=APPQ threadId=23 msg=55]
2026-09-29 15:55:54,451 INFO  [22] com.example.mqproducer.ProducerWorker - Sent destination=APPQ threadId=22 msg=55 body=[destination=APPQ threadId=22 msg=55]
2026-09-29 15:55:55,198 INFO  [23] com.example.mqproducer.ProducerWorker - Sent destination=APPQ threadId=23 msg=56 body=[destination=APPQ threadId=23 msg=56]
2026-09-29 15:55:55,463 INFO  [22] com.example.mqproducer.ProducerWorker - Sent destination=APPQ threadId=22 msg=56 body=[destination=APPQ threadId=22 msg=56]
2026-09-29 15:55:56,208 INFO  [23] com.example.mqproducer.ProducerWorker - Sent destination=APPQ threadId=23 msg=57 body=[destination=APPQ threadId=23 msg=57]
2026-09-29 15:55:56,480 INFO  [22] com.example.mqproducer.ProducerWorker - Sent destination=APPQ threadId=22 msg=57 body=[destination=APPQ threadId=22 msg=57]
2026-09-29 15:55:57,213 INFO  [23] com.example.mqproducer.ProducerWorker - Sent destination=APPQ threadId=23 msg=58 body=[destination=APPQ threadId=23 msg=58]
2026-09-29 15:55:57,496 INFO  [22] com.example.mqproducer.ProducerWorker - Sent destination=APPQ threadId=22 msg=58 body=[destination=APPQ threadId=22 msg=58]
2026-09-29 15:55:58,225 INFO  [23] com.example.mqproducer.ProducerWorker - Sent destination=APPQ threadId=23 msg=59 body=[destination=APPQ threadId=23 msg=59]
2026-09-29 15:55:58,512 INFO  [22] com.example.mqproducer.ProducerWorker - Sent destination=APPQ threadId=22 msg=59 body=[destination=APPQ threadId=22 msg=59]
2026-09-29 15:55:59,243 INFO  [23] com.example.mqproducer.ProducerWorker - Sent destination=APPQ threadId=23 msg=60 body=[destination=APPQ threadId=23 msg=60]
2026-09-29 15:55:59,526 INFO  [22] com.example.mqproducer.ProducerWorker - Sent destination=APPQ threadId=22 msg=60 body=[destination=APPQ threadId=22 msg=60]
2026-09-29 15:56:00,260 INFO  [23] com.example.mqproducer.ProducerWorker - Sent destination=APPQ threadId=23 msg=61 body=[destination=APPQ threadId=23 msg=61]
2026-09-29 15:56:00,544 INFO  [22] com.example.mqproducer.ProducerWorker - Sent destination=APPQ threadId=22 msg=61 body=[destination=APPQ threadId=22 msg=61]
2026-09-29 15:56:01,271 INFO  [23] com.example.mqproducer.ProducerWorker - Sent destination=APPQ threadId=23 msg=62 body=[destination=APPQ threadId=23 msg=62]
2026-09-29 15:56:01,555 INFO  [22] com.example.mqproducer.ProducerWorker - Sent destination=APPQ threadId=22 msg=62 body=[destination=APPQ threadId=22 msg=62]
2026-09-29 15:56:02,277 INFO  [23] com.example.mqproducer.ProducerWorker - Sent destination=APPQ threadId=23 msg=63 body=[destination=APPQ threadId=23 msg=63]
2026-09-29 15:56:02,575 INFO  [22] com.example.mqproducer.ProducerWorker - Sent destination=APPQ threadId=22 msg=63 body=[destination=APPQ threadId=22 msg=63]
2026-09-29 15:56:03,290 INFO  [23] com.example.mqproducer.ProducerWorker - Sent destination=APPQ threadId=23 msg=64 body=[destination=APPQ threadId=23 msg=64]
2026-09-29 15:56:03,591 INFO  [22] com.example.mqproducer.ProducerWorker - Sent destination=APPQ threadId=22 msg=64 body=[destination=APPQ threadId=22 msg=64]
2026-09-29 15:56:04,296 INFO  [23] com.example.mqproducer.ProducerWorker - Sent destination=APPQ threadId=23 msg=65 body=[destination=APPQ threadId=23 msg=65]
2026-09-29 15:56:04,606 INFO  [22] com.example.mqproducer.ProducerWorker - Sent destination=APPQ threadId=22 msg=65 body=[destination=APPQ threadId=22 msg=65]
2026-09-29 15:56:05,306 INFO  [23] com.example.mqproducer.ProducerWorker - Sent destination=APPQ threadId=23 msg=66 body=[destination=APPQ threadId=23 msg=66]
2026-09-29 15:56:05,618 INFO  [22] com.example.mqproducer.ProducerWorker - Sent destination=APPQ threadId=22 msg=66 body=[destination=APPQ threadId=22 msg=66]
2026-09-29 15:56:06,323 INFO  [23] com.example.mqproducer.ProducerWorker - Sent destination=APPQ threadId=23 msg=67 body=[destination=APPQ threadId=23 msg=67]
2026-09-29 15:56:06,635 INFO  [22] com.example.mqproducer.ProducerWorker - Sent destination=APPQ threadId=22 msg=67 body=[destination=APPQ threadId=22 msg=67]
2026-09-29 15:56:07,338 INFO  [23] com.example.mqproducer.ProducerWorker - Sent destination=APPQ threadId=23 msg=68 body=[destination=APPQ threadId=23 msg=68]
2026-09-29 15:56:07,654 INFO  [22] com.example.mqproducer.ProducerWorker - Sent destination=APPQ threadId=22 msg=68 body=[destination=APPQ threadId=22 msg=68]
2026-09-29 15:56:08,354 INFO  [23] com.example.mqproducer.ProducerWorker - Sent destination=APPQ threadId=23 msg=69 body=[destination=APPQ threadId=23 msg=69]
2026-09-29 15:56:08,671 INFO  [22] com.example.mqproducer.ProducerWorker - Sent destination=APPQ threadId=22 msg=69 body=[destination=APPQ threadId=22 msg=69]
2026-09-29 15:56:09,370 INFO  [23] com.example.mqproducer.ProducerWorker - Sent destination=APPQ threadId=23 msg=70 body=[destination=APPQ threadId=23 msg=70]
2026-09-29 15:56:09,682 INFO  [22] com.example.mqproducer.ProducerWorker - Sent destination=APPQ threadId=22 msg=70 body=[destination=APPQ threadId=22 msg=70]
2026-09-29 15:56:10,389 INFO  [23] com.example.mqproducer.ProducerWorker - Sent destination=APPQ threadId=23 msg=71 body=[destination=APPQ threadId=23 msg=71]
2026-09-29 15:56:10,699 INFO  [22] com.example.mqproducer.ProducerWorker - Sent destination=APPQ threadId=22 msg=71 body=[destination=APPQ threadId=22 msg=71]
2026-09-29 15:56:11,402 INFO  [23] com.example.mqproducer.ProducerWorker - Sent destination=APPQ threadId=23 msg=72 body=[destination=APPQ threadId=23 msg=72]
2026-09-29 15:56:11,713 INFO  [22] com.example.mqproducer.ProducerWorker - Sent destination=APPQ threadId=22 msg=72 body=[destination=APPQ threadId=22 msg=72]
2026-09-29 15:56:12,415 INFO  [23] com.example.mqproducer.ProducerWorker - Sent destination=APPQ threadId=23 msg=73 body=[destination=APPQ threadId=23 msg=73]
2026-09-29 15:56:12,727 INFO  [22] com.example.mqproducer.ProducerWorker - Sent destination=APPQ threadId=22 msg=73 body=[destination=APPQ threadId=22 msg=73]
2026-09-29 15:56:13,430 INFO  [23] com.example.mqproducer.ProducerWorker - Sent destination=APPQ threadId=23 msg=74 body=[destination=APPQ threadId=23 msg=74]
2026-09-29 15:56:13,745 INFO  [22] com.example.mqproducer.ProducerWorker - Sent destination=APPQ threadId=22 msg=74 body=[destination=APPQ threadId=22 msg=74]
2026-09-29 15:56:14,434 INFO  [23] com.example.mqproducer.ProducerWorker - Sent destination=APPQ threadId=23 msg=75 body=[destination=APPQ threadId=23 msg=75]
2026-09-29 15:56:14,762 INFO  [22] com.example.mqproducer.ProducerWorker - Sent destination=APPQ threadId=22 msg=75 body=[destination=APPQ threadId=22 msg=75]
2026-09-29 15:56:15,448 INFO  [23] com.example.mqproducer.ProducerWorker - Sent destination=APPQ threadId=23 msg=76 body=[destination=APPQ threadId=23 msg=76]
2026-09-29 15:56:15,775 INFO  [22] com.example.mqproducer.ProducerWorker - Sent destination=APPQ threadId=22 msg=76 body=[destination=APPQ threadId=22 msg=76]
2026-09-29 15:56:16,464 INFO  [23] com.example.mqproducer.ProducerWorker - Sent destination=APPQ threadId=23 msg=77 body=[destination=APPQ threadId=23 msg=77]
2026-09-29 15:56:16,794 INFO  [22] com.example.mqproducer.ProducerWorker - Sent destination=APPQ threadId=22 msg=77 body=[destination=APPQ threadId=22 msg=77]
2026-09-29 15:56:17,479 INFO  [23] com.example.mqproducer.ProducerWorker - Sent destination=APPQ threadId=23 msg=78 body=[destination=APPQ threadId=23 msg=78]
2026-09-29 15:56:17,811 INFO  [22] com.example.mqproducer.ProducerWorker - Sent destination=APPQ threadId=22 msg=78 body=[destination=APPQ threadId=22 msg=78]
2026-09-29 15:56:18,498 INFO  [23] com.example.mqproducer.ProducerWorker - Sent destination=APPQ threadId=23 msg=79 body=[destination=APPQ threadId=23 msg=79]
2026-09-29 15:56:18,825 INFO  [22] com.example.mqproducer.ProducerWorker - Sent destination=APPQ threadId=22 msg=79 body=[destination=APPQ threadId=22 msg=79]
2026-09-29 15:56:19,512 INFO  [23] com.example.mqproducer.ProducerWorker - Sent destination=APPQ threadId=23 msg=80 body=[destination=APPQ threadId=23 msg=80]
2026-09-29 15:56:19,838 INFO  [22] com.example.mqproducer.ProducerWorker - Sent destination=APPQ threadId=22 msg=80 body=[destination=APPQ threadId=22 msg=80]
2026-09-29 15:56:20,525 INFO  [23] com.example.mqproducer.ProducerWorker - Sent destination=APPQ threadId=23 msg=81 body=[destination=APPQ threadId=23 msg=81]
2026-09-29 15:56:20,856 INFO  [22] com.example.mqproducer.ProducerWorker - Sent destination=APPQ threadId=22 msg=81 body=[destination=APPQ threadId=22 msg=81]
2026-09-29 15:56:21,545 INFO  [23] com.example.mqproducer.ProducerWorker - Sent destination=APPQ threadId=23 msg=82 body=[destination=APPQ threadId=23 msg=82]
2026-09-29 15:56:21,868 INFO  [22] com.example.mqproducer.ProducerWorker - Sent destination=APPQ threadId=22 msg=82 body=[destination=APPQ threadId=22 msg=82]
2026-09-29 15:56:22,562 INFO  [23] com.example.mqproducer.ProducerWorker - Sent destination=APPQ threadId=23 msg=83 body=[destination=APPQ threadId=23 msg=83]
2026-09-29 15:56:22,890 INFO  [22] com.example.mqproducer.ProducerWorker - Sent destination=APPQ threadId=22 msg=83 body=[destination=APPQ threadId=22 msg=83]
2026-09-29 15:56:23,575 INFO  [23] com.example.mqproducer.ProducerWorker - Sent destination=APPQ threadId=23 msg=84 body=[destination=APPQ threadId=23 msg=84]
2026-09-29 15:56:23,901 INFO  [22] com.example.mqproducer.ProducerWorker - Sent destination=APPQ threadId=22 msg=84 body=[destination=APPQ threadId=22 msg=84]
2026-09-29 15:56:24,586 INFO  [23] com.example.mqproducer.ProducerWorker - Sent destination=APPQ threadId=23 msg=85 body=[destination=APPQ threadId=23 msg=85]
2026-09-29 15:56:24,910 INFO  [22] com.example.mqproducer.ProducerWorker - Sent destination=APPQ threadId=22 msg=85 body=[destination=APPQ threadId=22 msg=85]
2026-09-29 15:56:25,605 INFO  [23] com.example.mqproducer.ProducerWorker - Sent destination=APPQ threadId=23 msg=86 body=[destination=APPQ threadId=23 msg=86]
2026-09-29 15:56:25,916 INFO  [22] com.example.mqproducer.ProducerWorker - Sent destination=APPQ threadId=22 msg=86 body=[destination=APPQ threadId=22 msg=86]
2026-09-29 15:56:26,617 INFO  [23] com.example.mqproducer.ProducerWorker - Sent destination=APPQ threadId=23 msg=87 body=[destination=APPQ threadId=23 msg=87]
2026-09-29 15:56:26,928 INFO  [22] com.example.mqproducer.ProducerWorker - Sent destination=APPQ threadId=22 msg=87 body=[destination=APPQ threadId=22 msg=87]
2026-09-29 15:56:27,634 INFO  [23] com.example.mqproducer.ProducerWorker - Sent destination=APPQ threadId=23 msg=88 body=[destination=APPQ threadId=23 msg=88]
2026-09-29 15:56:27,931 INFO  [22] com.example.mqproducer.ProducerWorker - Sent destination=APPQ threadId=22 msg=88 body=[destination=APPQ threadId=22 msg=88]
2026-09-29 15:56:28,654 INFO  [23] com.example.mqproducer.ProducerWorker - Sent destination=APPQ threadId=23 msg=89 body=[destination=APPQ threadId=23 msg=89]
2026-09-29 15:56:28,950 INFO  [22] com.example.mqproducer.ProducerWorker - Sent destination=APPQ threadId=22 msg=89 body=[destination=APPQ threadId=22 msg=89]
2026-09-29 15:56:29,671 INFO  [23] com.example.mqproducer.ProducerWorker - Sent destination=APPQ threadId=23 msg=90 body=[destination=APPQ threadId=23 msg=90]
2026-09-29 15:56:29,961 INFO  [22] com.example.mqproducer.ProducerWorker - Sent destination=APPQ threadId=22 msg=90 body=[destination=APPQ threadId=22 msg=90]
2026-09-29 15:56:30,681 INFO  [23] com.example.mqproducer.ProducerWorker - Sent destination=APPQ threadId=23 msg=91 body=[destination=APPQ threadId=23 msg=91]
2026-09-29 15:56:30,976 INFO  [22] com.example.mqproducer.ProducerWorker - Sent destination=APPQ threadId=22 msg=91 body=[destination=APPQ threadId=22 msg=91]
2026-09-29 15:56:31,698 INFO  [23] com.example.mqproducer.ProducerWorker - Sent destination=APPQ threadId=23 msg=92 body=[destination=APPQ threadId=23 msg=92]
2026-09-29 15:56:31,979 INFO  [22] com.example.mqproducer.ProducerWorker - Sent destination=APPQ threadId=22 msg=92 body=[destination=APPQ threadId=22 msg=92]
2026-09-29 15:56:32,713 INFO  [23] com.example.mqproducer.ProducerWorker - Sent destination=APPQ threadId=23 msg=93 body=[destination=APPQ threadId=23 msg=93]
2026-09-29 15:56:32,994 INFO  [22] com.example.mqproducer.ProducerWorker - Sent destination=APPQ threadId=22 msg=93 body=[destination=APPQ threadId=22 msg=93]
2026-09-29 15:56:33,732 INFO  [23] com.example.mqproducer.ProducerWorker - Sent destination=APPQ threadId=23 msg=94 body=[destination=APPQ threadId=23 msg=94]
2026-09-29 15:56:34,013 INFO  [22] com.example.mqproducer.ProducerWorker - Sent destination=APPQ threadId=22 msg=94 body=[destination=APPQ threadId=22 msg=94]
2026-09-29 15:56:34,744 INFO  [23] com.example.mqproducer.ProducerWorker - Sent destination=APPQ threadId=23 msg=95 body=[destination=APPQ threadId=23 msg=95]
2026-09-29 15:56:35,023 INFO  [22] com.example.mqproducer.ProducerWorker - Sent destination=APPQ threadId=22 msg=95 body=[destination=APPQ threadId=22 msg=95]
2026-09-29 15:56:35,762 INFO  [23] com.example.mqproducer.ProducerWorker - Sent destination=APPQ threadId=23 msg=96 body=[destination=APPQ threadId=23 msg=96]
2026-09-29 15:56:36,037 INFO  [22] com.example.mqproducer.ProducerWorker - Sent destination=APPQ threadId=22 msg=96 body=[destination=APPQ threadId=22 msg=96]
2026-09-29 15:56:36,776 INFO  [23] com.example.mqproducer.ProducerWorker - Sent destination=APPQ threadId=23 msg=97 body=[destination=APPQ threadId=23 msg=97]
2026-09-29 15:56:37,044 INFO  [22] com.example.mqproducer.ProducerWorker - Sent destination=APPQ threadId=22 msg=97 body=[destination=APPQ threadId=22 msg=97]
2026-09-29 15:56:37,798 INFO  [23] com.example.mqproducer.ProducerWorker - Sent destination=APPQ threadId=23 msg=98 body=[destination=APPQ threadId=23 msg=98]
2026-09-29 15:56:38,055 INFO  [22] com.example.mqproducer.ProducerWorker - Sent destination=APPQ threadId=22 msg=98 body=[destination=APPQ threadId=22 msg=98]
2026-09-29 15:56:38,809 INFO  [23] com.example.mqproducer.ProducerWorker - Sent destination=APPQ threadId=23 msg=99 body=[destination=APPQ threadId=23 msg=99]
2026-09-29 15:56:39,070 INFO  [22] com.example.mqproducer.ProducerWorker - Sent destination=APPQ threadId=22 msg=99 body=[destination=APPQ threadId=22 msg=99]
2026-09-29 15:56:39,825 INFO  [23] com.example.mqproducer.ProducerWorker - Sent destination=APPQ threadId=23 msg=100 body=[destination=APPQ threadId=23 msg=100]
2026-09-29 15:56:40,073 INFO  [22] com.example.mqproducer.ProducerWorker - Sent destination=APPQ threadId=22 msg=100 body=[destination=APPQ threadId=22 msg=100]
2026-09-29 15:56:40,839 INFO  [23] com.example.mqproducer.ProducerWorker - Sent destination=APPQ threadId=23 msg=101 body=[destination=APPQ threadId=23 msg=101]
2026-09-29 15:56:41,088 INFO  [22] com.example.mqproducer.ProducerWorker - Sent destination=APPQ threadId=22 msg=101 body=[destination=APPQ threadId=22 msg=101]
2026-09-29 15:56:41,856 INFO  [23] com.example.mqproducer.ProducerWorker - Sent destination=APPQ threadId=23 msg=102 body=[destination=APPQ threadId=23 msg=102]
2026-09-29 15:56:42,102 INFO  [22] com.example.mqproducer.ProducerWorker - Sent destination=APPQ threadId=22 msg=102 body=[destination=APPQ threadId=22 msg=102]
2026-09-29 15:56:42,872 INFO  [23] com.example.mqproducer.ProducerWorker - Sent destination=APPQ threadId=23 msg=103 body=[destination=APPQ threadId=23 msg=103]
2026-09-29 15:56:43,118 INFO  [22] com.example.mqproducer.ProducerWorker - Sent destination=APPQ threadId=22 msg=103 body=[destination=APPQ threadId=22 msg=103]
2026-09-29 15:56:43,886 INFO  [23] com.example.mqproducer.ProducerWorker - Sent destination=APPQ threadId=23 msg=104 body=[destination=APPQ threadId=23 msg=104]
2026-09-29 15:56:44,133 INFO  [22] com.example.mqproducer.ProducerWorker - Sent destination=APPQ threadId=22 msg=104 body=[destination=APPQ threadId=22 msg=104]
2026-09-29 15:56:44,906 INFO  [23] com.example.mqproducer.ProducerWorker - Sent destination=APPQ threadId=23 msg=105 body=[destination=APPQ threadId=23 msg=105]
2026-09-29 15:56:45,148 INFO  [22] com.example.mqproducer.ProducerWorker - Sent destination=APPQ threadId=22 msg=105 body=[destination=APPQ threadId=22 msg=105]
2026-09-29 15:56:45,920 INFO  [23] com.example.mqproducer.ProducerWorker - Sent destination=APPQ threadId=23 msg=106 body=[destination=APPQ threadId=23 msg=106]
2026-09-29 15:56:46,153 INFO  [22] com.example.mqproducer.ProducerWorker - Sent destination=APPQ threadId=22 msg=106 body=[destination=APPQ threadId=22 msg=106]
2026-09-29 15:56:46,932 INFO  [23] com.example.mqproducer.ProducerWorker - Sent destination=APPQ threadId=23 msg=107 body=[destination=APPQ threadId=23 msg=107]
2026-09-29 15:56:47,166 INFO  [22] com.example.mqproducer.ProducerWorker - Sent destination=APPQ threadId=22 msg=107 body=[destination=APPQ threadId=22 msg=107]
2026-09-29 15:56:47,946 INFO  [23] com.example.mqproducer.ProducerWorker - Sent destination=APPQ threadId=23 msg=108 body=[destination=APPQ threadId=23 msg=108]
2026-09-29 15:56:48,183 INFO  [22] com.example.mqproducer.ProducerWorker - Sent destination=APPQ threadId=22 msg=108 body=[destination=APPQ threadId=22 msg=108]
2026-09-29 15:56:48,952 INFO  [23] com.example.mqproducer.ProducerWorker - Sent destination=APPQ threadId=23 msg=109 body=[destination=APPQ threadId=23 msg=109]
2026-09-29 15:56:49,195 INFO  [22] com.example.mqproducer.ProducerWorker - Sent destination=APPQ threadId=22 msg=109 body=[destination=APPQ threadId=22 msg=109]
2026-09-29 15:56:49,960 INFO  [23] com.example.mqproducer.ProducerWorker - Sent destination=APPQ threadId=23 msg=110 body=[destination=APPQ threadId=23 msg=110]
2026-09-29 15:56:50,216 INFO  [22] com.example.mqproducer.ProducerWorker - Sent destination=APPQ threadId=22 msg=110 body=[destination=APPQ threadId=22 msg=110]
2026-09-29 15:56:50,976 INFO  [23] com.example.mqproducer.ProducerWorker - Sent destination=APPQ threadId=23 msg=111 body=[destination=APPQ threadId=23 msg=111]
2026-09-29 15:56:51,221 INFO  [22] com.example.mqproducer.ProducerWorker - Sent destination=APPQ threadId=22 msg=111 body=[destination=APPQ threadId=22 msg=111]
2026-09-29 15:56:51,992 INFO  [23] com.example.mqproducer.ProducerWorker - Sent destination=APPQ threadId=23 msg=112 body=[destination=APPQ threadId=23 msg=112]
2026-09-29 15:56:52,228 INFO  [22] com.example.mqproducer.ProducerWorker - Sent destination=APPQ threadId=22 msg=112 body=[destination=APPQ threadId=22 msg=112]
2026-09-29 15:56:52,994 INFO  [23] com.example.mqproducer.ProducerWorker - Sent destination=APPQ threadId=23 msg=113 body=[destination=APPQ threadId=23 msg=113]
2026-09-29 15:56:53,242 INFO  [22] com.example.mqproducer.ProducerWorker - Sent destination=APPQ threadId=22 msg=113 body=[destination=APPQ threadId=22 msg=113]
2026-09-29 15:56:54,010 INFO  [23] com.example.mqproducer.ProducerWorker - Sent destination=APPQ threadId=23 msg=114 body=[destination=APPQ threadId=23 msg=114]
2026-09-29 15:56:54,262 INFO  [22] com.example.mqproducer.ProducerWorker - Sent destination=APPQ threadId=22 msg=114 body=[destination=APPQ threadId=22 msg=114]
2026-09-29 15:56:55,022 INFO  [23] com.example.mqproducer.ProducerWorker - Sent destination=APPQ threadId=23 msg=115 body=[destination=APPQ threadId=23 msg=115]
2026-09-29 15:56:55,278 INFO  [22] com.example.mqproducer.ProducerWorker - Sent destination=APPQ threadId=22 msg=115 body=[destination=APPQ threadId=22 msg=115]
2026-09-29 15:56:56,025 INFO  [23] com.example.mqproducer.ProducerWorker - Sent destination=APPQ threadId=23 msg=116 body=[destination=APPQ threadId=23 msg=116]
2026-09-29 15:56:56,296 INFO  [22] com.example.mqproducer.ProducerWorker - Sent destination=APPQ threadId=22 msg=116 body=[destination=APPQ threadId=22 msg=116]
2026-09-29 15:56:57,039 INFO  [23] com.example.mqproducer.ProducerWorker - Sent destination=APPQ threadId=23 msg=117 body=[destination=APPQ threadId=23 msg=117]
2026-09-29 15:56:57,306 INFO  [22] com.example.mqproducer.ProducerWorker - Sent destination=APPQ threadId=22 msg=117 body=[destination=APPQ threadId=22 msg=117]
2026-09-29 15:56:58,055 INFO  [23] com.example.mqproducer.ProducerWorker - Sent destination=APPQ threadId=23 msg=118 body=[destination=APPQ threadId=23 msg=118]
2026-09-29 15:56:58,323 INFO  [22] com.example.mqproducer.ProducerWorker - Sent destination=APPQ threadId=22 msg=118 body=[destination=APPQ threadId=22 msg=118]
2026-09-29 15:56:59,072 INFO  [23] com.example.mqproducer.ProducerWorker - Sent destination=APPQ threadId=23 msg=119 body=[destination=APPQ threadId=23 msg=119]
2026-09-29 15:56:59,339 INFO  [22] com.example.mqproducer.ProducerWorker - Sent destination=APPQ threadId=22 msg=119 body=[destination=APPQ threadId=22 msg=119]
2026-09-29 15:57:00,086 INFO  [23] com.example.mqproducer.ProducerWorker - Sent destination=APPQ threadId=23 msg=120 body=[destination=APPQ threadId=23 msg=120]
2026-09-29 15:57:00,352 INFO  [22] com.example.mqproducer.ProducerWorker - Sent destination=APPQ threadId=22 msg=120 body=[destination=APPQ threadId=22 msg=120]
2026-09-29 15:57:01,092 INFO  [23] com.example.mqproducer.ProducerWorker - Sent destination=APPQ threadId=23 msg=121 body=[destination=APPQ threadId=23 msg=121]
2026-09-29 15:57:01,368 INFO  [22] com.example.mqproducer.ProducerWorker - Sent destination=APPQ threadId=22 msg=121 body=[destination=APPQ threadId=22 msg=121]
2026-09-29 15:57:02,102 INFO  [23] com.example.mqproducer.ProducerWorker - Sent destination=APPQ threadId=23 msg=122 body=[destination=APPQ threadId=23 msg=122]
2026-09-29 15:57:02,375 INFO  [22] com.example.mqproducer.ProducerWorker - Sent destination=APPQ threadId=22 msg=122 body=[destination=APPQ threadId=22 msg=122]
2026-09-29 15:57:03,108 INFO  [23] com.example.mqproducer.ProducerWorker - Sent destination=APPQ threadId=23 msg=123 body=[destination=APPQ threadId=23 msg=123]
2026-09-29 15:57:03,388 INFO  [22] com.example.mqproducer.ProducerWorker - Sent destination=APPQ threadId=22 msg=123 body=[destination=APPQ threadId=22 msg=123]
2026-09-29 15:57:04,118 INFO  [23] com.example.mqproducer.ProducerWorker - Sent destination=APPQ threadId=23 msg=124 body=[destination=APPQ threadId=23 msg=124]
2026-09-29 15:57:04,398 INFO  [22] com.example.mqproducer.ProducerWorker - Sent destination=APPQ threadId=22 msg=124 body=[destination=APPQ threadId=22 msg=124]
2026-09-29 15:57:05,138 INFO  [23] com.example.mqproducer.ProducerWorker - Sent destination=APPQ threadId=23 msg=125 body=[destination=APPQ threadId=23 msg=125]
2026-09-29 15:57:05,402 INFO  [22] com.example.mqproducer.ProducerWorker - Sent destination=APPQ threadId=22 msg=125 body=[destination=APPQ threadId=22 msg=125]
2026-09-29 15:57:06,150 INFO  [23] com.example.mqproducer.ProducerWorker - Sent destination=APPQ threadId=23 msg=126 body=[destination=APPQ threadId=23 msg=126]
2026-09-29 15:57:06,420 INFO  [22] com.example.mqproducer.ProducerWorker - Sent destination=APPQ threadId=22 msg=126 body=[destination=APPQ threadId=22 msg=126]
2026-09-29 15:57:07,165 INFO  [23] com.example.mqproducer.ProducerWorker - Sent destination=APPQ threadId=23 msg=127 body=[destination=APPQ threadId=23 msg=127]
2026-09-29 15:57:07,434 INFO  [22] com.example.mqproducer.ProducerWorker - Sent destination=APPQ threadId=22 msg=127 body=[destination=APPQ threadId=22 msg=127]
2026-09-29 15:57:08,180 INFO  [23] com.example.mqproducer.ProducerWorker - Sent destination=APPQ threadId=23 msg=128 body=[destination=APPQ threadId=23 msg=128]
2026-09-29 15:57:08,450 INFO  [22] com.example.mqproducer.ProducerWorker - Sent destination=APPQ threadId=22 msg=128 body=[destination=APPQ threadId=22 msg=128]
2026-09-29 15:57:09,197 INFO  [23] com.example.mqproducer.ProducerWorker - Sent destination=APPQ threadId=23 msg=129 body=[destination=APPQ threadId=23 msg=129]
2026-09-29 15:57:09,462 INFO  [22] com.example.mqproducer.ProducerWorker - Sent destination=APPQ threadId=22 msg=129 body=[destination=APPQ threadId=22 msg=129]
2026-09-29 15:57:10,213 INFO  [23] com.example.mqproducer.ProducerWorker - Sent destination=APPQ threadId=23 msg=130 body=[destination=APPQ threadId=23 msg=130]
2026-09-29 15:57:10,478 INFO  [22] com.example.mqproducer.ProducerWorker - Sent destination=APPQ threadId=22 msg=130 body=[destination=APPQ threadId=22 msg=130]
2026-09-29 15:57:11,227 INFO  [23] com.example.mqproducer.ProducerWorker - Sent destination=APPQ threadId=23 msg=131 body=[destination=APPQ threadId=23 msg=131]
2026-09-29 15:57:11,494 INFO  [22] com.example.mqproducer.ProducerWorker - Sent destination=APPQ threadId=22 msg=131 body=[destination=APPQ threadId=22 msg=131]
2026-09-29 15:57:12,241 INFO  [23] com.example.mqproducer.ProducerWorker - Sent destination=APPQ threadId=23 msg=132 body=[destination=APPQ threadId=23 msg=132]
2026-09-29 15:57:12,511 INFO  [22] com.example.mqproducer.ProducerWorker - Sent destination=APPQ threadId=22 msg=132 body=[destination=APPQ threadId=22 msg=132]
2026-09-29 15:57:13,246 INFO  [23] com.example.mqproducer.ProducerWorker - Sent destination=APPQ threadId=23 msg=133 body=[destination=APPQ threadId=23 msg=133]
2026-09-29 15:57:13,516 INFO  [22] com.example.mqproducer.ProducerWorker - Sent destination=APPQ threadId=22 msg=133 body=[destination=APPQ threadId=22 msg=133]
2026-09-29 15:57:14,263 INFO  [23] com.example.mqproducer.ProducerWorker - Sent destination=APPQ threadId=23 msg=134 body=[destination=APPQ threadId=23 msg=134]
2026-09-29 15:57:14,526 INFO  [22] com.example.mqproducer.ProducerWorker - Sent destination=APPQ threadId=22 msg=134 body=[destination=APPQ threadId=22 msg=134]
2026-09-29 15:57:15,275 INFO  [23] com.example.mqproducer.ProducerWorker - Sent destination=APPQ threadId=23 msg=135 body=[destination=APPQ threadId=23 msg=135]
2026-09-29 15:57:15,544 INFO  [22] com.example.mqproducer.ProducerWorker - Sent destination=APPQ threadId=22 msg=135 body=[destination=APPQ threadId=22 msg=135]
2026-09-29 15:57:16,293 INFO  [23] com.example.mqproducer.ProducerWorker - Sent destination=APPQ threadId=23 msg=136 body=[destination=APPQ threadId=23 msg=136]
2026-09-29 15:57:16,555 INFO  [22] com.example.mqproducer.ProducerWorker - Sent destination=APPQ threadId=22 msg=136 body=[destination=APPQ threadId=22 msg=136]
2026-09-29 15:57:17,305 INFO  [23] com.example.mqproducer.ProducerWorker - Sent destination=APPQ threadId=23 msg=137 body=[destination=APPQ threadId=23 msg=137]
2026-09-29 15:57:17,573 INFO  [22] com.example.mqproducer.ProducerWorker - Sent destination=APPQ threadId=22 msg=137 body=[destination=APPQ threadId=22 msg=137]
2026-09-29 15:57:18,325 INFO  [23] com.example.mqproducer.ProducerWorker - Sent destination=APPQ threadId=23 msg=138 body=[destination=APPQ threadId=23 msg=138]
2026-09-29 15:57:18,589 INFO  [22] com.example.mqproducer.ProducerWorker - Sent destination=APPQ threadId=22 msg=138 body=[destination=APPQ threadId=22 msg=138]
2026-09-29 15:57:19,338 INFO  [23] com.example.mqproducer.ProducerWorker - Sent destination=APPQ threadId=23 msg=139 body=[destination=APPQ threadId=23 msg=139]
2026-09-29 15:57:19,346 FINE  [42] java.lang.Runtime - Runtime.exit() called with status: 130
java.lang.Throwable: Runtime.exit(130)
	at java.base/java.lang.Shutdown.logRuntimeExit(Shutdown.java:179)
	at java.base/java.lang.Shutdown.exit(Shutdown.java:160)
	at java.base/java.lang.Terminator$1.handle(Terminator.java:51)
	at java.base/jdk.internal.misc.Signal$1.run(Signal.java:218)
	at java.base/java.lang.Thread.run(Thread.java:1570)
2026-09-29 15:58:09,087 INFO  [1] com.example.mqproducer.Main - Starting MQ producer harness — threads=4  messagesPerThread=150  totalMessages=600  queue=APPQ
2026-09-29 15:58:09,092 INFO  [22] com.example.mqproducer.ProducerWorker - Producer 1 starting
2026-09-29 15:58:09,092 INFO  [23] com.example.mqproducer.ProducerWorker - Producer 2 starting
2026-09-29 15:58:09,093 INFO  [24] com.example.mqproducer.ProducerWorker - Producer 3 starting
2026-09-29 15:58:09,093 INFO  [25] com.example.mqproducer.ProducerWorker - Producer 4 starting
2026-09-29 15:58:09,135 FINER [22] javax.management.mbeanserver - ObjectName = JMImplementation:type=MBeanServerDelegate
2026-09-29 15:58:09,136 FINER [22] javax.management.mbeanserver - name = JMImplementation:type=MBeanServerDelegate
2026-09-29 15:58:09,136 FINER [22] javax.management.mbeanserver - Send create notification of object JMImplementation:type=MBeanServerDelegate
2026-09-29 15:58:09,138 FINER [22] javax.management.mbeanserver - JMX.mbean.registered JMImplementation:type=MBeanServerDelegate
2026-09-29 15:58:09,150 FINER [22] javax.management.misc - Building MBeanInfo for sun.management.RuntimeImpl
2026-09-29 15:58:09,150 FINER [22] javax.management.mbeanserver - ObjectName = java.lang:type=Runtime
2026-09-29 15:58:09,151 FINER [22] javax.management.mbeanserver - name = java.lang:type=Runtime
2026-09-29 15:58:09,151 FINER [22] javax.management.mbeanserver - Send create notification of object java.lang:type=Runtime
2026-09-29 15:58:09,151 FINER [22] javax.management.mbeanserver - JMX.mbean.registered java.lang:type=Runtime
2026-09-29 15:58:09,153 FINER [22] javax.management.misc - Building MBeanInfo for com.sun.management.internal.HotSpotThreadImpl
2026-09-29 15:58:09,155 FINER [22] javax.management.mbeanserver - ObjectName = java.lang:type=Threading
2026-09-29 15:58:09,155 FINER [22] javax.management.mbeanserver - name = java.lang:type=Threading
2026-09-29 15:58:09,155 FINER [22] javax.management.mbeanserver - Send create notification of object java.lang:type=Threading
2026-09-29 15:58:09,155 FINER [22] javax.management.mbeanserver - JMX.mbean.registered java.lang:type=Threading
2026-09-29 15:58:09,161 FINER [22] javax.management.misc - Building MBeanInfo for com.sun.management.internal.OperatingSystemImpl
2026-09-29 15:58:09,161 FINER [22] javax.management.mbeanserver - ObjectName = java.lang:type=OperatingSystem
2026-09-29 15:58:09,161 FINER [22] javax.management.mbeanserver - name = java.lang:type=OperatingSystem
2026-09-29 15:58:09,161 FINER [22] javax.management.mbeanserver - Send create notification of object java.lang:type=OperatingSystem
2026-09-29 15:58:09,161 FINER [22] javax.management.mbeanserver - JMX.mbean.registered java.lang:type=OperatingSystem
2026-09-29 15:58:09,163 FINER [22] javax.management.misc - Building MBeanInfo for sun.management.MemoryManagerImpl
2026-09-29 15:58:09,163 FINER [22] javax.management.mbeanserver - ObjectName = java.lang:name=CodeCacheManager,type=MemoryManager
2026-09-29 15:58:09,163 FINER [22] javax.management.mbeanserver - name = java.lang:name=CodeCacheManager,type=MemoryManager
2026-09-29 15:58:09,163 FINER [22] javax.management.mbeanserver - Send create notification of object java.lang:name=CodeCacheManager,type=MemoryManager
2026-09-29 15:58:09,163 FINER [22] javax.management.mbeanserver - JMX.mbean.registered java.lang:name=CodeCacheManager,type=MemoryManager
2026-09-29 15:58:09,163 FINER [22] javax.management.misc - Building MBeanInfo for sun.management.MemoryManagerImpl
2026-09-29 15:58:09,163 FINER [22] javax.management.mbeanserver - ObjectName = java.lang:name=Metaspace Manager,type=MemoryManager
2026-09-29 15:58:09,163 FINER [22] javax.management.mbeanserver - name = java.lang:name=Metaspace Manager,type=MemoryManager
2026-09-29 15:58:09,163 FINER [22] javax.management.mbeanserver - Send create notification of object java.lang:name=Metaspace Manager,type=MemoryManager
2026-09-29 15:58:09,164 FINER [22] javax.management.mbeanserver - JMX.mbean.registered java.lang:name=Metaspace Manager,type=MemoryManager
2026-09-29 15:58:09,165 FINER [22] javax.management.misc - Building MBeanInfo for sun.management.MemoryPoolImpl
2026-09-29 15:58:09,165 FINER [22] javax.management.mbeanserver - ObjectName = java.lang:name=CodeHeap 'non-nmethods',type=MemoryPool
2026-09-29 15:58:09,165 FINER [22] javax.management.mbeanserver - name = java.lang:name=CodeHeap 'non-nmethods',type=MemoryPool
2026-09-29 15:58:09,165 FINER [22] javax.management.mbeanserver - Send create notification of object java.lang:name=CodeHeap 'non-nmethods',type=MemoryPool
2026-09-29 15:58:09,165 FINER [22] javax.management.mbeanserver - JMX.mbean.registered java.lang:name=CodeHeap 'non-nmethods',type=MemoryPool
2026-09-29 15:58:09,165 FINER [22] javax.management.misc - Building MBeanInfo for sun.management.MemoryPoolImpl
2026-09-29 15:58:09,165 FINER [22] javax.management.mbeanserver - ObjectName = java.lang:name=Metaspace,type=MemoryPool
2026-09-29 15:58:09,165 FINER [22] javax.management.mbeanserver - name = java.lang:name=Metaspace,type=MemoryPool
2026-09-29 15:58:09,165 FINER [22] javax.management.mbeanserver - Send create notification of object java.lang:name=Metaspace,type=MemoryPool
2026-09-29 15:58:09,165 FINER [22] javax.management.mbeanserver - JMX.mbean.registered java.lang:name=Metaspace,type=MemoryPool
2026-09-29 15:58:09,165 FINER [22] javax.management.misc - Building MBeanInfo for sun.management.MemoryPoolImpl
2026-09-29 15:58:09,165 FINER [22] javax.management.mbeanserver - ObjectName = java.lang:name=CodeHeap 'profiled nmethods',type=MemoryPool
2026-09-29 15:58:09,165 FINER [22] javax.management.mbeanserver - name = java.lang:name=CodeHeap 'profiled nmethods',type=MemoryPool
2026-09-29 15:58:09,165 FINER [22] javax.management.mbeanserver - Send create notification of object java.lang:name=CodeHeap 'profiled nmethods',type=MemoryPool
2026-09-29 15:58:09,166 FINER [22] javax.management.mbeanserver - JMX.mbean.registered java.lang:name=CodeHeap 'profiled nmethods',type=MemoryPool
2026-09-29 15:58:09,166 FINER [22] javax.management.misc - Building MBeanInfo for sun.management.MemoryPoolImpl
2026-09-29 15:58:09,166 FINER [22] javax.management.mbeanserver - ObjectName = java.lang:name=Compressed Class Space,type=MemoryPool
2026-09-29 15:58:09,166 FINER [22] javax.management.mbeanserver - name = java.lang:name=Compressed Class Space,type=MemoryPool
2026-09-29 15:58:09,166 FINER [22] javax.management.mbeanserver - Send create notification of object java.lang:name=Compressed Class Space,type=MemoryPool
2026-09-29 15:58:09,166 FINER [22] javax.management.mbeanserver - JMX.mbean.registered java.lang:name=Compressed Class Space,type=MemoryPool
2026-09-29 15:58:09,166 FINER [22] javax.management.misc - Building MBeanInfo for sun.management.MemoryPoolImpl
2026-09-29 15:58:09,166 FINER [22] javax.management.mbeanserver - ObjectName = java.lang:name=G1 Eden Space,type=MemoryPool
2026-09-29 15:58:09,166 FINER [22] javax.management.mbeanserver - name = java.lang:name=G1 Eden Space,type=MemoryPool
2026-09-29 15:58:09,166 FINER [22] javax.management.mbeanserver - Send create notification of object java.lang:name=G1 Eden Space,type=MemoryPool
2026-09-29 15:58:09,166 FINER [22] javax.management.mbeanserver - JMX.mbean.registered java.lang:name=G1 Eden Space,type=MemoryPool
2026-09-29 15:58:09,166 FINER [22] javax.management.misc - Building MBeanInfo for sun.management.MemoryPoolImpl
2026-09-29 15:58:09,166 FINER [22] javax.management.mbeanserver - ObjectName = java.lang:name=G1 Old Gen,type=MemoryPool
2026-09-29 15:58:09,166 FINER [22] javax.management.mbeanserver - name = java.lang:name=G1 Old Gen,type=MemoryPool
2026-09-29 15:58:09,166 FINER [22] javax.management.mbeanserver - Send create notification of object java.lang:name=G1 Old Gen,type=MemoryPool
2026-09-29 15:58:09,166 FINER [22] javax.management.mbeanserver - JMX.mbean.registered java.lang:name=G1 Old Gen,type=MemoryPool
2026-09-29 15:58:09,167 FINER [22] javax.management.misc - Building MBeanInfo for sun.management.MemoryPoolImpl
2026-09-29 15:58:09,167 FINER [22] javax.management.mbeanserver - ObjectName = java.lang:name=G1 Survivor Space,type=MemoryPool
2026-09-29 15:58:09,167 FINER [22] javax.management.mbeanserver - name = java.lang:name=G1 Survivor Space,type=MemoryPool
2026-09-29 15:58:09,167 FINER [22] javax.management.mbeanserver - Send create notification of object java.lang:name=G1 Survivor Space,type=MemoryPool
2026-09-29 15:58:09,167 FINER [22] javax.management.mbeanserver - JMX.mbean.registered java.lang:name=G1 Survivor Space,type=MemoryPool
2026-09-29 15:58:09,168 FINER [22] javax.management.misc - Building MBeanInfo for sun.management.MemoryPoolImpl
2026-09-29 15:58:09,168 FINER [22] javax.management.mbeanserver - ObjectName = java.lang:name=CodeHeap 'non-profiled nmethods',type=MemoryPool
2026-09-29 15:58:09,168 FINER [22] javax.management.mbeanserver - name = java.lang:name=CodeHeap 'non-profiled nmethods',type=MemoryPool
2026-09-29 15:58:09,168 FINER [22] javax.management.mbeanserver - Send create notification of object java.lang:name=CodeHeap 'non-profiled nmethods',type=MemoryPool
2026-09-29 15:58:09,168 FINER [22] javax.management.mbeanserver - JMX.mbean.registered java.lang:name=CodeHeap 'non-profiled nmethods',type=MemoryPool
2026-09-29 15:58:09,168 FINER [22] javax.management.misc - Building MBeanInfo for sun.management.CompilationImpl
2026-09-29 15:58:09,168 FINER [22] javax.management.mbeanserver - ObjectName = java.lang:type=Compilation
2026-09-29 15:58:09,168 FINER [22] javax.management.mbeanserver - name = java.lang:type=Compilation
2026-09-29 15:58:09,168 FINER [22] javax.management.mbeanserver - Send create notification of object java.lang:type=Compilation
2026-09-29 15:58:09,168 FINER [22] javax.management.mbeanserver - JMX.mbean.registered java.lang:type=Compilation
2026-09-29 15:58:09,169 FINER [22] javax.management.misc - Building MBeanInfo for sun.management.MemoryImpl
2026-09-29 15:58:09,169 FINER [22] javax.management.mbeanserver - ObjectName = java.lang:type=Memory
2026-09-29 15:58:09,169 FINER [22] javax.management.mbeanserver - name = java.lang:type=Memory
2026-09-29 15:58:09,169 FINER [22] javax.management.mbeanserver - Send create notification of object java.lang:type=Memory
2026-09-29 15:58:09,169 FINER [22] javax.management.mbeanserver - JMX.mbean.registered java.lang:type=Memory
2026-09-29 15:58:09,170 FINER [22] javax.management.misc - Building MBeanInfo for sun.management.ManagementFactoryHelper$PlatformLoggingImpl
2026-09-29 15:58:09,170 FINER [22] javax.management.mbeanserver - ObjectName = java.util.logging:type=Logging
2026-09-29 15:58:09,170 FINER [22] javax.management.mbeanserver - name = java.util.logging:type=Logging
2026-09-29 15:58:09,170 FINER [22] javax.management.mbeanserver - Send create notification of object java.util.logging:type=Logging
2026-09-29 15:58:09,171 FINER [22] javax.management.mbeanserver - JMX.mbean.registered java.util.logging:type=Logging
2026-09-29 15:58:09,171 FINER [22] javax.management.misc - Building MBeanInfo for sun.management.ClassLoadingImpl
2026-09-29 15:58:09,171 FINER [22] javax.management.mbeanserver - ObjectName = java.lang:type=ClassLoading
2026-09-29 15:58:09,171 FINER [22] javax.management.mbeanserver - name = java.lang:type=ClassLoading
2026-09-29 15:58:09,171 FINER [22] javax.management.mbeanserver - Send create notification of object java.lang:type=ClassLoading
2026-09-29 15:58:09,171 FINER [22] javax.management.mbeanserver - JMX.mbean.registered java.lang:type=ClassLoading
2026-09-29 15:58:09,219 FINER [22] javax.management.mbeanserver - ObjectName = com.sun.management:type=DiagnosticCommand
2026-09-29 15:58:09,219 FINER [22] javax.management.mbeanserver - name = com.sun.management:type=DiagnosticCommand
2026-09-29 15:58:09,219 FINER [22] javax.management.mbeanserver - Send create notification of object com.sun.management:type=DiagnosticCommand
2026-09-29 15:58:09,219 FINER [22] javax.management.mbeanserver - JMX.mbean.registered com.sun.management:type=DiagnosticCommand
2026-09-29 15:58:09,221 FINER [22] javax.management.misc - Building MBeanInfo for com.sun.management.internal.GarbageCollectorExtImpl
2026-09-29 15:58:09,221 FINER [22] javax.management.mbeanserver - ObjectName = java.lang:name=G1 Young Generation,type=GarbageCollector
2026-09-29 15:58:09,221 FINER [22] javax.management.mbeanserver - name = java.lang:name=G1 Young Generation,type=GarbageCollector
2026-09-29 15:58:09,222 FINER [22] javax.management.mbeanserver - Send create notification of object java.lang:name=G1 Young Generation,type=GarbageCollector
2026-09-29 15:58:09,222 FINER [22] javax.management.mbeanserver - JMX.mbean.registered java.lang:name=G1 Young Generation,type=GarbageCollector
2026-09-29 15:58:09,222 FINER [22] javax.management.misc - Building MBeanInfo for com.sun.management.internal.GarbageCollectorExtImpl
2026-09-29 15:58:09,222 FINER [22] javax.management.mbeanserver - ObjectName = java.lang:name=G1 Concurrent GC,type=GarbageCollector
2026-09-29 15:58:09,222 FINER [22] javax.management.mbeanserver - name = java.lang:name=G1 Concurrent GC,type=GarbageCollector
2026-09-29 15:58:09,222 FINER [22] javax.management.mbeanserver - Send create notification of object java.lang:name=G1 Concurrent GC,type=GarbageCollector
2026-09-29 15:58:09,222 FINER [22] javax.management.mbeanserver - JMX.mbean.registered java.lang:name=G1 Concurrent GC,type=GarbageCollector
2026-09-29 15:58:09,222 FINER [22] javax.management.misc - Building MBeanInfo for com.sun.management.internal.GarbageCollectorExtImpl
2026-09-29 15:58:09,223 FINER [22] javax.management.mbeanserver - ObjectName = java.lang:name=G1 Old Generation,type=GarbageCollector
2026-09-29 15:58:09,223 FINER [22] javax.management.mbeanserver - name = java.lang:name=G1 Old Generation,type=GarbageCollector
2026-09-29 15:58:09,223 FINER [22] javax.management.mbeanserver - Send create notification of object java.lang:name=G1 Old Generation,type=GarbageCollector
2026-09-29 15:58:09,223 FINER [22] javax.management.mbeanserver - JMX.mbean.registered java.lang:name=G1 Old Generation,type=GarbageCollector
2026-09-29 15:58:09,226 FINER [22] javax.management.misc - Building MBeanInfo for com.sun.management.internal.HotSpotDiagnostic
2026-09-29 15:58:09,226 FINER [22] javax.management.mbeanserver - ObjectName = com.sun.management:type=HotSpotDiagnostic
2026-09-29 15:58:09,226 FINER [22] javax.management.mbeanserver - name = com.sun.management:type=HotSpotDiagnostic
2026-09-29 15:58:09,226 FINER [22] javax.management.mbeanserver - Send create notification of object com.sun.management:type=HotSpotDiagnostic
2026-09-29 15:58:09,226 FINER [22] javax.management.mbeanserver - JMX.mbean.registered com.sun.management:type=HotSpotDiagnostic
2026-09-29 15:58:09,229 FINER [22] javax.management.misc - Building MBeanInfo for sun.management.ManagementFactoryHelper$1
2026-09-29 15:58:09,229 FINER [22] javax.management.mbeanserver - ObjectName = java.nio:name=mapped,type=BufferPool
2026-09-29 15:58:09,229 FINER [22] javax.management.mbeanserver - name = java.nio:name=mapped,type=BufferPool
2026-09-29 15:58:09,229 FINER [22] javax.management.mbeanserver - Send create notification of object java.nio:name=mapped,type=BufferPool
2026-09-29 15:58:09,229 FINER [22] javax.management.mbeanserver - JMX.mbean.registered java.nio:name=mapped,type=BufferPool
2026-09-29 15:58:09,229 FINER [22] javax.management.misc - Building MBeanInfo for sun.management.ManagementFactoryHelper$1
2026-09-29 15:58:09,229 FINER [22] javax.management.mbeanserver - ObjectName = java.nio:name=direct,type=BufferPool
2026-09-29 15:58:09,229 FINER [22] javax.management.mbeanserver - name = java.nio:name=direct,type=BufferPool
2026-09-29 15:58:09,229 FINER [22] javax.management.mbeanserver - Send create notification of object java.nio:name=direct,type=BufferPool
2026-09-29 15:58:09,229 FINER [22] javax.management.mbeanserver - JMX.mbean.registered java.nio:name=direct,type=BufferPool
2026-09-29 15:58:09,229 FINER [22] javax.management.misc - Building MBeanInfo for sun.management.ManagementFactoryHelper$1
2026-09-29 15:58:09,230 FINER [22] javax.management.mbeanserver - ObjectName = java.nio:name=mapped - 'non-volatile memory',type=BufferPool
2026-09-29 15:58:09,230 FINER [22] javax.management.mbeanserver - name = java.nio:name=mapped - 'non-volatile memory',type=BufferPool
2026-09-29 15:58:09,230 FINER [22] javax.management.mbeanserver - Send create notification of object java.nio:name=mapped - 'non-volatile memory',type=BufferPool
2026-09-29 15:58:09,230 FINER [22] javax.management.mbeanserver - JMX.mbean.registered java.nio:name=mapped - 'non-volatile memory',type=BufferPool
2026-09-29 15:58:09,234 FINER [22] javax.management.misc - Building MBeanInfo for jdk.management.jfr.FlightRecorderMXBeanImpl
2026-09-29 15:58:09,236 FINER [22] javax.management.mbeanserver - ObjectName = jdk.management.jfr:type=FlightRecorder
2026-09-29 15:58:09,236 FINER [22] javax.management.mbeanserver - name = jdk.management.jfr:type=FlightRecorder
2026-09-29 15:58:09,236 FINER [22] javax.management.mbeanserver - Send create notification of object jdk.management.jfr:type=FlightRecorder
2026-09-29 15:58:09,236 FINER [22] javax.management.mbeanserver - JMX.mbean.registered jdk.management.jfr:type=FlightRecorder
2026-09-29 15:58:09,238 FINER [22] javax.management.misc - Building MBeanInfo for com.ibm.msg.client.commonservices.propertystore.PropertyStoreControlImpl
2026-09-29 15:58:09,239 FINER [22] javax.management.mbeanserver - ObjectName = IBM MQ:type=CommonServices,name=PropertyStoreControl
2026-09-29 15:58:09,239 FINER [22] javax.management.mbeanserver - name = IBM MQ:type=CommonServices,name=PropertyStoreControl
2026-09-29 15:58:09,239 FINER [22] javax.management.mbeanserver - Send create notification of object IBM MQ:name=PropertyStoreControl,type=CommonServices
2026-09-29 15:58:09,239 FINER [22] javax.management.mbeanserver - JMX.mbean.registered IBM MQ:type=CommonServices,name=PropertyStoreControl
2026-09-29 15:58:09,264 FINER [22] javax.management.misc - Building MBeanInfo for com.ibm.msg.client.commonservices.propertystore.PropertyStoreControlImpl
2026-09-29 15:58:09,265 FINER [22] javax.management.mbeanserver - ObjectName = IBM MQ:type=CommonServices,name=PropertyStoreControl
2026-09-29 15:58:09,265 FINER [22] javax.management.mbeanserver - name = IBM MQ:type=CommonServices,name=PropertyStoreControl
2026-09-29 15:58:09,797 INFO  [24] com.example.mqproducer.ProducerWorker - Sent destination=APPQ threadId=24 msg=1 body=[destination=APPQ threadId=24 msg=1]
2026-09-29 15:58:09,797 INFO  [23] com.example.mqproducer.ProducerWorker - Sent destination=APPQ threadId=23 msg=1 body=[destination=APPQ threadId=23 msg=1]
2026-09-29 15:58:09,797 INFO  [25] com.example.mqproducer.ProducerWorker - Sent destination=APPQ threadId=25 msg=1 body=[destination=APPQ threadId=25 msg=1]
2026-09-29 15:58:09,934 INFO  [22] com.example.mqproducer.ProducerWorker - Sent destination=APPQ threadId=22 msg=1 body=[destination=APPQ threadId=22 msg=1]
2026-09-29 15:58:10,806 INFO  [24] com.example.mqproducer.ProducerWorker - Sent destination=APPQ threadId=24 msg=2 body=[destination=APPQ threadId=24 msg=2]
2026-09-29 15:58:10,806 INFO  [25] com.example.mqproducer.ProducerWorker - Sent destination=APPQ threadId=25 msg=2 body=[destination=APPQ threadId=25 msg=2]
2026-09-29 15:58:10,809 INFO  [23] com.example.mqproducer.ProducerWorker - Sent destination=APPQ threadId=23 msg=2 body=[destination=APPQ threadId=23 msg=2]
2026-09-29 15:58:10,947 INFO  [22] com.example.mqproducer.ProducerWorker - Sent destination=APPQ threadId=22 msg=2 body=[destination=APPQ threadId=22 msg=2]
2026-09-29 15:58:11,825 INFO  [23] com.example.mqproducer.ProducerWorker - Sent destination=APPQ threadId=23 msg=3 body=[destination=APPQ threadId=23 msg=3]
2026-09-29 15:58:11,825 INFO  [24] com.example.mqproducer.ProducerWorker - Sent destination=APPQ threadId=24 msg=3 body=[destination=APPQ threadId=24 msg=3]
2026-09-29 15:58:11,825 INFO  [25] com.example.mqproducer.ProducerWorker - Sent destination=APPQ threadId=25 msg=3 body=[destination=APPQ threadId=25 msg=3]
2026-09-29 15:58:11,962 INFO  [22] com.example.mqproducer.ProducerWorker - Sent destination=APPQ threadId=22 msg=3 body=[destination=APPQ threadId=22 msg=3]
2026-09-29 15:58:12,837 INFO  [23] com.example.mqproducer.ProducerWorker - Sent destination=APPQ threadId=23 msg=4 body=[destination=APPQ threadId=23 msg=4]
2026-09-29 15:58:12,837 INFO  [25] com.example.mqproducer.ProducerWorker - Sent destination=APPQ threadId=25 msg=4 body=[destination=APPQ threadId=25 msg=4]
2026-09-29 15:58:12,837 INFO  [24] com.example.mqproducer.ProducerWorker - Sent destination=APPQ threadId=24 msg=4 body=[destination=APPQ threadId=24 msg=4]
2026-09-29 15:58:12,976 INFO  [22] com.example.mqproducer.ProducerWorker - Sent destination=APPQ threadId=22 msg=4 body=[destination=APPQ threadId=22 msg=4]
2026-09-29 15:58:13,856 INFO  [23] com.example.mqproducer.ProducerWorker - Sent destination=APPQ threadId=23 msg=5 body=[destination=APPQ threadId=23 msg=5]
2026-09-29 15:58:13,857 INFO  [24] com.example.mqproducer.ProducerWorker - Sent destination=APPQ threadId=24 msg=5 body=[destination=APPQ threadId=24 msg=5]
2026-09-29 15:58:13,857 INFO  [25] com.example.mqproducer.ProducerWorker - Sent destination=APPQ threadId=25 msg=5 body=[destination=APPQ threadId=25 msg=5]
2026-09-29 15:58:13,982 INFO  [22] com.example.mqproducer.ProducerWorker - Sent destination=APPQ threadId=22 msg=5 body=[destination=APPQ threadId=22 msg=5]
2026-09-29 15:58:14,865 INFO  [24] com.example.mqproducer.ProducerWorker - Sent destination=APPQ threadId=24 msg=6 body=[destination=APPQ threadId=24 msg=6]
2026-09-29 15:58:14,865 INFO  [25] com.example.mqproducer.ProducerWorker - Sent destination=APPQ threadId=25 msg=6 body=[destination=APPQ threadId=25 msg=6]
2026-09-29 15:58:14,868 INFO  [23] com.example.mqproducer.ProducerWorker - Sent destination=APPQ threadId=23 msg=6 body=[destination=APPQ threadId=23 msg=6]
2026-09-29 15:58:14,992 INFO  [22] com.example.mqproducer.ProducerWorker - Sent destination=APPQ threadId=22 msg=6 body=[destination=APPQ threadId=22 msg=6]
2026-09-29 15:58:15,882 INFO  [23] com.example.mqproducer.ProducerWorker - Sent destination=APPQ threadId=23 msg=7 body=[destination=APPQ threadId=23 msg=7]
2026-09-29 15:58:15,882 INFO  [24] com.example.mqproducer.ProducerWorker - Sent destination=APPQ threadId=24 msg=7 body=[destination=APPQ threadId=24 msg=7]
2026-09-29 15:58:15,883 INFO  [25] com.example.mqproducer.ProducerWorker - Sent destination=APPQ threadId=25 msg=7 body=[destination=APPQ threadId=25 msg=7]
2026-09-29 15:58:16,012 INFO  [22] com.example.mqproducer.ProducerWorker - Sent destination=APPQ threadId=22 msg=7 body=[destination=APPQ threadId=22 msg=7]
2026-09-29 15:58:16,888 INFO  [23] com.example.mqproducer.ProducerWorker - Sent destination=APPQ threadId=23 msg=8 body=[destination=APPQ threadId=23 msg=8]
2026-09-29 15:58:16,903 INFO  [25] com.example.mqproducer.ProducerWorker - Sent destination=APPQ threadId=25 msg=8 body=[destination=APPQ threadId=25 msg=8]
2026-09-29 15:58:16,905 INFO  [24] com.example.mqproducer.ProducerWorker - Sent destination=APPQ threadId=24 msg=8 body=[destination=APPQ threadId=24 msg=8]
2026-09-29 15:58:17,022 INFO  [22] com.example.mqproducer.ProducerWorker - Sent destination=APPQ threadId=22 msg=8 body=[destination=APPQ threadId=22 msg=8]
2026-09-29 15:58:17,900 INFO  [23] com.example.mqproducer.ProducerWorker - Sent destination=APPQ threadId=23 msg=9 body=[destination=APPQ threadId=23 msg=9]
2026-09-29 15:58:17,917 INFO  [24] com.example.mqproducer.ProducerWorker - Sent destination=APPQ threadId=24 msg=9 body=[destination=APPQ threadId=24 msg=9]
2026-09-29 15:58:17,917 INFO  [25] com.example.mqproducer.ProducerWorker - Sent destination=APPQ threadId=25 msg=9 body=[destination=APPQ threadId=25 msg=9]
2026-09-29 15:58:18,038 INFO  [22] com.example.mqproducer.ProducerWorker - Sent destination=APPQ threadId=22 msg=9 body=[destination=APPQ threadId=22 msg=9]
2026-09-29 15:58:18,916 INFO  [23] com.example.mqproducer.ProducerWorker - Sent destination=APPQ threadId=23 msg=10 body=[destination=APPQ threadId=23 msg=10]
2026-09-29 15:58:18,930 INFO  [24] com.example.mqproducer.ProducerWorker - Sent destination=APPQ threadId=24 msg=10 body=[destination=APPQ threadId=24 msg=10]
2026-09-29 15:58:18,930 INFO  [25] com.example.mqproducer.ProducerWorker - Sent destination=APPQ threadId=25 msg=10 body=[destination=APPQ threadId=25 msg=10]
2026-09-29 15:58:19,054 INFO  [22] com.example.mqproducer.ProducerWorker - Sent destination=APPQ threadId=22 msg=10 body=[destination=APPQ threadId=22 msg=10]
2026-09-29 15:58:19,920 INFO  [23] com.example.mqproducer.ProducerWorker - Sent destination=APPQ threadId=23 msg=11 body=[destination=APPQ threadId=23 msg=11]
2026-09-29 15:58:19,946 INFO  [24] com.example.mqproducer.ProducerWorker - Sent destination=APPQ threadId=24 msg=11 body=[destination=APPQ threadId=24 msg=11]
2026-09-29 15:58:19,947 INFO  [25] com.example.mqproducer.ProducerWorker - Sent destination=APPQ threadId=25 msg=11 body=[destination=APPQ threadId=25 msg=11]
2026-09-29 15:58:20,060 INFO  [22] com.example.mqproducer.ProducerWorker - Sent destination=APPQ threadId=22 msg=11 body=[destination=APPQ threadId=22 msg=11]
2026-09-29 15:58:20,931 INFO  [23] com.example.mqproducer.ProducerWorker - Sent destination=APPQ threadId=23 msg=12 body=[destination=APPQ threadId=23 msg=12]
2026-09-29 15:58:20,961 INFO  [24] com.example.mqproducer.ProducerWorker - Sent destination=APPQ threadId=24 msg=12 body=[destination=APPQ threadId=24 msg=12]
2026-09-29 15:58:20,961 INFO  [25] com.example.mqproducer.ProducerWorker - Sent destination=APPQ threadId=25 msg=12 body=[destination=APPQ threadId=25 msg=12]
2026-09-29 15:58:21,072 INFO  [22] com.example.mqproducer.ProducerWorker - Sent destination=APPQ threadId=22 msg=12 body=[destination=APPQ threadId=22 msg=12]
2026-09-29 15:58:21,945 INFO  [23] com.example.mqproducer.ProducerWorker - Sent destination=APPQ threadId=23 msg=13 body=[destination=APPQ threadId=23 msg=13]
2026-09-29 15:58:21,976 INFO  [25] com.example.mqproducer.ProducerWorker - Sent destination=APPQ threadId=25 msg=13 body=[destination=APPQ threadId=25 msg=13]
2026-09-29 15:58:21,976 INFO  [24] com.example.mqproducer.ProducerWorker - Sent destination=APPQ threadId=24 msg=13 body=[destination=APPQ threadId=24 msg=13]
2026-09-29 15:58:22,089 INFO  [22] com.example.mqproducer.ProducerWorker - Sent destination=APPQ threadId=22 msg=13 body=[destination=APPQ threadId=22 msg=13]
2026-09-29 15:58:22,959 INFO  [23] com.example.mqproducer.ProducerWorker - Sent destination=APPQ threadId=23 msg=14 body=[destination=APPQ threadId=23 msg=14]
2026-09-29 15:58:22,991 INFO  [25] com.example.mqproducer.ProducerWorker - Sent destination=APPQ threadId=25 msg=14 body=[destination=APPQ threadId=25 msg=14]
2026-09-29 15:58:22,991 INFO  [24] com.example.mqproducer.ProducerWorker - Sent destination=APPQ threadId=24 msg=14 body=[destination=APPQ threadId=24 msg=14]
2026-09-29 15:58:23,102 INFO  [22] com.example.mqproducer.ProducerWorker - Sent destination=APPQ threadId=22 msg=14 body=[destination=APPQ threadId=22 msg=14]
2026-09-29 15:58:23,976 INFO  [23] com.example.mqproducer.ProducerWorker - Sent destination=APPQ threadId=23 msg=15 body=[destination=APPQ threadId=23 msg=15]
2026-09-29 15:58:23,994 INFO  [24] com.example.mqproducer.ProducerWorker - Sent destination=APPQ threadId=24 msg=15 body=[destination=APPQ threadId=24 msg=15]
2026-09-29 15:58:23,994 INFO  [25] com.example.mqproducer.ProducerWorker - Sent destination=APPQ threadId=25 msg=15 body=[destination=APPQ threadId=25 msg=15]
2026-09-29 15:58:24,120 INFO  [22] com.example.mqproducer.ProducerWorker - Sent destination=APPQ threadId=22 msg=15 body=[destination=APPQ threadId=22 msg=15]
2026-09-29 15:58:24,993 INFO  [23] com.example.mqproducer.ProducerWorker - Sent destination=APPQ threadId=23 msg=16 body=[destination=APPQ threadId=23 msg=16]
2026-09-29 15:58:25,009 INFO  [24] com.example.mqproducer.ProducerWorker - Sent destination=APPQ threadId=24 msg=16 body=[destination=APPQ threadId=24 msg=16]
2026-09-29 15:58:25,009 INFO  [25] com.example.mqproducer.ProducerWorker - Sent destination=APPQ threadId=25 msg=16 body=[destination=APPQ threadId=25 msg=16]
2026-09-29 15:58:25,137 INFO  [22] com.example.mqproducer.ProducerWorker - Sent destination=APPQ threadId=22 msg=16 body=[destination=APPQ threadId=22 msg=16]
2026-09-29 15:58:26,008 INFO  [23] com.example.mqproducer.ProducerWorker - Sent destination=APPQ threadId=23 msg=17 body=[destination=APPQ threadId=23 msg=17]
2026-09-29 15:58:26,022 INFO  [25] com.example.mqproducer.ProducerWorker - Sent destination=APPQ threadId=25 msg=17 body=[destination=APPQ threadId=25 msg=17]
2026-09-29 15:58:26,022 INFO  [24] com.example.mqproducer.ProducerWorker - Sent destination=APPQ threadId=24 msg=17 body=[destination=APPQ threadId=24 msg=17]
2026-09-29 15:58:26,149 INFO  [22] com.example.mqproducer.ProducerWorker - Sent destination=APPQ threadId=22 msg=17 body=[destination=APPQ threadId=22 msg=17]
2026-09-29 15:58:27,023 INFO  [23] com.example.mqproducer.ProducerWorker - Sent destination=APPQ threadId=23 msg=18 body=[destination=APPQ threadId=23 msg=18]
2026-09-29 15:58:27,040 INFO  [24] com.example.mqproducer.ProducerWorker - Sent destination=APPQ threadId=24 msg=18 body=[destination=APPQ threadId=24 msg=18]
2026-09-29 15:58:27,040 INFO  [25] com.example.mqproducer.ProducerWorker - Sent destination=APPQ threadId=25 msg=18 body=[destination=APPQ threadId=25 msg=18]
2026-09-29 15:58:27,169 INFO  [22] com.example.mqproducer.ProducerWorker - Sent destination=APPQ threadId=22 msg=18 body=[destination=APPQ threadId=22 msg=18]
2026-09-29 15:58:28,037 INFO  [23] com.example.mqproducer.ProducerWorker - Sent destination=APPQ threadId=23 msg=19 body=[destination=APPQ threadId=23 msg=19]
2026-09-29 15:58:28,056 INFO  [24] com.example.mqproducer.ProducerWorker - Sent destination=APPQ threadId=24 msg=19 body=[destination=APPQ threadId=24 msg=19]
2026-09-29 15:58:28,180 INFO  [22] com.example.mqproducer.ProducerWorker - Sent destination=APPQ threadId=22 msg=19 body=[destination=APPQ threadId=22 msg=19]
2026-09-29 15:58:28,198 INFO  [25] com.example.mqproducer.ProducerWorker - Sent destination=APPQ threadId=25 msg=19 body=[destination=APPQ threadId=25 msg=19]
2026-09-29 15:58:29,053 INFO  [23] com.example.mqproducer.ProducerWorker - Sent destination=APPQ threadId=23 msg=20 body=[destination=APPQ threadId=23 msg=20]
2026-09-29 15:58:29,069 INFO  [24] com.example.mqproducer.ProducerWorker - Sent destination=APPQ threadId=24 msg=20 body=[destination=APPQ threadId=24 msg=20]
2026-09-29 15:58:29,195 INFO  [22] com.example.mqproducer.ProducerWorker - Sent destination=APPQ threadId=22 msg=20 body=[destination=APPQ threadId=22 msg=20]
2026-09-29 15:58:29,211 INFO  [25] com.example.mqproducer.ProducerWorker - Sent destination=APPQ threadId=25 msg=20 body=[destination=APPQ threadId=25 msg=20]
2026-09-29 15:58:30,068 INFO  [23] com.example.mqproducer.ProducerWorker - Sent destination=APPQ threadId=23 msg=21 body=[destination=APPQ threadId=23 msg=21]
2026-09-29 15:58:30,082 INFO  [24] com.example.mqproducer.ProducerWorker - Sent destination=APPQ threadId=24 msg=21 body=[destination=APPQ threadId=24 msg=21]
2026-09-29 15:58:30,204 INFO  [22] com.example.mqproducer.ProducerWorker - Sent destination=APPQ threadId=22 msg=21 body=[destination=APPQ threadId=22 msg=21]
2026-09-29 15:58:30,220 INFO  [25] com.example.mqproducer.ProducerWorker - Sent destination=APPQ threadId=25 msg=21 body=[destination=APPQ threadId=25 msg=21]
2026-09-29 15:58:31,070 INFO  [23] com.example.mqproducer.ProducerWorker - Sent destination=APPQ threadId=23 msg=22 body=[destination=APPQ threadId=23 msg=22]
2026-09-29 15:58:31,087 INFO  [24] com.example.mqproducer.ProducerWorker - Sent destination=APPQ threadId=24 msg=22 body=[destination=APPQ threadId=24 msg=22]
2026-09-29 15:58:31,215 INFO  [22] com.example.mqproducer.ProducerWorker - Sent destination=APPQ threadId=22 msg=22 body=[destination=APPQ threadId=22 msg=22]
2026-09-29 15:58:31,231 INFO  [25] com.example.mqproducer.ProducerWorker - Sent destination=APPQ threadId=25 msg=22 body=[destination=APPQ threadId=25 msg=22]
2026-09-29 15:58:32,074 INFO  [23] com.example.mqproducer.ProducerWorker - Sent destination=APPQ threadId=23 msg=23 body=[destination=APPQ threadId=23 msg=23]
2026-09-29 15:58:32,108 INFO  [24] com.example.mqproducer.ProducerWorker - Sent destination=APPQ threadId=24 msg=23 body=[destination=APPQ threadId=24 msg=23]
2026-09-29 15:58:32,227 INFO  [22] com.example.mqproducer.ProducerWorker - Sent destination=APPQ threadId=22 msg=23 body=[destination=APPQ threadId=22 msg=23]
2026-09-29 15:58:32,241 INFO  [25] com.example.mqproducer.ProducerWorker - Sent destination=APPQ threadId=25 msg=23 body=[destination=APPQ threadId=25 msg=23]
2026-09-29 15:58:33,087 INFO  [23] com.example.mqproducer.ProducerWorker - Sent destination=APPQ threadId=23 msg=24 body=[destination=APPQ threadId=23 msg=24]
2026-09-29 15:58:33,119 INFO  [24] com.example.mqproducer.ProducerWorker - Sent destination=APPQ threadId=24 msg=24 body=[destination=APPQ threadId=24 msg=24]
2026-09-29 15:58:33,233 INFO  [22] com.example.mqproducer.ProducerWorker - Sent destination=APPQ threadId=22 msg=24 body=[destination=APPQ threadId=22 msg=24]
2026-09-29 15:58:33,251 INFO  [25] com.example.mqproducer.ProducerWorker - Sent destination=APPQ threadId=25 msg=24 body=[destination=APPQ threadId=25 msg=24]
2026-09-29 15:58:34,103 INFO  [23] com.example.mqproducer.ProducerWorker - Sent destination=APPQ threadId=23 msg=25 body=[destination=APPQ threadId=23 msg=25]
2026-09-29 15:58:34,135 INFO  [24] com.example.mqproducer.ProducerWorker - Sent destination=APPQ threadId=24 msg=25 body=[destination=APPQ threadId=24 msg=25]
2026-09-29 15:58:34,243 INFO  [22] com.example.mqproducer.ProducerWorker - Sent destination=APPQ threadId=22 msg=25 body=[destination=APPQ threadId=22 msg=25]
2026-09-29 15:58:34,258 INFO  [25] com.example.mqproducer.ProducerWorker - Sent destination=APPQ threadId=25 msg=25 body=[destination=APPQ threadId=25 msg=25]
2026-09-29 15:58:35,115 INFO  [23] com.example.mqproducer.ProducerWorker - Sent destination=APPQ threadId=23 msg=26 body=[destination=APPQ threadId=23 msg=26]
2026-09-29 15:58:35,146 INFO  [24] com.example.mqproducer.ProducerWorker - Sent destination=APPQ threadId=24 msg=26 body=[destination=APPQ threadId=24 msg=26]
2026-09-29 15:58:35,255 INFO  [22] com.example.mqproducer.ProducerWorker - Sent destination=APPQ threadId=22 msg=26 body=[destination=APPQ threadId=22 msg=26]
2026-09-29 15:58:35,270 INFO  [25] com.example.mqproducer.ProducerWorker - Sent destination=APPQ threadId=25 msg=26 body=[destination=APPQ threadId=25 msg=26]
2026-09-29 15:58:36,119 INFO  [23] com.example.mqproducer.ProducerWorker - Sent destination=APPQ threadId=23 msg=27 body=[destination=APPQ threadId=23 msg=27]
2026-09-29 15:58:36,149 INFO  [24] com.example.mqproducer.ProducerWorker - Sent destination=APPQ threadId=24 msg=27 body=[destination=APPQ threadId=24 msg=27]
2026-09-29 15:58:36,259 INFO  [22] com.example.mqproducer.ProducerWorker - Sent destination=APPQ threadId=22 msg=27 body=[destination=APPQ threadId=22 msg=27]
2026-09-29 15:58:36,274 INFO  [25] com.example.mqproducer.ProducerWorker - Sent destination=APPQ threadId=25 msg=27 body=[destination=APPQ threadId=25 msg=27]
2026-09-29 15:58:37,139 INFO  [23] com.example.mqproducer.ProducerWorker - Sent destination=APPQ threadId=23 msg=28 body=[destination=APPQ threadId=23 msg=28]
2026-09-29 15:58:37,167 INFO  [24] com.example.mqproducer.ProducerWorker - Sent destination=APPQ threadId=24 msg=28 body=[destination=APPQ threadId=24 msg=28]
2026-09-29 15:58:37,277 INFO  [22] com.example.mqproducer.ProducerWorker - Sent destination=APPQ threadId=22 msg=28 body=[destination=APPQ threadId=22 msg=28]
2026-09-29 15:58:37,289 INFO  [25] com.example.mqproducer.ProducerWorker - Sent destination=APPQ threadId=25 msg=28 body=[destination=APPQ threadId=25 msg=28]
2026-09-29 15:58:38,151 INFO  [23] com.example.mqproducer.ProducerWorker - Sent destination=APPQ threadId=23 msg=29 body=[destination=APPQ threadId=23 msg=29]
2026-09-29 15:58:38,182 INFO  [24] com.example.mqproducer.ProducerWorker - Sent destination=APPQ threadId=24 msg=29 body=[destination=APPQ threadId=24 msg=29]
2026-09-29 15:58:38,295 INFO  [22] com.example.mqproducer.ProducerWorker - Sent destination=APPQ threadId=22 msg=29 body=[destination=APPQ threadId=22 msg=29]
2026-09-29 15:58:38,295 INFO  [25] com.example.mqproducer.ProducerWorker - Sent destination=APPQ threadId=25 msg=29 body=[destination=APPQ threadId=25 msg=29]
2026-09-29 15:58:39,169 INFO  [23] com.example.mqproducer.ProducerWorker - Sent destination=APPQ threadId=23 msg=30 body=[destination=APPQ threadId=23 msg=30]
2026-09-29 15:58:39,202 INFO  [24] com.example.mqproducer.ProducerWorker - Sent destination=APPQ threadId=24 msg=30 body=[destination=APPQ threadId=24 msg=30]
2026-09-29 15:58:39,307 INFO  [25] com.example.mqproducer.ProducerWorker - Sent destination=APPQ threadId=25 msg=30 body=[destination=APPQ threadId=25 msg=30]
2026-09-29 15:58:39,308 INFO  [22] com.example.mqproducer.ProducerWorker - Sent destination=APPQ threadId=22 msg=30 body=[destination=APPQ threadId=22 msg=30]
2026-09-29 15:58:40,181 INFO  [23] com.example.mqproducer.ProducerWorker - Sent destination=APPQ threadId=23 msg=31 body=[destination=APPQ threadId=23 msg=31]
2026-09-29 15:58:40,214 INFO  [24] com.example.mqproducer.ProducerWorker - Sent destination=APPQ threadId=24 msg=31 body=[destination=APPQ threadId=24 msg=31]
2026-09-29 15:58:40,322 INFO  [22] com.example.mqproducer.ProducerWorker - Sent destination=APPQ threadId=22 msg=31 body=[destination=APPQ threadId=22 msg=31]
2026-09-29 15:58:40,323 INFO  [25] com.example.mqproducer.ProducerWorker - Sent destination=APPQ threadId=25 msg=31 body=[destination=APPQ threadId=25 msg=31]
2026-09-29 15:58:41,199 INFO  [23] com.example.mqproducer.ProducerWorker - Sent destination=APPQ threadId=23 msg=32 body=[destination=APPQ threadId=23 msg=32]
2026-09-29 15:58:41,227 INFO  [24] com.example.mqproducer.ProducerWorker - Sent destination=APPQ threadId=24 msg=32 body=[destination=APPQ threadId=24 msg=32]
2026-09-29 15:58:41,329 INFO  [25] com.example.mqproducer.ProducerWorker - Sent destination=APPQ threadId=25 msg=32 body=[destination=APPQ threadId=25 msg=32]
2026-09-29 15:58:41,329 INFO  [22] com.example.mqproducer.ProducerWorker - Sent destination=APPQ threadId=22 msg=32 body=[destination=APPQ threadId=22 msg=32]
2026-09-29 15:58:42,214 INFO  [23] com.example.mqproducer.ProducerWorker - Sent destination=APPQ threadId=23 msg=33 body=[destination=APPQ threadId=23 msg=33]
2026-09-29 15:58:42,244 INFO  [24] com.example.mqproducer.ProducerWorker - Sent destination=APPQ threadId=24 msg=33 body=[destination=APPQ threadId=24 msg=33]
2026-09-29 15:58:42,338 INFO  [25] com.example.mqproducer.ProducerWorker - Sent destination=APPQ threadId=25 msg=33 body=[destination=APPQ threadId=25 msg=33]
2026-09-29 15:58:42,338 INFO  [22] com.example.mqproducer.ProducerWorker - Sent destination=APPQ threadId=22 msg=33 body=[destination=APPQ threadId=22 msg=33]
2026-09-29 15:58:43,229 INFO  [23] com.example.mqproducer.ProducerWorker - Sent destination=APPQ threadId=23 msg=34 body=[destination=APPQ threadId=23 msg=34]
2026-09-29 15:58:43,260 INFO  [24] com.example.mqproducer.ProducerWorker - Sent destination=APPQ threadId=24 msg=34 body=[destination=APPQ threadId=24 msg=34]
2026-09-29 15:58:43,354 INFO  [22] com.example.mqproducer.ProducerWorker - Sent destination=APPQ threadId=22 msg=34 body=[destination=APPQ threadId=22 msg=34]
2026-09-29 15:58:43,354 INFO  [25] com.example.mqproducer.ProducerWorker - Sent destination=APPQ threadId=25 msg=34 body=[destination=APPQ threadId=25 msg=34]
2026-09-29 15:58:44,249 INFO  [23] com.example.mqproducer.ProducerWorker - Sent destination=APPQ threadId=23 msg=35 body=[destination=APPQ threadId=23 msg=35]
2026-09-29 15:58:44,265 INFO  [24] com.example.mqproducer.ProducerWorker - Sent destination=APPQ threadId=24 msg=35 body=[destination=APPQ threadId=24 msg=35]
2026-09-29 15:58:44,369 INFO  [25] com.example.mqproducer.ProducerWorker - Sent destination=APPQ threadId=25 msg=35 body=[destination=APPQ threadId=25 msg=35]
2026-09-29 15:58:44,371 INFO  [22] com.example.mqproducer.ProducerWorker - Sent destination=APPQ threadId=22 msg=35 body=[destination=APPQ threadId=22 msg=35]
2026-09-29 15:58:45,256 INFO  [23] com.example.mqproducer.ProducerWorker - Sent destination=APPQ threadId=23 msg=36 body=[destination=APPQ threadId=23 msg=36]
2026-09-29 15:58:45,273 INFO  [24] com.example.mqproducer.ProducerWorker - Sent destination=APPQ threadId=24 msg=36 body=[destination=APPQ threadId=24 msg=36]
2026-09-29 15:58:45,383 INFO  [25] com.example.mqproducer.ProducerWorker - Sent destination=APPQ threadId=25 msg=36 body=[destination=APPQ threadId=25 msg=36]
2026-09-29 15:58:45,384 INFO  [22] com.example.mqproducer.ProducerWorker - Sent destination=APPQ threadId=22 msg=36 body=[destination=APPQ threadId=22 msg=36]
2026-09-29 15:58:46,261 INFO  [23] com.example.mqproducer.ProducerWorker - Sent destination=APPQ threadId=23 msg=37 body=[destination=APPQ threadId=23 msg=37]
2026-09-29 15:58:46,277 INFO  [24] com.example.mqproducer.ProducerWorker - Sent destination=APPQ threadId=24 msg=37 body=[destination=APPQ threadId=24 msg=37]
2026-09-29 15:58:46,398 INFO  [22] com.example.mqproducer.ProducerWorker - Sent destination=APPQ threadId=22 msg=37 body=[destination=APPQ threadId=22 msg=37]
2026-09-29 15:58:46,399 INFO  [25] com.example.mqproducer.ProducerWorker - Sent destination=APPQ threadId=25 msg=37 body=[destination=APPQ threadId=25 msg=37]
2026-09-29 15:58:47,272 INFO  [23] com.example.mqproducer.ProducerWorker - Sent destination=APPQ threadId=23 msg=38 body=[destination=APPQ threadId=23 msg=38]
2026-09-29 15:58:47,289 INFO  [24] com.example.mqproducer.ProducerWorker - Sent destination=APPQ threadId=24 msg=38 body=[destination=APPQ threadId=24 msg=38]
2026-09-29 15:58:47,415 INFO  [25] com.example.mqproducer.ProducerWorker - Sent destination=APPQ threadId=25 msg=38 body=[destination=APPQ threadId=25 msg=38]
2026-09-29 15:58:47,415 INFO  [22] com.example.mqproducer.ProducerWorker - Sent destination=APPQ threadId=22 msg=38 body=[destination=APPQ threadId=22 msg=38]
2026-09-29 15:58:48,289 INFO  [23] com.example.mqproducer.ProducerWorker - Sent destination=APPQ threadId=23 msg=39 body=[destination=APPQ threadId=23 msg=39]
2026-09-29 15:58:48,304 INFO  [24] com.example.mqproducer.ProducerWorker - Sent destination=APPQ threadId=24 msg=39 body=[destination=APPQ threadId=24 msg=39]
2026-09-29 15:58:48,432 INFO  [25] com.example.mqproducer.ProducerWorker - Sent destination=APPQ threadId=25 msg=39 body=[destination=APPQ threadId=25 msg=39]
2026-09-29 15:58:48,434 INFO  [22] com.example.mqproducer.ProducerWorker - Sent destination=APPQ threadId=22 msg=39 body=[destination=APPQ threadId=22 msg=39]
2026-09-29 15:58:49,304 INFO  [23] com.example.mqproducer.ProducerWorker - Sent destination=APPQ threadId=23 msg=40 body=[destination=APPQ threadId=23 msg=40]
2026-09-29 15:58:49,319 INFO  [24] com.example.mqproducer.ProducerWorker - Sent destination=APPQ threadId=24 msg=40 body=[destination=APPQ threadId=24 msg=40]
2026-09-29 15:58:49,446 INFO  [22] com.example.mqproducer.ProducerWorker - Sent destination=APPQ threadId=22 msg=40 body=[destination=APPQ threadId=22 msg=40]
2026-09-29 15:58:49,446 INFO  [25] com.example.mqproducer.ProducerWorker - Sent destination=APPQ threadId=25 msg=40 body=[destination=APPQ threadId=25 msg=40]
2026-09-29 15:58:50,321 INFO  [23] com.example.mqproducer.ProducerWorker - Sent destination=APPQ threadId=23 msg=41 body=[destination=APPQ threadId=23 msg=41]
2026-09-29 15:58:50,339 INFO  [24] com.example.mqproducer.ProducerWorker - Sent destination=APPQ threadId=24 msg=41 body=[destination=APPQ threadId=24 msg=41]
2026-09-29 15:58:50,460 INFO  [25] com.example.mqproducer.ProducerWorker - Sent destination=APPQ threadId=25 msg=41 body=[destination=APPQ threadId=25 msg=41]
2026-09-29 15:58:50,460 INFO  [22] com.example.mqproducer.ProducerWorker - Sent destination=APPQ threadId=22 msg=41 body=[destination=APPQ threadId=22 msg=41]
2026-09-29 15:58:51,331 INFO  [23] com.example.mqproducer.ProducerWorker - Sent destination=APPQ threadId=23 msg=42 body=[destination=APPQ threadId=23 msg=42]
2026-09-29 15:58:51,344 INFO  [24] com.example.mqproducer.ProducerWorker - Sent destination=APPQ threadId=24 msg=42 body=[destination=APPQ threadId=24 msg=42]
2026-09-29 15:58:51,469 INFO  [22] com.example.mqproducer.ProducerWorker - Sent destination=APPQ threadId=22 msg=42 body=[destination=APPQ threadId=22 msg=42]
2026-09-29 15:58:51,470 INFO  [25] com.example.mqproducer.ProducerWorker - Sent destination=APPQ threadId=25 msg=42 body=[destination=APPQ threadId=25 msg=42]
2026-09-29 15:58:52,334 INFO  [23] com.example.mqproducer.ProducerWorker - Sent destination=APPQ threadId=23 msg=43 body=[destination=APPQ threadId=23 msg=43]
2026-09-29 15:58:52,353 INFO  [24] com.example.mqproducer.ProducerWorker - Sent destination=APPQ threadId=24 msg=43 body=[destination=APPQ threadId=24 msg=43]
2026-09-29 15:58:52,475 INFO  [25] com.example.mqproducer.ProducerWorker - Sent destination=APPQ threadId=25 msg=43 body=[destination=APPQ threadId=25 msg=43]
2026-09-29 15:58:52,476 INFO  [22] com.example.mqproducer.ProducerWorker - Sent destination=APPQ threadId=22 msg=43 body=[destination=APPQ threadId=22 msg=43]
2026-09-29 15:58:53,337 INFO  [23] com.example.mqproducer.ProducerWorker - Sent destination=APPQ threadId=23 msg=44 body=[destination=APPQ threadId=23 msg=44]
2026-09-29 15:58:53,368 INFO  [24] com.example.mqproducer.ProducerWorker - Sent destination=APPQ threadId=24 msg=44 body=[destination=APPQ threadId=24 msg=44]
2026-09-29 15:58:53,491 INFO  [25] com.example.mqproducer.ProducerWorker - Sent destination=APPQ threadId=25 msg=44 body=[destination=APPQ threadId=25 msg=44]
2026-09-29 15:58:53,492 INFO  [22] com.example.mqproducer.ProducerWorker - Sent destination=APPQ threadId=22 msg=44 body=[destination=APPQ threadId=22 msg=44]
2026-09-29 15:58:54,351 INFO  [23] com.example.mqproducer.ProducerWorker - Sent destination=APPQ threadId=23 msg=45 body=[destination=APPQ threadId=23 msg=45]
2026-09-29 15:58:54,386 INFO  [24] com.example.mqproducer.ProducerWorker - Sent destination=APPQ threadId=24 msg=45 body=[destination=APPQ threadId=24 msg=45]
2026-09-29 15:58:54,497 INFO  [25] com.example.mqproducer.ProducerWorker - Sent destination=APPQ threadId=25 msg=45 body=[destination=APPQ threadId=25 msg=45]
2026-09-29 15:58:54,511 INFO  [22] com.example.mqproducer.ProducerWorker - Sent destination=APPQ threadId=22 msg=45 body=[destination=APPQ threadId=22 msg=45]
2026-09-29 15:58:55,369 INFO  [23] com.example.mqproducer.ProducerWorker - Sent destination=APPQ threadId=23 msg=46 body=[destination=APPQ threadId=23 msg=46]
2026-09-29 15:58:55,400 INFO  [24] com.example.mqproducer.ProducerWorker - Sent destination=APPQ threadId=24 msg=46 body=[destination=APPQ threadId=24 msg=46]
2026-09-29 15:58:55,510 INFO  [25] com.example.mqproducer.ProducerWorker - Sent destination=APPQ threadId=25 msg=46 body=[destination=APPQ threadId=25 msg=46]
2026-09-29 15:58:55,524 INFO  [22] com.example.mqproducer.ProducerWorker - Sent destination=APPQ threadId=22 msg=46 body=[destination=APPQ threadId=22 msg=46]
2026-09-29 15:58:56,384 INFO  [23] com.example.mqproducer.ProducerWorker - Sent destination=APPQ threadId=23 msg=47 body=[destination=APPQ threadId=23 msg=47]
2026-09-29 15:58:56,415 INFO  [24] com.example.mqproducer.ProducerWorker - Sent destination=APPQ threadId=24 msg=47 body=[destination=APPQ threadId=24 msg=47]
2026-09-29 15:58:56,523 INFO  [25] com.example.mqproducer.ProducerWorker - Sent destination=APPQ threadId=25 msg=47 body=[destination=APPQ threadId=25 msg=47]
2026-09-29 15:58:56,538 INFO  [22] com.example.mqproducer.ProducerWorker - Sent destination=APPQ threadId=22 msg=47 body=[destination=APPQ threadId=22 msg=47]
2026-09-29 15:58:57,401 INFO  [23] com.example.mqproducer.ProducerWorker - Sent destination=APPQ threadId=23 msg=48 body=[destination=APPQ threadId=23 msg=48]
2026-09-29 15:58:57,432 INFO  [24] com.example.mqproducer.ProducerWorker - Sent destination=APPQ threadId=24 msg=48 body=[destination=APPQ threadId=24 msg=48]
2026-09-29 15:58:57,527 INFO  [25] com.example.mqproducer.ProducerWorker - Sent destination=APPQ threadId=25 msg=48 body=[destination=APPQ threadId=25 msg=48]
2026-09-29 15:58:57,545 INFO  [22] com.example.mqproducer.ProducerWorker - Sent destination=APPQ threadId=22 msg=48 body=[destination=APPQ threadId=22 msg=48]
2026-09-29 15:58:58,414 INFO  [23] com.example.mqproducer.ProducerWorker - Sent destination=APPQ threadId=23 msg=49 body=[destination=APPQ threadId=23 msg=49]
2026-09-29 15:58:58,447 INFO  [24] com.example.mqproducer.ProducerWorker - Sent destination=APPQ threadId=24 msg=49 body=[destination=APPQ threadId=24 msg=49]
2026-09-29 15:58:58,538 INFO  [25] com.example.mqproducer.ProducerWorker - Sent destination=APPQ threadId=25 msg=49 body=[destination=APPQ threadId=25 msg=49]
2026-09-29 15:58:58,556 INFO  [22] com.example.mqproducer.ProducerWorker - Sent destination=APPQ threadId=22 msg=49 body=[destination=APPQ threadId=22 msg=49]
2026-09-29 15:58:59,420 INFO  [23] com.example.mqproducer.ProducerWorker - Sent destination=APPQ threadId=23 msg=50 body=[destination=APPQ threadId=23 msg=50]
2026-09-29 15:58:59,462 INFO  [24] com.example.mqproducer.ProducerWorker - Sent destination=APPQ threadId=24 msg=50 body=[destination=APPQ threadId=24 msg=50]
2026-09-29 15:58:59,543 INFO  [25] com.example.mqproducer.ProducerWorker - Sent destination=APPQ threadId=25 msg=50 body=[destination=APPQ threadId=25 msg=50]
2026-09-29 15:58:59,573 INFO  [22] com.example.mqproducer.ProducerWorker - Sent destination=APPQ threadId=22 msg=50 body=[destination=APPQ threadId=22 msg=50]
2026-09-29 15:59:00,430 INFO  [23] com.example.mqproducer.ProducerWorker - Sent destination=APPQ threadId=23 msg=51 body=[destination=APPQ threadId=23 msg=51]
2026-09-29 15:59:00,479 INFO  [24] com.example.mqproducer.ProducerWorker - Sent destination=APPQ threadId=24 msg=51 body=[destination=APPQ threadId=24 msg=51]
2026-09-29 15:59:00,552 INFO  [25] com.example.mqproducer.ProducerWorker - Sent destination=APPQ threadId=25 msg=51 body=[destination=APPQ threadId=25 msg=51]
2026-09-29 15:59:00,588 INFO  [22] com.example.mqproducer.ProducerWorker - Sent destination=APPQ threadId=22 msg=51 body=[destination=APPQ threadId=22 msg=51]
2026-09-29 15:59:01,447 INFO  [23] com.example.mqproducer.ProducerWorker - Sent destination=APPQ threadId=23 msg=52 body=[destination=APPQ threadId=23 msg=52]
2026-09-29 15:59:01,494 INFO  [24] com.example.mqproducer.ProducerWorker - Sent destination=APPQ threadId=24 msg=52 body=[destination=APPQ threadId=24 msg=52]
2026-09-29 15:59:01,557 INFO  [25] com.example.mqproducer.ProducerWorker - Sent destination=APPQ threadId=25 msg=52 body=[destination=APPQ threadId=25 msg=52]
2026-09-29 15:59:01,602 INFO  [22] com.example.mqproducer.ProducerWorker - Sent destination=APPQ threadId=22 msg=52 body=[destination=APPQ threadId=22 msg=52]
2026-09-29 15:59:02,465 INFO  [23] com.example.mqproducer.ProducerWorker - Sent destination=APPQ threadId=23 msg=53 body=[destination=APPQ threadId=23 msg=53]
2026-09-29 15:59:02,512 INFO  [24] com.example.mqproducer.ProducerWorker - Sent destination=APPQ threadId=24 msg=53 body=[destination=APPQ threadId=24 msg=53]
2026-09-29 15:59:02,575 INFO  [25] com.example.mqproducer.ProducerWorker - Sent destination=APPQ threadId=25 msg=53 body=[destination=APPQ threadId=25 msg=53]
2026-09-29 15:59:02,609 INFO  [22] com.example.mqproducer.ProducerWorker - Sent destination=APPQ threadId=22 msg=53 body=[destination=APPQ threadId=22 msg=53]
2026-09-29 15:59:03,481 INFO  [23] com.example.mqproducer.ProducerWorker - Sent destination=APPQ threadId=23 msg=54 body=[destination=APPQ threadId=23 msg=54]
2026-09-29 15:59:03,526 INFO  [24] com.example.mqproducer.ProducerWorker - Sent destination=APPQ threadId=24 msg=54 body=[destination=APPQ threadId=24 msg=54]
2026-09-29 15:59:03,589 INFO  [25] com.example.mqproducer.ProducerWorker - Sent destination=APPQ threadId=25 msg=54 body=[destination=APPQ threadId=25 msg=54]
2026-09-29 15:59:03,619 INFO  [22] com.example.mqproducer.ProducerWorker - Sent destination=APPQ threadId=22 msg=54 body=[destination=APPQ threadId=22 msg=54]
2026-09-29 15:59:04,495 INFO  [23] com.example.mqproducer.ProducerWorker - Sent destination=APPQ threadId=23 msg=55 body=[destination=APPQ threadId=23 msg=55]
2026-09-29 15:59:04,544 INFO  [24] com.example.mqproducer.ProducerWorker - Sent destination=APPQ threadId=24 msg=55 body=[destination=APPQ threadId=24 msg=55]
2026-09-29 15:59:04,606 INFO  [25] com.example.mqproducer.ProducerWorker - Sent destination=APPQ threadId=25 msg=55 body=[destination=APPQ threadId=25 msg=55]
2026-09-29 15:59:04,623 INFO  [22] com.example.mqproducer.ProducerWorker - Sent destination=APPQ threadId=22 msg=55 body=[destination=APPQ threadId=22 msg=55]
2026-09-29 15:59:05,512 INFO  [23] com.example.mqproducer.ProducerWorker - Sent destination=APPQ threadId=23 msg=56 body=[destination=APPQ threadId=23 msg=56]
2026-09-29 15:59:05,557 INFO  [24] com.example.mqproducer.ProducerWorker - Sent destination=APPQ threadId=24 msg=56 body=[destination=APPQ threadId=24 msg=56]
2026-09-29 15:59:05,622 INFO  [25] com.example.mqproducer.ProducerWorker - Sent destination=APPQ threadId=25 msg=56 body=[destination=APPQ threadId=25 msg=56]
2026-09-29 15:59:05,641 INFO  [22] com.example.mqproducer.ProducerWorker - Sent destination=APPQ threadId=22 msg=56 body=[destination=APPQ threadId=22 msg=56]
2026-09-29 15:59:06,526 INFO  [23] com.example.mqproducer.ProducerWorker - Sent destination=APPQ threadId=23 msg=57 body=[destination=APPQ threadId=23 msg=57]
2026-09-29 15:59:06,574 INFO  [24] com.example.mqproducer.ProducerWorker - Sent destination=APPQ threadId=24 msg=57 body=[destination=APPQ threadId=24 msg=57]
2026-09-29 15:59:06,634 INFO  [25] com.example.mqproducer.ProducerWorker - Sent destination=APPQ threadId=25 msg=57 body=[destination=APPQ threadId=25 msg=57]
2026-09-29 15:59:06,648 INFO  [22] com.example.mqproducer.ProducerWorker - Sent destination=APPQ threadId=22 msg=57 body=[destination=APPQ threadId=22 msg=57]
2026-09-29 15:59:07,541 INFO  [23] com.example.mqproducer.ProducerWorker - Sent destination=APPQ threadId=23 msg=58 body=[destination=APPQ threadId=23 msg=58]
2026-09-29 15:59:07,589 INFO  [24] com.example.mqproducer.ProducerWorker - Sent destination=APPQ threadId=24 msg=58 body=[destination=APPQ threadId=24 msg=58]
2026-09-29 15:59:07,650 INFO  [25] com.example.mqproducer.ProducerWorker - Sent destination=APPQ threadId=25 msg=58 body=[destination=APPQ threadId=25 msg=58]
2026-09-29 15:59:07,663 INFO  [22] com.example.mqproducer.ProducerWorker - Sent destination=APPQ threadId=22 msg=58 body=[destination=APPQ threadId=22 msg=58]
2026-09-29 15:59:08,548 INFO  [23] com.example.mqproducer.ProducerWorker - Sent destination=APPQ threadId=23 msg=59 body=[destination=APPQ threadId=23 msg=59]
2026-09-29 15:59:08,605 INFO  [24] com.example.mqproducer.ProducerWorker - Sent destination=APPQ threadId=24 msg=59 body=[destination=APPQ threadId=24 msg=59]
2026-09-29 15:59:08,667 INFO  [25] com.example.mqproducer.ProducerWorker - Sent destination=APPQ threadId=25 msg=59 body=[destination=APPQ threadId=25 msg=59]
2026-09-29 15:59:08,667 INFO  [22] com.example.mqproducer.ProducerWorker - Sent destination=APPQ threadId=22 msg=59 body=[destination=APPQ threadId=22 msg=59]
2026-09-29 15:59:09,555 INFO  [23] com.example.mqproducer.ProducerWorker - Sent destination=APPQ threadId=23 msg=60 body=[destination=APPQ threadId=23 msg=60]
2026-09-29 15:59:09,620 INFO  [24] com.example.mqproducer.ProducerWorker - Sent destination=APPQ threadId=24 msg=60 body=[destination=APPQ threadId=24 msg=60]
2026-09-29 15:59:09,680 INFO  [22] com.example.mqproducer.ProducerWorker - Sent destination=APPQ threadId=22 msg=60 body=[destination=APPQ threadId=22 msg=60]
2026-09-29 15:59:09,680 INFO  [25] com.example.mqproducer.ProducerWorker - Sent destination=APPQ threadId=25 msg=60 body=[destination=APPQ threadId=25 msg=60]
2026-09-29 15:59:10,560 INFO  [23] com.example.mqproducer.ProducerWorker - Sent destination=APPQ threadId=23 msg=61 body=[destination=APPQ threadId=23 msg=61]
2026-09-29 15:59:10,636 INFO  [24] com.example.mqproducer.ProducerWorker - Sent destination=APPQ threadId=24 msg=61 body=[destination=APPQ threadId=24 msg=61]
2026-09-29 15:59:10,699 INFO  [25] com.example.mqproducer.ProducerWorker - Sent destination=APPQ threadId=25 msg=61 body=[destination=APPQ threadId=25 msg=61]
2026-09-29 15:59:10,699 INFO  [22] com.example.mqproducer.ProducerWorker - Sent destination=APPQ threadId=22 msg=61 body=[destination=APPQ threadId=22 msg=61]
2026-09-29 15:59:11,574 INFO  [23] com.example.mqproducer.ProducerWorker - Sent destination=APPQ threadId=23 msg=62 body=[destination=APPQ threadId=23 msg=62]
2026-09-29 15:59:11,653 INFO  [24] com.example.mqproducer.ProducerWorker - Sent destination=APPQ threadId=24 msg=62 body=[destination=APPQ threadId=24 msg=62]
2026-09-29 15:59:11,711 INFO  [22] com.example.mqproducer.ProducerWorker - Sent destination=APPQ threadId=22 msg=62 body=[destination=APPQ threadId=22 msg=62]
2026-09-29 15:59:11,712 INFO  [25] com.example.mqproducer.ProducerWorker - Sent destination=APPQ threadId=25 msg=62 body=[destination=APPQ threadId=25 msg=62]
2026-09-29 15:59:12,586 INFO  [23] com.example.mqproducer.ProducerWorker - Sent destination=APPQ threadId=23 msg=63 body=[destination=APPQ threadId=23 msg=63]
2026-09-29 15:59:12,668 INFO  [24] com.example.mqproducer.ProducerWorker - Sent destination=APPQ threadId=24 msg=63 body=[destination=APPQ threadId=24 msg=63]
2026-09-29 15:59:12,729 INFO  [22] com.example.mqproducer.ProducerWorker - Sent destination=APPQ threadId=22 msg=63 body=[destination=APPQ threadId=22 msg=63]
2026-09-29 15:59:12,729 INFO  [25] com.example.mqproducer.ProducerWorker - Sent destination=APPQ threadId=25 msg=63 body=[destination=APPQ threadId=25 msg=63]
2026-09-29 15:59:13,604 INFO  [23] com.example.mqproducer.ProducerWorker - Sent destination=APPQ threadId=23 msg=64 body=[destination=APPQ threadId=23 msg=64]
2026-09-29 15:59:13,680 INFO  [24] com.example.mqproducer.ProducerWorker - Sent destination=APPQ threadId=24 msg=64 body=[destination=APPQ threadId=24 msg=64]
2026-09-29 15:59:13,744 INFO  [22] com.example.mqproducer.ProducerWorker - Sent destination=APPQ threadId=22 msg=64 body=[destination=APPQ threadId=22 msg=64]
2026-09-29 15:59:13,745 INFO  [25] com.example.mqproducer.ProducerWorker - Sent destination=APPQ threadId=25 msg=64 body=[destination=APPQ threadId=25 msg=64]
2026-09-29 15:59:14,618 INFO  [23] com.example.mqproducer.ProducerWorker - Sent destination=APPQ threadId=23 msg=65 body=[destination=APPQ threadId=23 msg=65]
2026-09-29 15:59:14,696 INFO  [24] com.example.mqproducer.ProducerWorker - Sent destination=APPQ threadId=24 msg=65 body=[destination=APPQ threadId=24 msg=65]
2026-09-29 15:59:14,758 INFO  [25] com.example.mqproducer.ProducerWorker - Sent destination=APPQ threadId=25 msg=65 body=[destination=APPQ threadId=25 msg=65]
2026-09-29 15:59:14,759 INFO  [22] com.example.mqproducer.ProducerWorker - Sent destination=APPQ threadId=22 msg=65 body=[destination=APPQ threadId=22 msg=65]
2026-09-29 15:59:15,633 INFO  [23] com.example.mqproducer.ProducerWorker - Sent destination=APPQ threadId=23 msg=66 body=[destination=APPQ threadId=23 msg=66]
2026-09-29 15:59:15,710 INFO  [24] com.example.mqproducer.ProducerWorker - Sent destination=APPQ threadId=24 msg=66 body=[destination=APPQ threadId=24 msg=66]
2026-09-29 15:59:15,772 INFO  [22] com.example.mqproducer.ProducerWorker - Sent destination=APPQ threadId=22 msg=66 body=[destination=APPQ threadId=22 msg=66]
2026-09-29 15:59:15,772 INFO  [25] com.example.mqproducer.ProducerWorker - Sent destination=APPQ threadId=25 msg=66 body=[destination=APPQ threadId=25 msg=66]
2026-09-29 15:59:16,639 INFO  [23] com.example.mqproducer.ProducerWorker - Sent destination=APPQ threadId=23 msg=67 body=[destination=APPQ threadId=23 msg=67]
2026-09-29 15:59:16,728 INFO  [24] com.example.mqproducer.ProducerWorker - Sent destination=APPQ threadId=24 msg=67 body=[destination=APPQ threadId=24 msg=67]
2026-09-29 15:59:16,789 INFO  [22] com.example.mqproducer.ProducerWorker - Sent destination=APPQ threadId=22 msg=67 body=[destination=APPQ threadId=22 msg=67]
2026-09-29 15:59:16,791 INFO  [25] com.example.mqproducer.ProducerWorker - Sent destination=APPQ threadId=25 msg=67 body=[destination=APPQ threadId=25 msg=67]
2026-09-29 15:59:17,648 INFO  [23] com.example.mqproducer.ProducerWorker - Sent destination=APPQ threadId=23 msg=68 body=[destination=APPQ threadId=23 msg=68]
2026-09-29 15:59:17,745 INFO  [24] com.example.mqproducer.ProducerWorker - Sent destination=APPQ threadId=24 msg=68 body=[destination=APPQ threadId=24 msg=68]
2026-09-29 15:59:17,796 INFO  [22] com.example.mqproducer.ProducerWorker - Sent destination=APPQ threadId=22 msg=68 body=[destination=APPQ threadId=22 msg=68]
2026-09-29 15:59:17,798 INFO  [25] com.example.mqproducer.ProducerWorker - Sent destination=APPQ threadId=25 msg=68 body=[destination=APPQ threadId=25 msg=68]
2026-09-29 15:59:18,653 INFO  [23] com.example.mqproducer.ProducerWorker - Sent destination=APPQ threadId=23 msg=69 body=[destination=APPQ threadId=23 msg=69]
2026-09-29 15:59:18,760 INFO  [24] com.example.mqproducer.ProducerWorker - Sent destination=APPQ threadId=24 msg=69 body=[destination=APPQ threadId=24 msg=69]
2026-09-29 15:59:18,807 INFO  [25] com.example.mqproducer.ProducerWorker - Sent destination=APPQ threadId=25 msg=69 body=[destination=APPQ threadId=25 msg=69]
2026-09-29 15:59:18,807 INFO  [22] com.example.mqproducer.ProducerWorker - Sent destination=APPQ threadId=22 msg=69 body=[destination=APPQ threadId=22 msg=69]
2026-09-29 15:59:19,664 INFO  [23] com.example.mqproducer.ProducerWorker - Sent destination=APPQ threadId=23 msg=70 body=[destination=APPQ threadId=23 msg=70]
2026-09-29 15:59:19,775 INFO  [24] com.example.mqproducer.ProducerWorker - Sent destination=APPQ threadId=24 msg=70 body=[destination=APPQ threadId=24 msg=70]
2026-09-29 15:59:19,822 INFO  [25] com.example.mqproducer.ProducerWorker - Sent destination=APPQ threadId=25 msg=70 body=[destination=APPQ threadId=25 msg=70]
2026-09-29 15:59:19,826 INFO  [22] com.example.mqproducer.ProducerWorker - Sent destination=APPQ threadId=22 msg=70 body=[destination=APPQ threadId=22 msg=70]
2026-09-29 15:59:20,682 INFO  [23] com.example.mqproducer.ProducerWorker - Sent destination=APPQ threadId=23 msg=71 body=[destination=APPQ threadId=23 msg=71]
2026-09-29 15:59:20,795 INFO  [24] com.example.mqproducer.ProducerWorker - Sent destination=APPQ threadId=24 msg=71 body=[destination=APPQ threadId=24 msg=71]
2026-09-29 15:59:20,835 INFO  [22] com.example.mqproducer.ProducerWorker - Sent destination=APPQ threadId=22 msg=71 body=[destination=APPQ threadId=22 msg=71]
2026-09-29 15:59:20,835 INFO  [25] com.example.mqproducer.ProducerWorker - Sent destination=APPQ threadId=25 msg=71 body=[destination=APPQ threadId=25 msg=71]
2026-09-29 15:59:21,690 INFO  [23] com.example.mqproducer.ProducerWorker - Sent destination=APPQ threadId=23 msg=72 body=[destination=APPQ threadId=23 msg=72]
2026-09-29 15:59:21,808 INFO  [24] com.example.mqproducer.ProducerWorker - Sent destination=APPQ threadId=24 msg=72 body=[destination=APPQ threadId=24 msg=72]
2026-09-29 15:59:21,838 INFO  [25] com.example.mqproducer.ProducerWorker - Sent destination=APPQ threadId=25 msg=72 body=[destination=APPQ threadId=25 msg=72]
2026-09-29 15:59:21,840 INFO  [22] com.example.mqproducer.ProducerWorker - Sent destination=APPQ threadId=22 msg=72 body=[destination=APPQ threadId=22 msg=72]
2026-09-29 15:59:22,701 INFO  [23] com.example.mqproducer.ProducerWorker - Sent destination=APPQ threadId=23 msg=73 body=[destination=APPQ threadId=23 msg=73]
2026-09-29 15:59:22,827 INFO  [24] com.example.mqproducer.ProducerWorker - Sent destination=APPQ threadId=24 msg=73 body=[destination=APPQ threadId=24 msg=73]
2026-09-29 15:59:22,855 INFO  [25] com.example.mqproducer.ProducerWorker - Sent destination=APPQ threadId=25 msg=73 body=[destination=APPQ threadId=25 msg=73]
2026-09-29 15:59:22,855 INFO  [22] com.example.mqproducer.ProducerWorker - Sent destination=APPQ threadId=22 msg=73 body=[destination=APPQ threadId=22 msg=73]
2026-09-29 15:59:23,712 INFO  [23] com.example.mqproducer.ProducerWorker - Sent destination=APPQ threadId=23 msg=74 body=[destination=APPQ threadId=23 msg=74]
2026-09-29 15:59:23,839 INFO  [24] com.example.mqproducer.ProducerWorker - Sent destination=APPQ threadId=24 msg=74 body=[destination=APPQ threadId=24 msg=74]
2026-09-29 15:59:23,869 INFO  [25] com.example.mqproducer.ProducerWorker - Sent destination=APPQ threadId=25 msg=74 body=[destination=APPQ threadId=25 msg=74]
2026-09-29 15:59:23,870 INFO  [22] com.example.mqproducer.ProducerWorker - Sent destination=APPQ threadId=22 msg=74 body=[destination=APPQ threadId=22 msg=74]
2026-09-29 15:59:24,728 INFO  [23] com.example.mqproducer.ProducerWorker - Sent destination=APPQ threadId=23 msg=75 body=[destination=APPQ threadId=23 msg=75]
2026-09-29 15:59:24,853 INFO  [24] com.example.mqproducer.ProducerWorker - Sent destination=APPQ threadId=24 msg=75 body=[destination=APPQ threadId=24 msg=75]
2026-09-29 15:59:24,872 INFO  [25] com.example.mqproducer.ProducerWorker - Sent destination=APPQ threadId=25 msg=75 body=[destination=APPQ threadId=25 msg=75]
2026-09-29 15:59:24,888 INFO  [22] com.example.mqproducer.ProducerWorker - Sent destination=APPQ threadId=22 msg=75 body=[destination=APPQ threadId=22 msg=75]
2026-09-29 15:59:25,746 INFO  [23] com.example.mqproducer.ProducerWorker - Sent destination=APPQ threadId=23 msg=76 body=[destination=APPQ threadId=23 msg=76]
2026-09-29 15:59:25,868 INFO  [24] com.example.mqproducer.ProducerWorker - Sent destination=APPQ threadId=24 msg=76 body=[destination=APPQ threadId=24 msg=76]
2026-09-29 15:59:25,887 INFO  [25] com.example.mqproducer.ProducerWorker - Sent destination=APPQ threadId=25 msg=76 body=[destination=APPQ threadId=25 msg=76]
2026-09-29 15:59:25,902 INFO  [22] com.example.mqproducer.ProducerWorker - Sent destination=APPQ threadId=22 msg=76 body=[destination=APPQ threadId=22 msg=76]
2026-09-29 15:59:26,762 INFO  [23] com.example.mqproducer.ProducerWorker - Sent destination=APPQ threadId=23 msg=77 body=[destination=APPQ threadId=23 msg=77]
2026-09-29 15:59:26,887 INFO  [24] com.example.mqproducer.ProducerWorker - Sent destination=APPQ threadId=24 msg=77 body=[destination=APPQ threadId=24 msg=77]
2026-09-29 15:59:26,901 INFO  [25] com.example.mqproducer.ProducerWorker - Sent destination=APPQ threadId=25 msg=77 body=[destination=APPQ threadId=25 msg=77]
2026-09-29 15:59:26,916 INFO  [22] com.example.mqproducer.ProducerWorker - Sent destination=APPQ threadId=22 msg=77 body=[destination=APPQ threadId=22 msg=77]
2026-09-29 15:59:27,780 INFO  [23] com.example.mqproducer.ProducerWorker - Sent destination=APPQ threadId=23 msg=78 body=[destination=APPQ threadId=23 msg=78]
2026-09-29 15:59:27,901 INFO  [24] com.example.mqproducer.ProducerWorker - Sent destination=APPQ threadId=24 msg=78 body=[destination=APPQ threadId=24 msg=78]
2026-09-29 15:59:27,916 INFO  [25] com.example.mqproducer.ProducerWorker - Sent destination=APPQ threadId=25 msg=78 body=[destination=APPQ threadId=25 msg=78]
2026-09-29 15:59:27,932 INFO  [22] com.example.mqproducer.ProducerWorker - Sent destination=APPQ threadId=22 msg=78 body=[destination=APPQ threadId=22 msg=78]
2026-09-29 15:59:28,794 INFO  [23] com.example.mqproducer.ProducerWorker - Sent destination=APPQ threadId=23 msg=79 body=[destination=APPQ threadId=23 msg=79]
2026-09-29 15:59:28,920 INFO  [24] com.example.mqproducer.ProducerWorker - Sent destination=APPQ threadId=24 msg=79 body=[destination=APPQ threadId=24 msg=79]
2026-09-29 15:59:28,935 INFO  [25] com.example.mqproducer.ProducerWorker - Sent destination=APPQ threadId=25 msg=79 body=[destination=APPQ threadId=25 msg=79]
2026-09-29 15:59:28,939 INFO  [22] com.example.mqproducer.ProducerWorker - Sent destination=APPQ threadId=22 msg=79 body=[destination=APPQ threadId=22 msg=79]
2026-09-29 15:59:29,806 INFO  [23] com.example.mqproducer.ProducerWorker - Sent destination=APPQ threadId=23 msg=80 body=[destination=APPQ threadId=23 msg=80]
2026-09-29 15:59:29,929 INFO  [24] com.example.mqproducer.ProducerWorker - Sent destination=APPQ threadId=24 msg=80 body=[destination=APPQ threadId=24 msg=80]
2026-09-29 15:59:29,945 INFO  [22] com.example.mqproducer.ProducerWorker - Sent destination=APPQ threadId=22 msg=80 body=[destination=APPQ threadId=22 msg=80]
2026-09-29 15:59:29,946 INFO  [25] com.example.mqproducer.ProducerWorker - Sent destination=APPQ threadId=25 msg=80 body=[destination=APPQ threadId=25 msg=80]
2026-09-29 15:59:30,821 INFO  [23] com.example.mqproducer.ProducerWorker - Sent destination=APPQ threadId=23 msg=81 body=[destination=APPQ threadId=23 msg=81]
2026-09-29 15:59:30,944 INFO  [24] com.example.mqproducer.ProducerWorker - Sent destination=APPQ threadId=24 msg=81 body=[destination=APPQ threadId=24 msg=81]
2026-09-29 15:59:30,961 INFO  [22] com.example.mqproducer.ProducerWorker - Sent destination=APPQ threadId=22 msg=81 body=[destination=APPQ threadId=22 msg=81]
2026-09-29 15:59:30,962 INFO  [25] com.example.mqproducer.ProducerWorker - Sent destination=APPQ threadId=25 msg=81 body=[destination=APPQ threadId=25 msg=81]
2026-09-29 15:59:31,838 INFO  [23] com.example.mqproducer.ProducerWorker - Sent destination=APPQ threadId=23 msg=82 body=[destination=APPQ threadId=23 msg=82]
2026-09-29 15:59:31,946 INFO  [24] com.example.mqproducer.ProducerWorker - Sent destination=APPQ threadId=24 msg=82 body=[destination=APPQ threadId=24 msg=82]
2026-09-29 15:59:31,976 INFO  [25] com.example.mqproducer.ProducerWorker - Sent destination=APPQ threadId=25 msg=82 body=[destination=APPQ threadId=25 msg=82]
2026-09-29 15:59:31,977 INFO  [22] com.example.mqproducer.ProducerWorker - Sent destination=APPQ threadId=22 msg=82 body=[destination=APPQ threadId=22 msg=82]
2026-09-29 15:59:32,856 INFO  [23] com.example.mqproducer.ProducerWorker - Sent destination=APPQ threadId=23 msg=83 body=[destination=APPQ threadId=23 msg=83]
2026-09-29 15:59:32,961 INFO  [24] com.example.mqproducer.ProducerWorker - Sent destination=APPQ threadId=24 msg=83 body=[destination=APPQ threadId=24 msg=83]
2026-09-29 15:59:32,993 INFO  [22] com.example.mqproducer.ProducerWorker - Sent destination=APPQ threadId=22 msg=83 body=[destination=APPQ threadId=22 msg=83]
2026-09-29 15:59:32,993 INFO  [25] com.example.mqproducer.ProducerWorker - Sent destination=APPQ threadId=25 msg=83 body=[destination=APPQ threadId=25 msg=83]
2026-09-29 15:59:33,874 INFO  [23] com.example.mqproducer.ProducerWorker - Sent destination=APPQ threadId=23 msg=84 body=[destination=APPQ threadId=23 msg=84]
2026-09-29 15:59:33,965 INFO  [24] com.example.mqproducer.ProducerWorker - Sent destination=APPQ threadId=24 msg=84 body=[destination=APPQ threadId=24 msg=84]
2026-09-29 15:59:34,008 INFO  [22] com.example.mqproducer.ProducerWorker - Sent destination=APPQ threadId=22 msg=84 body=[destination=APPQ threadId=22 msg=84]
2026-09-29 15:59:34,008 INFO  [25] com.example.mqproducer.ProducerWorker - Sent destination=APPQ threadId=25 msg=84 body=[destination=APPQ threadId=25 msg=84]
2026-09-29 15:59:34,886 INFO  [23] com.example.mqproducer.ProducerWorker - Sent destination=APPQ threadId=23 msg=85 body=[destination=APPQ threadId=23 msg=85]
2026-09-29 15:59:34,975 INFO  [24] com.example.mqproducer.ProducerWorker - Sent destination=APPQ threadId=24 msg=85 body=[destination=APPQ threadId=24 msg=85]
2026-09-29 15:59:35,022 INFO  [25] com.example.mqproducer.ProducerWorker - Sent destination=APPQ threadId=25 msg=85 body=[destination=APPQ threadId=25 msg=85]
2026-09-29 15:59:35,022 INFO  [22] com.example.mqproducer.ProducerWorker - Sent destination=APPQ threadId=22 msg=85 body=[destination=APPQ threadId=22 msg=85]
2026-09-29 15:59:35,901 INFO  [23] com.example.mqproducer.ProducerWorker - Sent destination=APPQ threadId=23 msg=86 body=[destination=APPQ threadId=23 msg=86]
2026-09-29 15:59:35,992 INFO  [24] com.example.mqproducer.ProducerWorker - Sent destination=APPQ threadId=24 msg=86 body=[destination=APPQ threadId=24 msg=86]
2026-09-29 15:59:36,025 INFO  [22] com.example.mqproducer.ProducerWorker - Sent destination=APPQ threadId=22 msg=86 body=[destination=APPQ threadId=22 msg=86]
2026-09-29 15:59:36,026 INFO  [25] com.example.mqproducer.ProducerWorker - Sent destination=APPQ threadId=25 msg=86 body=[destination=APPQ threadId=25 msg=86]
2026-09-29 15:59:36,916 INFO  [23] com.example.mqproducer.ProducerWorker - Sent destination=APPQ threadId=23 msg=87 body=[destination=APPQ threadId=23 msg=87]
2026-09-29 15:59:36,993 INFO  [24] com.example.mqproducer.ProducerWorker - Sent destination=APPQ threadId=24 msg=87 body=[destination=APPQ threadId=24 msg=87]
2026-09-29 15:59:37,041 INFO  [25] com.example.mqproducer.ProducerWorker - Sent destination=APPQ threadId=25 msg=87 body=[destination=APPQ threadId=25 msg=87]
2026-09-29 15:59:37,041 INFO  [22] com.example.mqproducer.ProducerWorker - Sent destination=APPQ threadId=22 msg=87 body=[destination=APPQ threadId=22 msg=87]
2026-09-29 15:59:37,921 INFO  [23] com.example.mqproducer.ProducerWorker - Sent destination=APPQ threadId=23 msg=88 body=[destination=APPQ threadId=23 msg=88]
2026-09-29 15:59:38,009 INFO  [24] com.example.mqproducer.ProducerWorker - Sent destination=APPQ threadId=24 msg=88 body=[destination=APPQ threadId=24 msg=88]
2026-09-29 15:59:38,053 INFO  [25] com.example.mqproducer.ProducerWorker - Sent destination=APPQ threadId=25 msg=88 body=[destination=APPQ threadId=25 msg=88]
2026-09-29 15:59:38,053 INFO  [22] com.example.mqproducer.ProducerWorker - Sent destination=APPQ threadId=22 msg=88 body=[destination=APPQ threadId=22 msg=88]
2026-09-29 15:59:38,934 INFO  [23] com.example.mqproducer.ProducerWorker - Sent destination=APPQ threadId=23 msg=89 body=[destination=APPQ threadId=23 msg=89]
2026-09-29 15:59:39,023 INFO  [24] com.example.mqproducer.ProducerWorker - Sent destination=APPQ threadId=24 msg=89 body=[destination=APPQ threadId=24 msg=89]
2026-09-29 15:59:39,068 INFO  [25] com.example.mqproducer.ProducerWorker - Sent destination=APPQ threadId=25 msg=89 body=[destination=APPQ threadId=25 msg=89]
2026-09-29 15:59:39,068 INFO  [22] com.example.mqproducer.ProducerWorker - Sent destination=APPQ threadId=22 msg=89 body=[destination=APPQ threadId=22 msg=89]
2026-09-29 15:59:39,948 INFO  [23] com.example.mqproducer.ProducerWorker - Sent destination=APPQ threadId=23 msg=90 body=[destination=APPQ threadId=23 msg=90]
2026-09-29 15:59:40,026 INFO  [24] com.example.mqproducer.ProducerWorker - Sent destination=APPQ threadId=24 msg=90 body=[destination=APPQ threadId=24 msg=90]
2026-09-29 15:59:40,071 INFO  [25] com.example.mqproducer.ProducerWorker - Sent destination=APPQ threadId=25 msg=90 body=[destination=APPQ threadId=25 msg=90]
2026-09-29 15:59:40,072 INFO  [22] com.example.mqproducer.ProducerWorker - Sent destination=APPQ threadId=22 msg=90 body=[destination=APPQ threadId=22 msg=90]
2026-09-29 15:59:40,960 INFO  [23] com.example.mqproducer.ProducerWorker - Sent destination=APPQ threadId=23 msg=91 body=[destination=APPQ threadId=23 msg=91]
2026-09-29 15:59:41,041 INFO  [24] com.example.mqproducer.ProducerWorker - Sent destination=APPQ threadId=24 msg=91 body=[destination=APPQ threadId=24 msg=91]
2026-09-29 15:59:41,078 INFO  [25] com.example.mqproducer.ProducerWorker - Sent destination=APPQ threadId=25 msg=91 body=[destination=APPQ threadId=25 msg=91]
2026-09-29 15:59:41,078 INFO  [22] com.example.mqproducer.ProducerWorker - Sent destination=APPQ threadId=22 msg=91 body=[destination=APPQ threadId=22 msg=91]
2026-09-29 15:59:41,977 INFO  [23] com.example.mqproducer.ProducerWorker - Sent destination=APPQ threadId=23 msg=92 body=[destination=APPQ threadId=23 msg=92]
2026-09-29 15:59:42,056 INFO  [24] com.example.mqproducer.ProducerWorker - Sent destination=APPQ threadId=24 msg=92 body=[destination=APPQ threadId=24 msg=92]
2026-09-29 15:59:42,089 INFO  [25] com.example.mqproducer.ProducerWorker - Sent destination=APPQ threadId=25 msg=92 body=[destination=APPQ threadId=25 msg=92]
2026-09-29 15:59:42,089 INFO  [22] com.example.mqproducer.ProducerWorker - Sent destination=APPQ threadId=22 msg=92 body=[destination=APPQ threadId=22 msg=92]
2026-09-29 15:59:42,991 INFO  [23] com.example.mqproducer.ProducerWorker - Sent destination=APPQ threadId=23 msg=93 body=[destination=APPQ threadId=23 msg=93]
2026-09-29 15:59:43,076 INFO  [24] com.example.mqproducer.ProducerWorker - Sent destination=APPQ threadId=24 msg=93 body=[destination=APPQ threadId=24 msg=93]
2026-09-29 15:59:43,103 INFO  [22] com.example.mqproducer.ProducerWorker - Sent destination=APPQ threadId=22 msg=93 body=[destination=APPQ threadId=22 msg=93]
2026-09-29 15:59:43,103 INFO  [25] com.example.mqproducer.ProducerWorker - Sent destination=APPQ threadId=25 msg=93 body=[destination=APPQ threadId=25 msg=93]
2026-09-29 15:59:44,010 INFO  [23] com.example.mqproducer.ProducerWorker - Sent destination=APPQ threadId=23 msg=94 body=[destination=APPQ threadId=23 msg=94]
2026-09-29 15:59:44,088 INFO  [24] com.example.mqproducer.ProducerWorker - Sent destination=APPQ threadId=24 msg=94 body=[destination=APPQ threadId=24 msg=94]
2026-09-29 15:59:44,106 INFO  [25] com.example.mqproducer.ProducerWorker - Sent destination=APPQ threadId=25 msg=94 body=[destination=APPQ threadId=25 msg=94]
2026-09-29 15:59:44,106 INFO  [22] com.example.mqproducer.ProducerWorker - Sent destination=APPQ threadId=22 msg=94 body=[destination=APPQ threadId=22 msg=94]
2026-09-29 15:59:45,028 INFO  [23] com.example.mqproducer.ProducerWorker - Sent destination=APPQ threadId=23 msg=95 body=[destination=APPQ threadId=23 msg=95]
2026-09-29 15:59:45,104 INFO  [24] com.example.mqproducer.ProducerWorker - Sent destination=APPQ threadId=24 msg=95 body=[destination=APPQ threadId=24 msg=95]
2026-09-29 15:59:45,118 INFO  [22] com.example.mqproducer.ProducerWorker - Sent destination=APPQ threadId=22 msg=95 body=[destination=APPQ threadId=22 msg=95]
2026-09-29 15:59:45,119 INFO  [25] com.example.mqproducer.ProducerWorker - Sent destination=APPQ threadId=25 msg=95 body=[destination=APPQ threadId=25 msg=95]
2026-09-29 15:59:46,038 INFO  [23] com.example.mqproducer.ProducerWorker - Sent destination=APPQ threadId=23 msg=96 body=[destination=APPQ threadId=23 msg=96]
2026-09-29 15:59:46,121 INFO  [24] com.example.mqproducer.ProducerWorker - Sent destination=APPQ threadId=24 msg=96 body=[destination=APPQ threadId=24 msg=96]
2026-09-29 15:59:46,132 INFO  [22] com.example.mqproducer.ProducerWorker - Sent destination=APPQ threadId=22 msg=96 body=[destination=APPQ threadId=22 msg=96]
2026-09-29 15:59:46,132 INFO  [25] com.example.mqproducer.ProducerWorker - Sent destination=APPQ threadId=25 msg=96 body=[destination=APPQ threadId=25 msg=96]
2026-09-29 15:59:47,053 INFO  [23] com.example.mqproducer.ProducerWorker - Sent destination=APPQ threadId=23 msg=97 body=[destination=APPQ threadId=23 msg=97]
2026-09-29 15:59:47,133 INFO  [24] com.example.mqproducer.ProducerWorker - Sent destination=APPQ threadId=24 msg=97 body=[destination=APPQ threadId=24 msg=97]
2026-09-29 15:59:47,148 INFO  [25] com.example.mqproducer.ProducerWorker - Sent destination=APPQ threadId=25 msg=97 body=[destination=APPQ threadId=25 msg=97]
2026-09-29 15:59:47,149 INFO  [22] com.example.mqproducer.ProducerWorker - Sent destination=APPQ threadId=22 msg=97 body=[destination=APPQ threadId=22 msg=97]
2026-09-29 15:59:48,056 INFO  [23] com.example.mqproducer.ProducerWorker - Sent destination=APPQ threadId=23 msg=98 body=[destination=APPQ threadId=23 msg=98]
2026-09-29 15:59:48,152 INFO  [24] com.example.mqproducer.ProducerWorker - Sent destination=APPQ threadId=24 msg=98 body=[destination=APPQ threadId=24 msg=98]
2026-09-29 15:59:48,152 INFO  [25] com.example.mqproducer.ProducerWorker - Sent destination=APPQ threadId=25 msg=98 body=[destination=APPQ threadId=25 msg=98]
2026-09-29 15:59:48,155 INFO  [22] com.example.mqproducer.ProducerWorker - Sent destination=APPQ threadId=22 msg=98 body=[destination=APPQ threadId=22 msg=98]
2026-09-29 15:59:49,069 INFO  [23] com.example.mqproducer.ProducerWorker - Sent destination=APPQ threadId=23 msg=99 body=[destination=APPQ threadId=23 msg=99]
2026-09-29 15:59:49,166 INFO  [25] com.example.mqproducer.ProducerWorker - Sent destination=APPQ threadId=25 msg=99 body=[destination=APPQ threadId=25 msg=99]
2026-09-29 15:59:49,169 INFO  [22] com.example.mqproducer.ProducerWorker - Sent destination=APPQ threadId=22 msg=99 body=[destination=APPQ threadId=22 msg=99]
2026-09-29 15:59:49,169 INFO  [24] com.example.mqproducer.ProducerWorker - Sent destination=APPQ threadId=24 msg=99 body=[destination=APPQ threadId=24 msg=99]
2026-09-29 15:59:50,085 INFO  [23] com.example.mqproducer.ProducerWorker - Sent destination=APPQ threadId=23 msg=100 body=[destination=APPQ threadId=23 msg=100]
2026-09-29 15:59:50,181 INFO  [22] com.example.mqproducer.ProducerWorker - Sent destination=APPQ threadId=22 msg=100 body=[destination=APPQ threadId=22 msg=100]
2026-09-29 15:59:50,181 INFO  [24] com.example.mqproducer.ProducerWorker - Sent destination=APPQ threadId=24 msg=100 body=[destination=APPQ threadId=24 msg=100]
2026-09-29 15:59:50,181 INFO  [25] com.example.mqproducer.ProducerWorker - Sent destination=APPQ threadId=25 msg=100 body=[destination=APPQ threadId=25 msg=100]
2026-09-29 15:59:51,088 INFO  [23] com.example.mqproducer.ProducerWorker - Sent destination=APPQ threadId=23 msg=101 body=[destination=APPQ threadId=23 msg=101]
2026-09-29 15:59:51,199 INFO  [22] com.example.mqproducer.ProducerWorker - Sent destination=APPQ threadId=22 msg=101 body=[destination=APPQ threadId=22 msg=101]
2026-09-29 15:59:51,199 INFO  [25] com.example.mqproducer.ProducerWorker - Sent destination=APPQ threadId=25 msg=101 body=[destination=APPQ threadId=25 msg=101]
2026-09-29 15:59:51,199 INFO  [24] com.example.mqproducer.ProducerWorker - Sent destination=APPQ threadId=24 msg=101 body=[destination=APPQ threadId=24 msg=101]
2026-09-29 15:59:52,092 INFO  [23] com.example.mqproducer.ProducerWorker - Sent destination=APPQ threadId=23 msg=102 body=[destination=APPQ threadId=23 msg=102]
2026-09-29 15:59:52,213 INFO  [22] com.example.mqproducer.ProducerWorker - Sent destination=APPQ threadId=22 msg=102 body=[destination=APPQ threadId=22 msg=102]
2026-09-29 15:59:52,214 INFO  [24] com.example.mqproducer.ProducerWorker - Sent destination=APPQ threadId=24 msg=102 body=[destination=APPQ threadId=24 msg=102]
2026-09-29 15:59:52,214 INFO  [25] com.example.mqproducer.ProducerWorker - Sent destination=APPQ threadId=25 msg=102 body=[destination=APPQ threadId=25 msg=102]
2026-09-29 15:59:53,105 INFO  [23] com.example.mqproducer.ProducerWorker - Sent destination=APPQ threadId=23 msg=103 body=[destination=APPQ threadId=23 msg=103]
2026-09-29 15:59:53,228 INFO  [24] com.example.mqproducer.ProducerWorker - Sent destination=APPQ threadId=24 msg=103 body=[destination=APPQ threadId=24 msg=103]
2026-09-29 15:59:53,228 INFO  [25] com.example.mqproducer.ProducerWorker - Sent destination=APPQ threadId=25 msg=103 body=[destination=APPQ threadId=25 msg=103]
2026-09-29 15:59:53,228 INFO  [22] com.example.mqproducer.ProducerWorker - Sent destination=APPQ threadId=22 msg=103 body=[destination=APPQ threadId=22 msg=103]
2026-09-29 15:59:54,117 INFO  [23] com.example.mqproducer.ProducerWorker - Sent destination=APPQ threadId=23 msg=104 body=[destination=APPQ threadId=23 msg=104]
2026-09-29 15:59:54,243 INFO  [24] com.example.mqproducer.ProducerWorker - Sent destination=APPQ threadId=24 msg=104 body=[destination=APPQ threadId=24 msg=104]
2026-09-29 15:59:54,243 INFO  [25] com.example.mqproducer.ProducerWorker - Sent destination=APPQ threadId=25 msg=104 body=[destination=APPQ threadId=25 msg=104]
2026-09-29 15:59:54,244 INFO  [22] com.example.mqproducer.ProducerWorker - Sent destination=APPQ threadId=22 msg=104 body=[destination=APPQ threadId=22 msg=104]
2026-09-29 15:59:55,138 INFO  [23] com.example.mqproducer.ProducerWorker - Sent destination=APPQ threadId=23 msg=105 body=[destination=APPQ threadId=23 msg=105]
2026-09-29 15:59:55,260 INFO  [22] com.example.mqproducer.ProducerWorker - Sent destination=APPQ threadId=22 msg=105 body=[destination=APPQ threadId=22 msg=105]
2026-09-29 15:59:55,260 INFO  [25] com.example.mqproducer.ProducerWorker - Sent destination=APPQ threadId=25 msg=105 body=[destination=APPQ threadId=25 msg=105]
2026-09-29 15:59:55,260 INFO  [24] com.example.mqproducer.ProducerWorker - Sent destination=APPQ threadId=24 msg=105 body=[destination=APPQ threadId=24 msg=105]
2026-09-29 15:59:56,149 INFO  [23] com.example.mqproducer.ProducerWorker - Sent destination=APPQ threadId=23 msg=106 body=[destination=APPQ threadId=23 msg=106]
2026-09-29 15:59:56,271 INFO  [24] com.example.mqproducer.ProducerWorker - Sent destination=APPQ threadId=24 msg=106 body=[destination=APPQ threadId=24 msg=106]
2026-09-29 15:59:56,271 INFO  [25] com.example.mqproducer.ProducerWorker - Sent destination=APPQ threadId=25 msg=106 body=[destination=APPQ threadId=25 msg=106]
2026-09-29 15:59:56,271 INFO  [22] com.example.mqproducer.ProducerWorker - Sent destination=APPQ threadId=22 msg=106 body=[destination=APPQ threadId=22 msg=106]
2026-09-29 15:59:57,169 INFO  [23] com.example.mqproducer.ProducerWorker - Sent destination=APPQ threadId=23 msg=107 body=[destination=APPQ threadId=23 msg=107]
2026-09-29 15:59:57,279 INFO  [25] com.example.mqproducer.ProducerWorker - Sent destination=APPQ threadId=25 msg=107 body=[destination=APPQ threadId=25 msg=107]
2026-09-29 15:59:57,279 INFO  [22] com.example.mqproducer.ProducerWorker - Sent destination=APPQ threadId=22 msg=107 body=[destination=APPQ threadId=22 msg=107]
2026-09-29 15:59:57,279 INFO  [24] com.example.mqproducer.ProducerWorker - Sent destination=APPQ threadId=24 msg=107 body=[destination=APPQ threadId=24 msg=107]
2026-09-29 15:59:58,182 INFO  [23] com.example.mqproducer.ProducerWorker - Sent destination=APPQ threadId=23 msg=108 body=[destination=APPQ threadId=23 msg=108]
2026-09-29 15:59:58,289 INFO  [22] com.example.mqproducer.ProducerWorker - Sent destination=APPQ threadId=22 msg=108 body=[destination=APPQ threadId=22 msg=108]
2026-09-29 15:59:58,289 INFO  [24] com.example.mqproducer.ProducerWorker - Sent destination=APPQ threadId=24 msg=108 body=[destination=APPQ threadId=24 msg=108]
2026-09-29 15:59:58,290 INFO  [25] com.example.mqproducer.ProducerWorker - Sent destination=APPQ threadId=25 msg=108 body=[destination=APPQ threadId=25 msg=108]
2026-09-29 15:59:59,201 INFO  [23] com.example.mqproducer.ProducerWorker - Sent destination=APPQ threadId=23 msg=109 body=[destination=APPQ threadId=23 msg=109]
2026-09-29 15:59:59,293 INFO  [22] com.example.mqproducer.ProducerWorker - Sent destination=APPQ threadId=22 msg=109 body=[destination=APPQ threadId=22 msg=109]
2026-09-29 15:59:59,307 INFO  [24] com.example.mqproducer.ProducerWorker - Sent destination=APPQ threadId=24 msg=109 body=[destination=APPQ threadId=24 msg=109]
2026-09-29 15:59:59,307 INFO  [25] com.example.mqproducer.ProducerWorker - Sent destination=APPQ threadId=25 msg=109 body=[destination=APPQ threadId=25 msg=109]
2026-09-29 16:00:00,215 INFO  [23] com.example.mqproducer.ProducerWorker - Sent destination=APPQ threadId=23 msg=110 body=[destination=APPQ threadId=23 msg=110]
2026-09-29 16:00:00,305 INFO  [22] com.example.mqproducer.ProducerWorker - Sent destination=APPQ threadId=22 msg=110 body=[destination=APPQ threadId=22 msg=110]
2026-09-29 16:00:00,320 INFO  [24] com.example.mqproducer.ProducerWorker - Sent destination=APPQ threadId=24 msg=110 body=[destination=APPQ threadId=24 msg=110]
2026-09-29 16:00:00,321 INFO  [25] com.example.mqproducer.ProducerWorker - Sent destination=APPQ threadId=25 msg=110 body=[destination=APPQ threadId=25 msg=110]
2026-09-29 16:00:01,227 INFO  [23] com.example.mqproducer.ProducerWorker - Sent destination=APPQ threadId=23 msg=111 body=[destination=APPQ threadId=23 msg=111]
2026-09-29 16:00:01,322 INFO  [22] com.example.mqproducer.ProducerWorker - Sent destination=APPQ threadId=22 msg=111 body=[destination=APPQ threadId=22 msg=111]
2026-09-29 16:00:01,337 INFO  [25] com.example.mqproducer.ProducerWorker - Sent destination=APPQ threadId=25 msg=111 body=[destination=APPQ threadId=25 msg=111]
2026-09-29 16:00:01,337 INFO  [24] com.example.mqproducer.ProducerWorker - Sent destination=APPQ threadId=24 msg=111 body=[destination=APPQ threadId=24 msg=111]
2026-09-29 16:00:02,242 INFO  [23] com.example.mqproducer.ProducerWorker - Sent destination=APPQ threadId=23 msg=112 body=[destination=APPQ threadId=23 msg=112]
2026-09-29 16:00:02,334 INFO  [22] com.example.mqproducer.ProducerWorker - Sent destination=APPQ threadId=22 msg=112 body=[destination=APPQ threadId=22 msg=112]
2026-09-29 16:00:02,352 INFO  [25] com.example.mqproducer.ProducerWorker - Sent destination=APPQ threadId=25 msg=112 body=[destination=APPQ threadId=25 msg=112]
2026-09-29 16:00:02,352 INFO  [24] com.example.mqproducer.ProducerWorker - Sent destination=APPQ threadId=24 msg=112 body=[destination=APPQ threadId=24 msg=112]
2026-09-29 16:00:03,258 INFO  [23] com.example.mqproducer.ProducerWorker - Sent destination=APPQ threadId=23 msg=113 body=[destination=APPQ threadId=23 msg=113]
2026-09-29 16:00:03,340 INFO  [22] com.example.mqproducer.ProducerWorker - Sent destination=APPQ threadId=22 msg=113 body=[destination=APPQ threadId=22 msg=113]
2026-09-29 16:00:03,370 INFO  [25] com.example.mqproducer.ProducerWorker - Sent destination=APPQ threadId=25 msg=113 body=[destination=APPQ threadId=25 msg=113]
2026-09-29 16:00:03,370 INFO  [24] com.example.mqproducer.ProducerWorker - Sent destination=APPQ threadId=24 msg=113 body=[destination=APPQ threadId=24 msg=113]
2026-09-29 16:00:04,274 INFO  [23] com.example.mqproducer.ProducerWorker - Sent destination=APPQ threadId=23 msg=114 body=[destination=APPQ threadId=23 msg=114]
2026-09-29 16:00:04,356 INFO  [22] com.example.mqproducer.ProducerWorker - Sent destination=APPQ threadId=22 msg=114 body=[destination=APPQ threadId=22 msg=114]
2026-09-29 16:00:04,386 INFO  [24] com.example.mqproducer.ProducerWorker - Sent destination=APPQ threadId=24 msg=114 body=[destination=APPQ threadId=24 msg=114]
2026-09-29 16:00:04,387 INFO  [25] com.example.mqproducer.ProducerWorker - Sent destination=APPQ threadId=25 msg=114 body=[destination=APPQ threadId=25 msg=114]
2026-09-29 16:00:05,292 INFO  [23] com.example.mqproducer.ProducerWorker - Sent destination=APPQ threadId=23 msg=115 body=[destination=APPQ threadId=23 msg=115]
2026-09-29 16:00:05,370 INFO  [22] com.example.mqproducer.ProducerWorker - Sent destination=APPQ threadId=22 msg=115 body=[destination=APPQ threadId=22 msg=115]
2026-09-29 16:00:05,403 INFO  [25] com.example.mqproducer.ProducerWorker - Sent destination=APPQ threadId=25 msg=115 body=[destination=APPQ threadId=25 msg=115]
2026-09-29 16:00:05,403 INFO  [24] com.example.mqproducer.ProducerWorker - Sent destination=APPQ threadId=24 msg=115 body=[destination=APPQ threadId=24 msg=115]
2026-09-29 16:00:06,308 INFO  [23] com.example.mqproducer.ProducerWorker - Sent destination=APPQ threadId=23 msg=116 body=[destination=APPQ threadId=23 msg=116]
2026-09-29 16:00:06,390 INFO  [22] com.example.mqproducer.ProducerWorker - Sent destination=APPQ threadId=22 msg=116 body=[destination=APPQ threadId=22 msg=116]
2026-09-29 16:00:06,417 INFO  [25] com.example.mqproducer.ProducerWorker - Sent destination=APPQ threadId=25 msg=116 body=[destination=APPQ threadId=25 msg=116]
2026-09-29 16:00:06,419 INFO  [24] com.example.mqproducer.ProducerWorker - Sent destination=APPQ threadId=24 msg=116 body=[destination=APPQ threadId=24 msg=116]
2026-09-29 16:00:07,324 INFO  [23] com.example.mqproducer.ProducerWorker - Sent destination=APPQ threadId=23 msg=117 body=[destination=APPQ threadId=23 msg=117]
2026-09-29 16:00:07,401 INFO  [22] com.example.mqproducer.ProducerWorker - Sent destination=APPQ threadId=22 msg=117 body=[destination=APPQ threadId=22 msg=117]
2026-09-29 16:00:07,429 INFO  [24] com.example.mqproducer.ProducerWorker - Sent destination=APPQ threadId=24 msg=117 body=[destination=APPQ threadId=24 msg=117]
2026-09-29 16:00:07,429 INFO  [25] com.example.mqproducer.ProducerWorker - Sent destination=APPQ threadId=25 msg=117 body=[destination=APPQ threadId=25 msg=117]
2026-09-29 16:00:08,339 INFO  [23] com.example.mqproducer.ProducerWorker - Sent destination=APPQ threadId=23 msg=118 body=[destination=APPQ threadId=23 msg=118]
2026-09-29 16:00:08,416 INFO  [22] com.example.mqproducer.ProducerWorker - Sent destination=APPQ threadId=22 msg=118 body=[destination=APPQ threadId=22 msg=118]
2026-09-29 16:00:08,447 INFO  [24] com.example.mqproducer.ProducerWorker - Sent destination=APPQ threadId=24 msg=118 body=[destination=APPQ threadId=24 msg=118]
2026-09-29 16:00:08,449 INFO  [25] com.example.mqproducer.ProducerWorker - Sent destination=APPQ threadId=25 msg=118 body=[destination=APPQ threadId=25 msg=118]
2026-09-29 16:00:09,356 INFO  [23] com.example.mqproducer.ProducerWorker - Sent destination=APPQ threadId=23 msg=119 body=[destination=APPQ threadId=23 msg=119]
2026-09-29 16:00:09,432 INFO  [22] com.example.mqproducer.ProducerWorker - Sent destination=APPQ threadId=22 msg=119 body=[destination=APPQ threadId=22 msg=119]
2026-09-29 16:00:09,464 INFO  [25] com.example.mqproducer.ProducerWorker - Sent destination=APPQ threadId=25 msg=119 body=[destination=APPQ threadId=25 msg=119]
2026-09-29 16:00:09,464 INFO  [24] com.example.mqproducer.ProducerWorker - Sent destination=APPQ threadId=24 msg=119 body=[destination=APPQ threadId=24 msg=119]
2026-09-29 16:00:10,368 INFO  [23] com.example.mqproducer.ProducerWorker - Sent destination=APPQ threadId=23 msg=120 body=[destination=APPQ threadId=23 msg=120]
2026-09-29 16:00:10,446 INFO  [22] com.example.mqproducer.ProducerWorker - Sent destination=APPQ threadId=22 msg=120 body=[destination=APPQ threadId=22 msg=120]
2026-09-29 16:00:10,478 INFO  [25] com.example.mqproducer.ProducerWorker - Sent destination=APPQ threadId=25 msg=120 body=[destination=APPQ threadId=25 msg=120]
2026-09-29 16:00:10,478 INFO  [24] com.example.mqproducer.ProducerWorker - Sent destination=APPQ threadId=24 msg=120 body=[destination=APPQ threadId=24 msg=120]
2026-09-29 16:00:11,388 INFO  [23] com.example.mqproducer.ProducerWorker - Sent destination=APPQ threadId=23 msg=121 body=[destination=APPQ threadId=23 msg=121]
2026-09-29 16:00:11,465 INFO  [22] com.example.mqproducer.ProducerWorker - Sent destination=APPQ threadId=22 msg=121 body=[destination=APPQ threadId=22 msg=121]
2026-09-29 16:00:11,494 INFO  [25] com.example.mqproducer.ProducerWorker - Sent destination=APPQ threadId=25 msg=121 body=[destination=APPQ threadId=25 msg=121]
2026-09-29 16:00:11,494 INFO  [24] com.example.mqproducer.ProducerWorker - Sent destination=APPQ threadId=24 msg=121 body=[destination=APPQ threadId=24 msg=121]
2026-09-29 16:00:12,398 INFO  [23] com.example.mqproducer.ProducerWorker - Sent destination=APPQ threadId=23 msg=122 body=[destination=APPQ threadId=23 msg=122]
2026-09-29 16:00:12,480 INFO  [22] com.example.mqproducer.ProducerWorker - Sent destination=APPQ threadId=22 msg=122 body=[destination=APPQ threadId=22 msg=122]
2026-09-29 16:00:12,509 INFO  [25] com.example.mqproducer.ProducerWorker - Sent destination=APPQ threadId=25 msg=122 body=[destination=APPQ threadId=25 msg=122]
2026-09-29 16:00:12,509 INFO  [24] com.example.mqproducer.ProducerWorker - Sent destination=APPQ threadId=24 msg=122 body=[destination=APPQ threadId=24 msg=122]
2026-09-29 16:00:13,413 INFO  [23] com.example.mqproducer.ProducerWorker - Sent destination=APPQ threadId=23 msg=123 body=[destination=APPQ threadId=23 msg=123]
2026-09-29 16:00:13,495 INFO  [22] com.example.mqproducer.ProducerWorker - Sent destination=APPQ threadId=22 msg=123 body=[destination=APPQ threadId=22 msg=123]
2026-09-29 16:00:13,525 INFO  [24] com.example.mqproducer.ProducerWorker - Sent destination=APPQ threadId=24 msg=123 body=[destination=APPQ threadId=24 msg=123]
2026-09-29 16:00:13,526 INFO  [25] com.example.mqproducer.ProducerWorker - Sent destination=APPQ threadId=25 msg=123 body=[destination=APPQ threadId=25 msg=123]
2026-09-29 16:00:14,433 INFO  [23] com.example.mqproducer.ProducerWorker - Sent destination=APPQ threadId=23 msg=124 body=[destination=APPQ threadId=23 msg=124]
2026-09-29 16:00:14,510 INFO  [22] com.example.mqproducer.ProducerWorker - Sent destination=APPQ threadId=22 msg=124 body=[destination=APPQ threadId=22 msg=124]
2026-09-29 16:00:14,540 INFO  [25] com.example.mqproducer.ProducerWorker - Sent destination=APPQ threadId=25 msg=124 body=[destination=APPQ threadId=25 msg=124]
2026-09-29 16:00:14,540 INFO  [24] com.example.mqproducer.ProducerWorker - Sent destination=APPQ threadId=24 msg=124 body=[destination=APPQ threadId=24 msg=124]
2026-09-29 16:00:15,445 INFO  [23] com.example.mqproducer.ProducerWorker - Sent destination=APPQ threadId=23 msg=125 body=[destination=APPQ threadId=23 msg=125]
2026-09-29 16:00:15,523 INFO  [22] com.example.mqproducer.ProducerWorker - Sent destination=APPQ threadId=22 msg=125 body=[destination=APPQ threadId=22 msg=125]
2026-09-29 16:00:15,554 INFO  [25] com.example.mqproducer.ProducerWorker - Sent destination=APPQ threadId=25 msg=125 body=[destination=APPQ threadId=25 msg=125]
2026-09-29 16:00:15,554 INFO  [24] com.example.mqproducer.ProducerWorker - Sent destination=APPQ threadId=24 msg=125 body=[destination=APPQ threadId=24 msg=125]
2026-09-29 16:00:16,461 INFO  [23] com.example.mqproducer.ProducerWorker - Sent destination=APPQ threadId=23 msg=126 body=[destination=APPQ threadId=23 msg=126]
2026-09-29 16:00:16,538 INFO  [22] com.example.mqproducer.ProducerWorker - Sent destination=APPQ threadId=22 msg=126 body=[destination=APPQ threadId=22 msg=126]
2026-09-29 16:00:16,571 INFO  [24] com.example.mqproducer.ProducerWorker - Sent destination=APPQ threadId=24 msg=126 body=[destination=APPQ threadId=24 msg=126]
2026-09-29 16:00:16,571 INFO  [25] com.example.mqproducer.ProducerWorker - Sent destination=APPQ threadId=25 msg=126 body=[destination=APPQ threadId=25 msg=126]
2026-09-29 16:00:17,477 INFO  [23] com.example.mqproducer.ProducerWorker - Sent destination=APPQ threadId=23 msg=127 body=[destination=APPQ threadId=23 msg=127]
2026-09-29 16:00:17,556 INFO  [22] com.example.mqproducer.ProducerWorker - Sent destination=APPQ threadId=22 msg=127 body=[destination=APPQ threadId=22 msg=127]
2026-09-29 16:00:17,588 INFO  [24] com.example.mqproducer.ProducerWorker - Sent destination=APPQ threadId=24 msg=127 body=[destination=APPQ threadId=24 msg=127]
2026-09-29 16:00:17,588 INFO  [25] com.example.mqproducer.ProducerWorker - Sent destination=APPQ threadId=25 msg=127 body=[destination=APPQ threadId=25 msg=127]
2026-09-29 16:00:18,495 INFO  [23] com.example.mqproducer.ProducerWorker - Sent destination=APPQ threadId=23 msg=128 body=[destination=APPQ threadId=23 msg=128]
2026-09-29 16:00:18,573 INFO  [22] com.example.mqproducer.ProducerWorker - Sent destination=APPQ threadId=22 msg=128 body=[destination=APPQ threadId=22 msg=128]
2026-09-29 16:00:18,604 INFO  [24] com.example.mqproducer.ProducerWorker - Sent destination=APPQ threadId=24 msg=128 body=[destination=APPQ threadId=24 msg=128]
2026-09-29 16:00:18,605 INFO  [25] com.example.mqproducer.ProducerWorker - Sent destination=APPQ threadId=25 msg=128 body=[destination=APPQ threadId=25 msg=128]
2026-09-29 16:00:19,511 INFO  [23] com.example.mqproducer.ProducerWorker - Sent destination=APPQ threadId=23 msg=129 body=[destination=APPQ threadId=23 msg=129]
2026-09-29 16:00:19,588 INFO  [22] com.example.mqproducer.ProducerWorker - Sent destination=APPQ threadId=22 msg=129 body=[destination=APPQ threadId=22 msg=129]
2026-09-29 16:00:19,621 INFO  [25] com.example.mqproducer.ProducerWorker - Sent destination=APPQ threadId=25 msg=129 body=[destination=APPQ threadId=25 msg=129]
2026-09-29 16:00:19,621 INFO  [24] com.example.mqproducer.ProducerWorker - Sent destination=APPQ threadId=24 msg=129 body=[destination=APPQ threadId=24 msg=129]
2026-09-29 16:00:20,523 INFO  [23] com.example.mqproducer.ProducerWorker - Sent destination=APPQ threadId=23 msg=130 body=[destination=APPQ threadId=23 msg=130]
2026-09-29 16:00:20,603 INFO  [22] com.example.mqproducer.ProducerWorker - Sent destination=APPQ threadId=22 msg=130 body=[destination=APPQ threadId=22 msg=130]
2026-09-29 16:00:20,631 INFO  [24] com.example.mqproducer.ProducerWorker - Sent destination=APPQ threadId=24 msg=130 body=[destination=APPQ threadId=24 msg=130]
2026-09-29 16:00:20,631 INFO  [25] com.example.mqproducer.ProducerWorker - Sent destination=APPQ threadId=25 msg=130 body=[destination=APPQ threadId=25 msg=130]
2026-09-29 16:00:21,531 INFO  [23] com.example.mqproducer.ProducerWorker - Sent destination=APPQ threadId=23 msg=131 body=[destination=APPQ threadId=23 msg=131]
2026-09-29 16:00:21,617 INFO  [22] com.example.mqproducer.ProducerWorker - Sent destination=APPQ threadId=22 msg=131 body=[destination=APPQ threadId=22 msg=131]
2026-09-29 16:00:21,640 INFO  [24] com.example.mqproducer.ProducerWorker - Sent destination=APPQ threadId=24 msg=131 body=[destination=APPQ threadId=24 msg=131]
2026-09-29 16:00:21,641 INFO  [25] com.example.mqproducer.ProducerWorker - Sent destination=APPQ threadId=25 msg=131 body=[destination=APPQ threadId=25 msg=131]
2026-09-29 16:00:22,541 INFO  [23] com.example.mqproducer.ProducerWorker - Sent destination=APPQ threadId=23 msg=132 body=[destination=APPQ threadId=23 msg=132]
2026-09-29 16:00:22,634 INFO  [22] com.example.mqproducer.ProducerWorker - Sent destination=APPQ threadId=22 msg=132 body=[destination=APPQ threadId=22 msg=132]
2026-09-29 16:00:22,650 INFO  [25] com.example.mqproducer.ProducerWorker - Sent destination=APPQ threadId=25 msg=132 body=[destination=APPQ threadId=25 msg=132]
2026-09-29 16:00:22,650 INFO  [24] com.example.mqproducer.ProducerWorker - Sent destination=APPQ threadId=24 msg=132 body=[destination=APPQ threadId=24 msg=132]
2026-09-29 16:00:23,557 INFO  [23] com.example.mqproducer.ProducerWorker - Sent destination=APPQ threadId=23 msg=133 body=[destination=APPQ threadId=23 msg=133]
2026-09-29 16:00:23,656 INFO  [22] com.example.mqproducer.ProducerWorker - Sent destination=APPQ threadId=22 msg=133 body=[destination=APPQ threadId=22 msg=133]
2026-09-29 16:00:23,657 INFO  [24] com.example.mqproducer.ProducerWorker - Sent destination=APPQ threadId=24 msg=133 body=[destination=APPQ threadId=24 msg=133]
2026-09-29 16:00:23,657 INFO  [25] com.example.mqproducer.ProducerWorker - Sent destination=APPQ threadId=25 msg=133 body=[destination=APPQ threadId=25 msg=133]
2026-09-29 16:00:24,577 INFO  [23] com.example.mqproducer.ProducerWorker - Sent destination=APPQ threadId=23 msg=134 body=[destination=APPQ threadId=23 msg=134]
2026-09-29 16:00:24,667 INFO  [24] com.example.mqproducer.ProducerWorker - Sent destination=APPQ threadId=24 msg=134 body=[destination=APPQ threadId=24 msg=134]
2026-09-29 16:00:24,670 INFO  [22] com.example.mqproducer.ProducerWorker - Sent destination=APPQ threadId=22 msg=134 body=[destination=APPQ threadId=22 msg=134]
2026-09-29 16:00:24,671 INFO  [25] com.example.mqproducer.ProducerWorker - Sent destination=APPQ threadId=25 msg=134 body=[destination=APPQ threadId=25 msg=134]
2026-09-29 16:00:25,586 INFO  [23] com.example.mqproducer.ProducerWorker - Sent destination=APPQ threadId=23 msg=135 body=[destination=APPQ threadId=23 msg=135]
2026-09-29 16:00:25,679 INFO  [22] com.example.mqproducer.ProducerWorker - Sent destination=APPQ threadId=22 msg=135 body=[destination=APPQ threadId=22 msg=135]
2026-09-29 16:00:25,681 INFO  [24] com.example.mqproducer.ProducerWorker - Sent destination=APPQ threadId=24 msg=135 body=[destination=APPQ threadId=24 msg=135]
2026-09-29 16:00:25,681 INFO  [25] com.example.mqproducer.ProducerWorker - Sent destination=APPQ threadId=25 msg=135 body=[destination=APPQ threadId=25 msg=135]
2026-09-29 16:00:26,591 INFO  [23] com.example.mqproducer.ProducerWorker - Sent destination=APPQ threadId=23 msg=136 body=[destination=APPQ threadId=23 msg=136]
2026-09-29 16:00:26,698 INFO  [22] com.example.mqproducer.ProducerWorker - Sent destination=APPQ threadId=22 msg=136 body=[destination=APPQ threadId=22 msg=136]
2026-09-29 16:00:26,698 INFO  [24] com.example.mqproducer.ProducerWorker - Sent destination=APPQ threadId=24 msg=136 body=[destination=APPQ threadId=24 msg=136]
2026-09-29 16:00:26,700 INFO  [25] com.example.mqproducer.ProducerWorker - Sent destination=APPQ threadId=25 msg=136 body=[destination=APPQ threadId=25 msg=136]
2026-09-29 16:00:27,608 INFO  [23] com.example.mqproducer.ProducerWorker - Sent destination=APPQ threadId=23 msg=137 body=[destination=APPQ threadId=23 msg=137]
2026-09-29 16:00:27,716 INFO  [24] com.example.mqproducer.ProducerWorker - Sent destination=APPQ threadId=24 msg=137 body=[destination=APPQ threadId=24 msg=137]
2026-09-29 16:00:27,716 INFO  [25] com.example.mqproducer.ProducerWorker - Sent destination=APPQ threadId=25 msg=137 body=[destination=APPQ threadId=25 msg=137]
2026-09-29 16:00:27,716 INFO  [22] com.example.mqproducer.ProducerWorker - Sent destination=APPQ threadId=22 msg=137 body=[destination=APPQ threadId=22 msg=137]
2026-09-29 16:00:28,619 INFO  [23] com.example.mqproducer.ProducerWorker - Sent destination=APPQ threadId=23 msg=138 body=[destination=APPQ threadId=23 msg=138]
2026-09-29 16:00:28,733 INFO  [24] com.example.mqproducer.ProducerWorker - Sent destination=APPQ threadId=24 msg=138 body=[destination=APPQ threadId=24 msg=138]
2026-09-29 16:00:28,735 INFO  [25] com.example.mqproducer.ProducerWorker - Sent destination=APPQ threadId=25 msg=138 body=[destination=APPQ threadId=25 msg=138]
2026-09-29 16:00:28,735 INFO  [22] com.example.mqproducer.ProducerWorker - Sent destination=APPQ threadId=22 msg=138 body=[destination=APPQ threadId=22 msg=138]
2026-09-29 16:00:29,633 INFO  [23] com.example.mqproducer.ProducerWorker - Sent destination=APPQ threadId=23 msg=139 body=[destination=APPQ threadId=23 msg=139]
2026-09-29 16:00:29,746 INFO  [25] com.example.mqproducer.ProducerWorker - Sent destination=APPQ threadId=25 msg=139 body=[destination=APPQ threadId=25 msg=139]
2026-09-29 16:00:29,746 INFO  [24] com.example.mqproducer.ProducerWorker - Sent destination=APPQ threadId=24 msg=139 body=[destination=APPQ threadId=24 msg=139]
2026-09-29 16:00:29,746 INFO  [22] com.example.mqproducer.ProducerWorker - Sent destination=APPQ threadId=22 msg=139 body=[destination=APPQ threadId=22 msg=139]
2026-09-29 16:00:30,649 INFO  [23] com.example.mqproducer.ProducerWorker - Sent destination=APPQ threadId=23 msg=140 body=[destination=APPQ threadId=23 msg=140]
2026-09-29 16:00:30,760 INFO  [22] com.example.mqproducer.ProducerWorker - Sent destination=APPQ threadId=22 msg=140 body=[destination=APPQ threadId=22 msg=140]
2026-09-29 16:00:30,761 INFO  [24] com.example.mqproducer.ProducerWorker - Sent destination=APPQ threadId=24 msg=140 body=[destination=APPQ threadId=24 msg=140]
2026-09-29 16:00:30,761 INFO  [25] com.example.mqproducer.ProducerWorker - Sent destination=APPQ threadId=25 msg=140 body=[destination=APPQ threadId=25 msg=140]
2026-09-29 16:00:31,668 INFO  [23] com.example.mqproducer.ProducerWorker - Sent destination=APPQ threadId=23 msg=141 body=[destination=APPQ threadId=23 msg=141]
2026-09-29 16:00:31,775 INFO  [24] com.example.mqproducer.ProducerWorker - Sent destination=APPQ threadId=24 msg=141 body=[destination=APPQ threadId=24 msg=141]
2026-09-29 16:00:31,777 INFO  [22] com.example.mqproducer.ProducerWorker - Sent destination=APPQ threadId=22 msg=141 body=[destination=APPQ threadId=22 msg=141]
2026-09-29 16:00:31,778 INFO  [25] com.example.mqproducer.ProducerWorker - Sent destination=APPQ threadId=25 msg=141 body=[destination=APPQ threadId=25 msg=141]
2026-09-29 16:00:32,683 INFO  [23] com.example.mqproducer.ProducerWorker - Sent destination=APPQ threadId=23 msg=142 body=[destination=APPQ threadId=23 msg=142]
2026-09-29 16:00:32,794 INFO  [25] com.example.mqproducer.ProducerWorker - Sent destination=APPQ threadId=25 msg=142 body=[destination=APPQ threadId=25 msg=142]
2026-09-29 16:00:32,794 INFO  [24] com.example.mqproducer.ProducerWorker - Sent destination=APPQ threadId=24 msg=142 body=[destination=APPQ threadId=24 msg=142]
2026-09-29 16:00:32,795 INFO  [22] com.example.mqproducer.ProducerWorker - Sent destination=APPQ threadId=22 msg=142 body=[destination=APPQ threadId=22 msg=142]
2026-09-29 16:00:33,687 INFO  [23] com.example.mqproducer.ProducerWorker - Sent destination=APPQ threadId=23 msg=143 body=[destination=APPQ threadId=23 msg=143]
2026-09-29 16:00:33,807 INFO  [22] com.example.mqproducer.ProducerWorker - Sent destination=APPQ threadId=22 msg=143 body=[destination=APPQ threadId=22 msg=143]
2026-09-29 16:00:33,809 INFO  [25] com.example.mqproducer.ProducerWorker - Sent destination=APPQ threadId=25 msg=143 body=[destination=APPQ threadId=25 msg=143]
2026-09-29 16:00:33,812 INFO  [24] com.example.mqproducer.ProducerWorker - Sent destination=APPQ threadId=24 msg=143 body=[destination=APPQ threadId=24 msg=143]
2026-09-29 16:00:34,700 INFO  [23] com.example.mqproducer.ProducerWorker - Sent destination=APPQ threadId=23 msg=144 body=[destination=APPQ threadId=23 msg=144]
2026-09-29 16:00:34,824 INFO  [22] com.example.mqproducer.ProducerWorker - Sent destination=APPQ threadId=22 msg=144 body=[destination=APPQ threadId=22 msg=144]
2026-09-29 16:00:34,824 INFO  [24] com.example.mqproducer.ProducerWorker - Sent destination=APPQ threadId=24 msg=144 body=[destination=APPQ threadId=24 msg=144]
2026-09-29 16:00:34,825 INFO  [25] com.example.mqproducer.ProducerWorker - Sent destination=APPQ threadId=25 msg=144 body=[destination=APPQ threadId=25 msg=144]
2026-09-29 16:00:35,711 INFO  [23] com.example.mqproducer.ProducerWorker - Sent destination=APPQ threadId=23 msg=145 body=[destination=APPQ threadId=23 msg=145]
2026-09-29 16:00:35,840 INFO  [22] com.example.mqproducer.ProducerWorker - Sent destination=APPQ threadId=22 msg=145 body=[destination=APPQ threadId=22 msg=145]
2026-09-29 16:00:35,841 INFO  [24] com.example.mqproducer.ProducerWorker - Sent destination=APPQ threadId=24 msg=145 body=[destination=APPQ threadId=24 msg=145]
2026-09-29 16:00:35,841 INFO  [25] com.example.mqproducer.ProducerWorker - Sent destination=APPQ threadId=25 msg=145 body=[destination=APPQ threadId=25 msg=145]
2026-09-29 16:00:36,717 INFO  [23] com.example.mqproducer.ProducerWorker - Sent destination=APPQ threadId=23 msg=146 body=[destination=APPQ threadId=23 msg=146]
2026-09-29 16:00:36,854 INFO  [25] com.example.mqproducer.ProducerWorker - Sent destination=APPQ threadId=25 msg=146 body=[destination=APPQ threadId=25 msg=146]
2026-09-29 16:00:36,854 INFO  [24] com.example.mqproducer.ProducerWorker - Sent destination=APPQ threadId=24 msg=146 body=[destination=APPQ threadId=24 msg=146]
2026-09-29 16:00:36,855 INFO  [22] com.example.mqproducer.ProducerWorker - Sent destination=APPQ threadId=22 msg=146 body=[destination=APPQ threadId=22 msg=146]
2026-09-29 16:00:37,732 INFO  [23] com.example.mqproducer.ProducerWorker - Sent destination=APPQ threadId=23 msg=147 body=[destination=APPQ threadId=23 msg=147]
2026-09-29 16:00:37,870 INFO  [25] com.example.mqproducer.ProducerWorker - Sent destination=APPQ threadId=25 msg=147 body=[destination=APPQ threadId=25 msg=147]
2026-09-29 16:00:37,870 INFO  [22] com.example.mqproducer.ProducerWorker - Sent destination=APPQ threadId=22 msg=147 body=[destination=APPQ threadId=22 msg=147]
2026-09-29 16:00:37,871 INFO  [24] com.example.mqproducer.ProducerWorker - Sent destination=APPQ threadId=24 msg=147 body=[destination=APPQ threadId=24 msg=147]
2026-09-29 16:00:38,746 INFO  [23] com.example.mqproducer.ProducerWorker - Sent destination=APPQ threadId=23 msg=148 body=[destination=APPQ threadId=23 msg=148]
2026-09-29 16:00:38,885 INFO  [25] com.example.mqproducer.ProducerWorker - Sent destination=APPQ threadId=25 msg=148 body=[destination=APPQ threadId=25 msg=148]
2026-09-29 16:00:38,885 INFO  [22] com.example.mqproducer.ProducerWorker - Sent destination=APPQ threadId=22 msg=148 body=[destination=APPQ threadId=22 msg=148]
2026-09-29 16:00:38,887 INFO  [24] com.example.mqproducer.ProducerWorker - Sent destination=APPQ threadId=24 msg=148 body=[destination=APPQ threadId=24 msg=148]
2026-09-29 16:00:39,763 INFO  [23] com.example.mqproducer.ProducerWorker - Sent destination=APPQ threadId=23 msg=149 body=[destination=APPQ threadId=23 msg=149]
2026-09-29 16:00:39,901 INFO  [24] com.example.mqproducer.ProducerWorker - Sent destination=APPQ threadId=24 msg=149 body=[destination=APPQ threadId=24 msg=149]
2026-09-29 16:00:39,902 INFO  [22] com.example.mqproducer.ProducerWorker - Sent destination=APPQ threadId=22 msg=149 body=[destination=APPQ threadId=22 msg=149]
2026-09-29 16:00:39,902 INFO  [25] com.example.mqproducer.ProducerWorker - Sent destination=APPQ threadId=25 msg=149 body=[destination=APPQ threadId=25 msg=149]
2026-09-29 16:00:40,773 INFO  [23] com.example.mqproducer.ProducerWorker - Sent destination=APPQ threadId=23 msg=150 body=[destination=APPQ threadId=23 msg=150]
2026-09-29 16:00:40,916 INFO  [24] com.example.mqproducer.ProducerWorker - Sent destination=APPQ threadId=24 msg=150 body=[destination=APPQ threadId=24 msg=150]
2026-09-29 16:00:40,917 INFO  [22] com.example.mqproducer.ProducerWorker - Sent destination=APPQ threadId=22 msg=150 body=[destination=APPQ threadId=22 msg=150]
2026-09-29 16:00:40,917 INFO  [25] com.example.mqproducer.ProducerWorker - Sent destination=APPQ threadId=25 msg=150 body=[destination=APPQ threadId=25 msg=150]
2026-09-29 16:00:41,795 INFO  [23] com.example.mqproducer.ProducerWorker - Producer thread 23 finished
2026-09-29 16:00:41,932 INFO  [25] com.example.mqproducer.ProducerWorker - Producer thread 25 finished
2026-09-29 16:00:41,932 INFO  [24] com.example.mqproducer.ProducerWorker - Producer thread 24 finished
2026-09-29 16:00:41,932 INFO  [22] com.example.mqproducer.ProducerWorker - Producer thread 22 finished
2026-09-29 16:00:41,934 INFO  [1] com.example.mqproducer.Main - All producer threads finished — 600 messages sent — program exiting
2026-09-29 16:02:17,740 INFO  [1] com.example.mqproducer.Main - Starting MQ producer harness — threads=4  messagesPerThread=150  totalMessages=600  queue=APPQ
2026-09-29 16:02:17,745 INFO  [23] com.example.mqproducer.ProducerWorker - Producer 2 starting
2026-09-29 16:02:17,745 INFO  [24] com.example.mqproducer.ProducerWorker - Producer 3 starting
2026-09-29 16:02:17,745 INFO  [22] com.example.mqproducer.ProducerWorker - Producer 1 starting
2026-09-29 16:02:17,745 INFO  [25] com.example.mqproducer.ProducerWorker - Producer 4 starting
2026-09-29 16:02:17,786 FINER [23] javax.management.mbeanserver - ObjectName = JMImplementation:type=MBeanServerDelegate
2026-09-29 16:02:17,787 FINER [23] javax.management.mbeanserver - name = JMImplementation:type=MBeanServerDelegate
2026-09-29 16:02:17,787 FINER [23] javax.management.mbeanserver - Send create notification of object JMImplementation:type=MBeanServerDelegate
2026-09-29 16:02:17,790 FINER [23] javax.management.mbeanserver - JMX.mbean.registered JMImplementation:type=MBeanServerDelegate
2026-09-29 16:02:17,799 FINER [23] javax.management.misc - Building MBeanInfo for sun.management.RuntimeImpl
2026-09-29 16:02:17,799 FINER [23] javax.management.mbeanserver - ObjectName = java.lang:type=Runtime
2026-09-29 16:02:17,799 FINER [23] javax.management.mbeanserver - name = java.lang:type=Runtime
2026-09-29 16:02:17,799 FINER [23] javax.management.mbeanserver - Send create notification of object java.lang:type=Runtime
2026-09-29 16:02:17,799 FINER [23] javax.management.mbeanserver - JMX.mbean.registered java.lang:type=Runtime
2026-09-29 16:02:17,803 FINER [23] javax.management.misc - Building MBeanInfo for com.sun.management.internal.HotSpotThreadImpl
2026-09-29 16:02:17,803 FINER [23] javax.management.mbeanserver - ObjectName = java.lang:type=Threading
2026-09-29 16:02:17,803 FINER [23] javax.management.mbeanserver - name = java.lang:type=Threading
2026-09-29 16:02:17,804 FINER [23] javax.management.mbeanserver - Send create notification of object java.lang:type=Threading
2026-09-29 16:02:17,804 FINER [23] javax.management.mbeanserver - JMX.mbean.registered java.lang:type=Threading
2026-09-29 16:02:17,810 FINER [23] javax.management.misc - Building MBeanInfo for com.sun.management.internal.OperatingSystemImpl
2026-09-29 16:02:17,810 FINER [23] javax.management.mbeanserver - ObjectName = java.lang:type=OperatingSystem
2026-09-29 16:02:17,810 FINER [23] javax.management.mbeanserver - name = java.lang:type=OperatingSystem
2026-09-29 16:02:17,810 FINER [23] javax.management.mbeanserver - Send create notification of object java.lang:type=OperatingSystem
2026-09-29 16:02:17,811 FINER [23] javax.management.mbeanserver - JMX.mbean.registered java.lang:type=OperatingSystem
2026-09-29 16:02:17,813 FINER [23] javax.management.misc - Building MBeanInfo for sun.management.MemoryManagerImpl
2026-09-29 16:02:17,813 FINER [23] javax.management.mbeanserver - ObjectName = java.lang:name=CodeCacheManager,type=MemoryManager
2026-09-29 16:02:17,813 FINER [23] javax.management.mbeanserver - name = java.lang:name=CodeCacheManager,type=MemoryManager
2026-09-29 16:02:17,813 FINER [23] javax.management.mbeanserver - Send create notification of object java.lang:name=CodeCacheManager,type=MemoryManager
2026-09-29 16:02:17,813 FINER [23] javax.management.mbeanserver - JMX.mbean.registered java.lang:name=CodeCacheManager,type=MemoryManager
2026-09-29 16:02:17,814 FINER [23] javax.management.misc - Building MBeanInfo for sun.management.MemoryManagerImpl
2026-09-29 16:02:17,814 FINER [23] javax.management.mbeanserver - ObjectName = java.lang:name=Metaspace Manager,type=MemoryManager
2026-09-29 16:02:17,814 FINER [23] javax.management.mbeanserver - name = java.lang:name=Metaspace Manager,type=MemoryManager
2026-09-29 16:02:17,814 FINER [23] javax.management.mbeanserver - Send create notification of object java.lang:name=Metaspace Manager,type=MemoryManager
2026-09-29 16:02:17,814 FINER [23] javax.management.mbeanserver - JMX.mbean.registered java.lang:name=Metaspace Manager,type=MemoryManager
2026-09-29 16:02:17,815 FINER [23] javax.management.misc - Building MBeanInfo for sun.management.MemoryPoolImpl
2026-09-29 16:02:17,815 FINER [23] javax.management.mbeanserver - ObjectName = java.lang:name=CodeHeap 'non-nmethods',type=MemoryPool
2026-09-29 16:02:17,815 FINER [23] javax.management.mbeanserver - name = java.lang:name=CodeHeap 'non-nmethods',type=MemoryPool
2026-09-29 16:02:17,815 FINER [23] javax.management.mbeanserver - Send create notification of object java.lang:name=CodeHeap 'non-nmethods',type=MemoryPool
2026-09-29 16:02:17,815 FINER [23] javax.management.mbeanserver - JMX.mbean.registered java.lang:name=CodeHeap 'non-nmethods',type=MemoryPool
2026-09-29 16:02:17,815 FINER [23] javax.management.misc - Building MBeanInfo for sun.management.MemoryPoolImpl
2026-09-29 16:02:17,815 FINER [23] javax.management.mbeanserver - ObjectName = java.lang:name=Metaspace,type=MemoryPool
2026-09-29 16:02:17,815 FINER [23] javax.management.mbeanserver - name = java.lang:name=Metaspace,type=MemoryPool
2026-09-29 16:02:17,815 FINER [23] javax.management.mbeanserver - Send create notification of object java.lang:name=Metaspace,type=MemoryPool
2026-09-29 16:02:17,816 FINER [23] javax.management.mbeanserver - JMX.mbean.registered java.lang:name=Metaspace,type=MemoryPool
2026-09-29 16:02:17,816 FINER [23] javax.management.misc - Building MBeanInfo for sun.management.MemoryPoolImpl
2026-09-29 16:02:17,816 FINER [23] javax.management.mbeanserver - ObjectName = java.lang:name=CodeHeap 'profiled nmethods',type=MemoryPool
2026-09-29 16:02:17,816 FINER [23] javax.management.mbeanserver - name = java.lang:name=CodeHeap 'profiled nmethods',type=MemoryPool
2026-09-29 16:02:17,816 FINER [23] javax.management.mbeanserver - Send create notification of object java.lang:name=CodeHeap 'profiled nmethods',type=MemoryPool
2026-09-29 16:02:17,816 FINER [23] javax.management.mbeanserver - JMX.mbean.registered java.lang:name=CodeHeap 'profiled nmethods',type=MemoryPool
2026-09-29 16:02:17,816 FINER [23] javax.management.misc - Building MBeanInfo for sun.management.MemoryPoolImpl
2026-09-29 16:02:17,816 FINER [23] javax.management.mbeanserver - ObjectName = java.lang:name=Compressed Class Space,type=MemoryPool
2026-09-29 16:02:17,816 FINER [23] javax.management.mbeanserver - name = java.lang:name=Compressed Class Space,type=MemoryPool
2026-09-29 16:02:17,816 FINER [23] javax.management.mbeanserver - Send create notification of object java.lang:name=Compressed Class Space,type=MemoryPool
2026-09-29 16:02:17,816 FINER [23] javax.management.mbeanserver - JMX.mbean.registered java.lang:name=Compressed Class Space,type=MemoryPool
2026-09-29 16:02:17,816 FINER [23] javax.management.misc - Building MBeanInfo for sun.management.MemoryPoolImpl
2026-09-29 16:02:17,816 FINER [23] javax.management.mbeanserver - ObjectName = java.lang:name=G1 Eden Space,type=MemoryPool
2026-09-29 16:02:17,816 FINER [23] javax.management.mbeanserver - name = java.lang:name=G1 Eden Space,type=MemoryPool
2026-09-29 16:02:17,816 FINER [23] javax.management.mbeanserver - Send create notification of object java.lang:name=G1 Eden Space,type=MemoryPool
2026-09-29 16:02:17,817 FINER [23] javax.management.mbeanserver - JMX.mbean.registered java.lang:name=G1 Eden Space,type=MemoryPool
2026-09-29 16:02:17,817 FINER [23] javax.management.misc - Building MBeanInfo for sun.management.MemoryPoolImpl
2026-09-29 16:02:17,817 FINER [23] javax.management.mbeanserver - ObjectName = java.lang:name=G1 Old Gen,type=MemoryPool
2026-09-29 16:02:17,817 FINER [23] javax.management.mbeanserver - name = java.lang:name=G1 Old Gen,type=MemoryPool
2026-09-29 16:02:17,817 FINER [23] javax.management.mbeanserver - Send create notification of object java.lang:name=G1 Old Gen,type=MemoryPool
2026-09-29 16:02:17,817 FINER [23] javax.management.mbeanserver - JMX.mbean.registered java.lang:name=G1 Old Gen,type=MemoryPool
2026-09-29 16:02:17,817 FINER [23] javax.management.misc - Building MBeanInfo for sun.management.MemoryPoolImpl
2026-09-29 16:02:17,817 FINER [23] javax.management.mbeanserver - ObjectName = java.lang:name=G1 Survivor Space,type=MemoryPool
2026-09-29 16:02:17,817 FINER [23] javax.management.mbeanserver - name = java.lang:name=G1 Survivor Space,type=MemoryPool
2026-09-29 16:02:17,817 FINER [23] javax.management.mbeanserver - Send create notification of object java.lang:name=G1 Survivor Space,type=MemoryPool
2026-09-29 16:02:17,817 FINER [23] javax.management.mbeanserver - JMX.mbean.registered java.lang:name=G1 Survivor Space,type=MemoryPool
2026-09-29 16:02:17,817 FINER [23] javax.management.misc - Building MBeanInfo for sun.management.MemoryPoolImpl
2026-09-29 16:02:17,817 FINER [23] javax.management.mbeanserver - ObjectName = java.lang:name=CodeHeap 'non-profiled nmethods',type=MemoryPool
2026-09-29 16:02:17,817 FINER [23] javax.management.mbeanserver - name = java.lang:name=CodeHeap 'non-profiled nmethods',type=MemoryPool
2026-09-29 16:02:17,817 FINER [23] javax.management.mbeanserver - Send create notification of object java.lang:name=CodeHeap 'non-profiled nmethods',type=MemoryPool
2026-09-29 16:02:17,817 FINER [23] javax.management.mbeanserver - JMX.mbean.registered java.lang:name=CodeHeap 'non-profiled nmethods',type=MemoryPool
2026-09-29 16:02:17,818 FINER [23] javax.management.misc - Building MBeanInfo for sun.management.CompilationImpl
2026-09-29 16:02:17,818 FINER [23] javax.management.mbeanserver - ObjectName = java.lang:type=Compilation
2026-09-29 16:02:17,818 FINER [23] javax.management.mbeanserver - name = java.lang:type=Compilation
2026-09-29 16:02:17,818 FINER [23] javax.management.mbeanserver - Send create notification of object java.lang:type=Compilation
2026-09-29 16:02:17,818 FINER [23] javax.management.mbeanserver - JMX.mbean.registered java.lang:type=Compilation
2026-09-29 16:02:17,819 FINER [23] javax.management.misc - Building MBeanInfo for sun.management.MemoryImpl
2026-09-29 16:02:17,819 FINER [23] javax.management.mbeanserver - ObjectName = java.lang:type=Memory
2026-09-29 16:02:17,819 FINER [23] javax.management.mbeanserver - name = java.lang:type=Memory
2026-09-29 16:02:17,819 FINER [23] javax.management.mbeanserver - Send create notification of object java.lang:type=Memory
2026-09-29 16:02:17,819 FINER [23] javax.management.mbeanserver - JMX.mbean.registered java.lang:type=Memory
2026-09-29 16:02:17,820 FINER [23] javax.management.misc - Building MBeanInfo for sun.management.ManagementFactoryHelper$PlatformLoggingImpl
2026-09-29 16:02:17,820 FINER [23] javax.management.mbeanserver - ObjectName = java.util.logging:type=Logging
2026-09-29 16:02:17,820 FINER [23] javax.management.mbeanserver - name = java.util.logging:type=Logging
2026-09-29 16:02:17,821 FINER [23] javax.management.mbeanserver - Send create notification of object java.util.logging:type=Logging
2026-09-29 16:02:17,821 FINER [23] javax.management.mbeanserver - JMX.mbean.registered java.util.logging:type=Logging
2026-09-29 16:02:17,821 FINER [23] javax.management.misc - Building MBeanInfo for sun.management.ClassLoadingImpl
2026-09-29 16:02:17,821 FINER [23] javax.management.mbeanserver - ObjectName = java.lang:type=ClassLoading
2026-09-29 16:02:17,821 FINER [23] javax.management.mbeanserver - name = java.lang:type=ClassLoading
2026-09-29 16:02:17,821 FINER [23] javax.management.mbeanserver - Send create notification of object java.lang:type=ClassLoading
2026-09-29 16:02:17,821 FINER [23] javax.management.mbeanserver - JMX.mbean.registered java.lang:type=ClassLoading
2026-09-29 16:02:17,857 FINER [23] javax.management.mbeanserver - ObjectName = com.sun.management:type=DiagnosticCommand
2026-09-29 16:02:17,857 FINER [23] javax.management.mbeanserver - name = com.sun.management:type=DiagnosticCommand
2026-09-29 16:02:17,857 FINER [23] javax.management.mbeanserver - Send create notification of object com.sun.management:type=DiagnosticCommand
2026-09-29 16:02:17,857 FINER [23] javax.management.mbeanserver - JMX.mbean.registered com.sun.management:type=DiagnosticCommand
2026-09-29 16:02:17,858 FINER [23] javax.management.misc - Building MBeanInfo for com.sun.management.internal.GarbageCollectorExtImpl
2026-09-29 16:02:17,858 FINER [23] javax.management.mbeanserver - ObjectName = java.lang:name=G1 Young Generation,type=GarbageCollector
2026-09-29 16:02:17,858 FINER [23] javax.management.mbeanserver - name = java.lang:name=G1 Young Generation,type=GarbageCollector
2026-09-29 16:02:17,858 FINER [23] javax.management.mbeanserver - Send create notification of object java.lang:name=G1 Young Generation,type=GarbageCollector
2026-09-29 16:02:17,858 FINER [23] javax.management.mbeanserver - JMX.mbean.registered java.lang:name=G1 Young Generation,type=GarbageCollector
2026-09-29 16:02:17,858 FINER [23] javax.management.misc - Building MBeanInfo for com.sun.management.internal.GarbageCollectorExtImpl
2026-09-29 16:02:17,859 FINER [23] javax.management.mbeanserver - ObjectName = java.lang:name=G1 Concurrent GC,type=GarbageCollector
2026-09-29 16:02:17,859 FINER [23] javax.management.mbeanserver - name = java.lang:name=G1 Concurrent GC,type=GarbageCollector
2026-09-29 16:02:17,859 FINER [23] javax.management.mbeanserver - Send create notification of object java.lang:name=G1 Concurrent GC,type=GarbageCollector
2026-09-29 16:02:17,859 FINER [23] javax.management.mbeanserver - JMX.mbean.registered java.lang:name=G1 Concurrent GC,type=GarbageCollector
2026-09-29 16:02:17,859 FINER [23] javax.management.misc - Building MBeanInfo for com.sun.management.internal.GarbageCollectorExtImpl
2026-09-29 16:02:17,859 FINER [23] javax.management.mbeanserver - ObjectName = java.lang:name=G1 Old Generation,type=GarbageCollector
2026-09-29 16:02:17,859 FINER [23] javax.management.mbeanserver - name = java.lang:name=G1 Old Generation,type=GarbageCollector
2026-09-29 16:02:17,859 FINER [23] javax.management.mbeanserver - Send create notification of object java.lang:name=G1 Old Generation,type=GarbageCollector
2026-09-29 16:02:17,859 FINER [23] javax.management.mbeanserver - JMX.mbean.registered java.lang:name=G1 Old Generation,type=GarbageCollector
2026-09-29 16:02:17,860 FINER [23] javax.management.misc - Building MBeanInfo for com.sun.management.internal.HotSpotDiagnostic
2026-09-29 16:02:17,860 FINER [23] javax.management.mbeanserver - ObjectName = com.sun.management:type=HotSpotDiagnostic
2026-09-29 16:02:17,860 FINER [23] javax.management.mbeanserver - name = com.sun.management:type=HotSpotDiagnostic
2026-09-29 16:02:17,860 FINER [23] javax.management.mbeanserver - Send create notification of object com.sun.management:type=HotSpotDiagnostic
2026-09-29 16:02:17,860 FINER [23] javax.management.mbeanserver - JMX.mbean.registered com.sun.management:type=HotSpotDiagnostic
2026-09-29 16:02:17,862 FINER [23] javax.management.misc - Building MBeanInfo for sun.management.ManagementFactoryHelper$1
2026-09-29 16:02:17,862 FINER [23] javax.management.mbeanserver - ObjectName = java.nio:name=mapped,type=BufferPool
2026-09-29 16:02:17,862 FINER [23] javax.management.mbeanserver - name = java.nio:name=mapped,type=BufferPool
2026-09-29 16:02:17,863 FINER [23] javax.management.mbeanserver - Send create notification of object java.nio:name=mapped,type=BufferPool
2026-09-29 16:02:17,863 FINER [23] javax.management.mbeanserver - JMX.mbean.registered java.nio:name=mapped,type=BufferPool
2026-09-29 16:02:17,863 FINER [23] javax.management.misc - Building MBeanInfo for sun.management.ManagementFactoryHelper$1
2026-09-29 16:02:17,863 FINER [23] javax.management.mbeanserver - ObjectName = java.nio:name=direct,type=BufferPool
2026-09-29 16:02:17,863 FINER [23] javax.management.mbeanserver - name = java.nio:name=direct,type=BufferPool
2026-09-29 16:02:17,863 FINER [23] javax.management.mbeanserver - Send create notification of object java.nio:name=direct,type=BufferPool
2026-09-29 16:02:17,863 FINER [23] javax.management.mbeanserver - JMX.mbean.registered java.nio:name=direct,type=BufferPool
2026-09-29 16:02:17,864 FINER [23] javax.management.misc - Building MBeanInfo for sun.management.ManagementFactoryHelper$1
2026-09-29 16:02:17,864 FINER [23] javax.management.mbeanserver - ObjectName = java.nio:name=mapped - 'non-volatile memory',type=BufferPool
2026-09-29 16:02:17,864 FINER [23] javax.management.mbeanserver - name = java.nio:name=mapped - 'non-volatile memory',type=BufferPool
2026-09-29 16:02:17,864 FINER [23] javax.management.mbeanserver - Send create notification of object java.nio:name=mapped - 'non-volatile memory',type=BufferPool
2026-09-29 16:02:17,865 FINER [23] javax.management.mbeanserver - JMX.mbean.registered java.nio:name=mapped - 'non-volatile memory',type=BufferPool
2026-09-29 16:02:17,870 FINER [23] javax.management.misc - Building MBeanInfo for jdk.management.jfr.FlightRecorderMXBeanImpl
2026-09-29 16:02:17,872 FINER [23] javax.management.mbeanserver - ObjectName = jdk.management.jfr:type=FlightRecorder
2026-09-29 16:02:17,873 FINER [23] javax.management.mbeanserver - name = jdk.management.jfr:type=FlightRecorder
2026-09-29 16:02:17,873 FINER [23] javax.management.mbeanserver - Send create notification of object jdk.management.jfr:type=FlightRecorder
2026-09-29 16:02:17,873 FINER [23] javax.management.mbeanserver - JMX.mbean.registered jdk.management.jfr:type=FlightRecorder
2026-09-29 16:02:17,874 FINER [23] javax.management.misc - Building MBeanInfo for com.ibm.msg.client.commonservices.propertystore.PropertyStoreControlImpl
2026-09-29 16:02:17,874 FINER [23] javax.management.mbeanserver - ObjectName = IBM MQ:type=CommonServices,name=PropertyStoreControl
2026-09-29 16:02:17,874 FINER [23] javax.management.mbeanserver - name = IBM MQ:type=CommonServices,name=PropertyStoreControl
2026-09-29 16:02:17,874 FINER [23] javax.management.mbeanserver - Send create notification of object IBM MQ:name=PropertyStoreControl,type=CommonServices
2026-09-29 16:02:17,874 FINER [23] javax.management.mbeanserver - JMX.mbean.registered IBM MQ:type=CommonServices,name=PropertyStoreControl
2026-09-29 16:02:17,901 FINER [23] javax.management.misc - Building MBeanInfo for com.ibm.msg.client.commonservices.propertystore.PropertyStoreControlImpl
2026-09-29 16:02:17,901 FINER [23] javax.management.mbeanserver - ObjectName = IBM MQ:type=CommonServices,name=PropertyStoreControl
2026-09-29 16:02:17,901 FINER [23] javax.management.mbeanserver - name = IBM MQ:type=CommonServices,name=PropertyStoreControl
2026-09-29 16:02:18,465 INFO  [23] com.example.mqproducer.ProducerWorker - Sent destination=APPQ threadId=23 msg=1 body=[destination=APPQ threadId=23 msg=1]
2026-09-29 16:02:18,465 INFO  [24] com.example.mqproducer.ProducerWorker - Sent destination=APPQ threadId=24 msg=1 body=[destination=APPQ threadId=24 msg=1]
2026-09-29 16:02:18,465 INFO  [22] com.example.mqproducer.ProducerWorker - Sent destination=APPQ threadId=22 msg=1 body=[destination=APPQ threadId=22 msg=1]
2026-09-29 16:02:18,465 INFO  [25] com.example.mqproducer.ProducerWorker - Sent destination=APPQ threadId=25 msg=1 body=[destination=APPQ threadId=25 msg=1]
2026-09-29 16:02:19,487 INFO  [23] com.example.mqproducer.ProducerWorker - Sent destination=APPQ threadId=23 msg=2 body=[destination=APPQ threadId=23 msg=2]
2026-09-29 16:02:19,487 INFO  [25] com.example.mqproducer.ProducerWorker - Sent destination=APPQ threadId=25 msg=2 body=[destination=APPQ threadId=25 msg=2]
2026-09-29 16:02:19,487 INFO  [24] com.example.mqproducer.ProducerWorker - Sent destination=APPQ threadId=24 msg=2 body=[destination=APPQ threadId=24 msg=2]
2026-09-29 16:02:19,487 INFO  [22] com.example.mqproducer.ProducerWorker - Sent destination=APPQ threadId=22 msg=2 body=[destination=APPQ threadId=22 msg=2]
2026-09-29 16:02:20,498 INFO  [22] com.example.mqproducer.ProducerWorker - Sent destination=APPQ threadId=22 msg=3 body=[destination=APPQ threadId=22 msg=3]
2026-09-29 16:02:20,499 INFO  [23] com.example.mqproducer.ProducerWorker - Sent destination=APPQ threadId=23 msg=3 body=[destination=APPQ threadId=23 msg=3]
2026-09-29 16:02:20,499 INFO  [24] com.example.mqproducer.ProducerWorker - Sent destination=APPQ threadId=24 msg=3 body=[destination=APPQ threadId=24 msg=3]
2026-09-29 16:02:20,500 INFO  [25] com.example.mqproducer.ProducerWorker - Sent destination=APPQ threadId=25 msg=3 body=[destination=APPQ threadId=25 msg=3]
2026-09-29 16:02:21,514 INFO  [22] com.example.mqproducer.ProducerWorker - Sent destination=APPQ threadId=22 msg=4 body=[destination=APPQ threadId=22 msg=4]
2026-09-29 16:02:21,515 INFO  [25] com.example.mqproducer.ProducerWorker - Sent destination=APPQ threadId=25 msg=4 body=[destination=APPQ threadId=25 msg=4]
2026-09-29 16:02:21,516 INFO  [24] com.example.mqproducer.ProducerWorker - Sent destination=APPQ threadId=24 msg=4 body=[destination=APPQ threadId=24 msg=4]
2026-09-29 16:02:21,517 INFO  [23] com.example.mqproducer.ProducerWorker - Sent destination=APPQ threadId=23 msg=4 body=[destination=APPQ threadId=23 msg=4]
2026-09-29 16:02:22,524 INFO  [22] com.example.mqproducer.ProducerWorker - Sent destination=APPQ threadId=22 msg=5 body=[destination=APPQ threadId=22 msg=5]
2026-09-29 16:02:22,524 INFO  [25] com.example.mqproducer.ProducerWorker - Sent destination=APPQ threadId=25 msg=5 body=[destination=APPQ threadId=25 msg=5]
2026-09-29 16:02:22,524 INFO  [23] com.example.mqproducer.ProducerWorker - Sent destination=APPQ threadId=23 msg=5 body=[destination=APPQ threadId=23 msg=5]
2026-09-29 16:02:22,525 INFO  [24] com.example.mqproducer.ProducerWorker - Sent destination=APPQ threadId=24 msg=5 body=[destination=APPQ threadId=24 msg=5]
2026-09-29 16:02:23,544 INFO  [23] com.example.mqproducer.ProducerWorker - Sent destination=APPQ threadId=23 msg=6 body=[destination=APPQ threadId=23 msg=6]
2026-09-29 16:02:23,544 INFO  [22] com.example.mqproducer.ProducerWorker - Sent destination=APPQ threadId=22 msg=6 body=[destination=APPQ threadId=22 msg=6]
2026-09-29 16:02:23,544 INFO  [25] com.example.mqproducer.ProducerWorker - Sent destination=APPQ threadId=25 msg=6 body=[destination=APPQ threadId=25 msg=6]
2026-09-29 16:02:23,607 INFO  [24] com.example.mqproducer.ProducerWorker - Sent destination=APPQ threadId=24 msg=6 body=[destination=APPQ threadId=24 msg=6]
2026-09-29 16:02:24,552 INFO  [23] com.example.mqproducer.ProducerWorker - Sent destination=APPQ threadId=23 msg=7 body=[destination=APPQ threadId=23 msg=7]
2026-09-29 16:02:24,553 INFO  [22] com.example.mqproducer.ProducerWorker - Sent destination=APPQ threadId=22 msg=7 body=[destination=APPQ threadId=22 msg=7]
2026-09-29 16:02:24,554 INFO  [25] com.example.mqproducer.ProducerWorker - Sent destination=APPQ threadId=25 msg=7 body=[destination=APPQ threadId=25 msg=7]
2026-09-29 16:02:24,610 INFO  [24] com.example.mqproducer.ProducerWorker - Sent destination=APPQ threadId=24 msg=7 body=[destination=APPQ threadId=24 msg=7]
2026-09-29 16:02:25,555 INFO  [22] com.example.mqproducer.ProducerWorker - Sent destination=APPQ threadId=22 msg=8 body=[destination=APPQ threadId=22 msg=8]
2026-09-29 16:02:25,555 INFO  [23] com.example.mqproducer.ProducerWorker - Sent destination=APPQ threadId=23 msg=8 body=[destination=APPQ threadId=23 msg=8]
2026-09-29 16:02:25,571 INFO  [25] com.example.mqproducer.ProducerWorker - Sent destination=APPQ threadId=25 msg=8 body=[destination=APPQ threadId=25 msg=8]
2026-09-29 16:02:25,620 INFO  [24] com.example.mqproducer.ProducerWorker - Sent destination=APPQ threadId=24 msg=8 body=[destination=APPQ threadId=24 msg=8]
2026-09-29 16:02:26,571 INFO  [22] com.example.mqproducer.ProducerWorker - Sent destination=APPQ threadId=22 msg=9 body=[destination=APPQ threadId=22 msg=9]
2026-09-29 16:02:26,571 INFO  [23] com.example.mqproducer.ProducerWorker - Sent destination=APPQ threadId=23 msg=9 body=[destination=APPQ threadId=23 msg=9]
2026-09-29 16:02:26,588 INFO  [25] com.example.mqproducer.ProducerWorker - Sent destination=APPQ threadId=25 msg=9 body=[destination=APPQ threadId=25 msg=9]
2026-09-29 16:02:26,635 INFO  [24] com.example.mqproducer.ProducerWorker - Sent destination=APPQ threadId=24 msg=9 body=[destination=APPQ threadId=24 msg=9]
2026-09-29 16:02:27,590 INFO  [22] com.example.mqproducer.ProducerWorker - Sent destination=APPQ threadId=22 msg=10 body=[destination=APPQ threadId=22 msg=10]
2026-09-29 16:02:27,606 INFO  [25] com.example.mqproducer.ProducerWorker - Sent destination=APPQ threadId=25 msg=10 body=[destination=APPQ threadId=25 msg=10]
2026-09-29 16:02:27,655 INFO  [24] com.example.mqproducer.ProducerWorker - Sent destination=APPQ threadId=24 msg=10 body=[destination=APPQ threadId=24 msg=10]
2026-09-29 16:02:27,780 INFO  [23] com.example.mqproducer.ProducerWorker - Sent destination=APPQ threadId=23 msg=10 body=[destination=APPQ threadId=23 msg=10]
2026-09-29 16:02:28,599 INFO  [22] com.example.mqproducer.ProducerWorker - Sent destination=APPQ threadId=22 msg=11 body=[destination=APPQ threadId=22 msg=11]
2026-09-29 16:02:28,617 INFO  [25] com.example.mqproducer.ProducerWorker - Sent destination=APPQ threadId=25 msg=11 body=[destination=APPQ threadId=25 msg=11]
2026-09-29 16:02:28,664 INFO  [24] com.example.mqproducer.ProducerWorker - Sent destination=APPQ threadId=24 msg=11 body=[destination=APPQ threadId=24 msg=11]
2026-09-29 16:02:28,787 INFO  [23] com.example.mqproducer.ProducerWorker - Sent destination=APPQ threadId=23 msg=11 body=[destination=APPQ threadId=23 msg=11]
2026-09-29 16:02:29,608 INFO  [22] com.example.mqproducer.ProducerWorker - Sent destination=APPQ threadId=22 msg=12 body=[destination=APPQ threadId=22 msg=12]
2026-09-29 16:02:29,636 INFO  [25] com.example.mqproducer.ProducerWorker - Sent destination=APPQ threadId=25 msg=12 body=[destination=APPQ threadId=25 msg=12]
2026-09-29 16:02:29,671 INFO  [24] com.example.mqproducer.ProducerWorker - Sent destination=APPQ threadId=24 msg=12 body=[destination=APPQ threadId=24 msg=12]
2026-09-29 16:02:29,792 INFO  [23] com.example.mqproducer.ProducerWorker - Sent destination=APPQ threadId=23 msg=12 body=[destination=APPQ threadId=23 msg=12]
2026-09-29 16:02:30,619 INFO  [22] com.example.mqproducer.ProducerWorker - Sent destination=APPQ threadId=22 msg=13 body=[destination=APPQ threadId=22 msg=13]
2026-09-29 16:02:30,648 INFO  [25] com.example.mqproducer.ProducerWorker - Sent destination=APPQ threadId=25 msg=13 body=[destination=APPQ threadId=25 msg=13]
2026-09-29 16:02:30,680 INFO  [24] com.example.mqproducer.ProducerWorker - Sent destination=APPQ threadId=24 msg=13 body=[destination=APPQ threadId=24 msg=13]
2026-09-29 16:02:30,805 INFO  [23] com.example.mqproducer.ProducerWorker - Sent destination=APPQ threadId=23 msg=13 body=[destination=APPQ threadId=23 msg=13]
2026-09-29 16:02:31,666 INFO  [25] com.example.mqproducer.ProducerWorker - Sent destination=APPQ threadId=25 msg=14 body=[destination=APPQ threadId=25 msg=14]
2026-09-29 16:02:31,694 INFO  [24] com.example.mqproducer.ProducerWorker - Sent destination=APPQ threadId=24 msg=14 body=[destination=APPQ threadId=24 msg=14]
2026-09-29 16:02:31,783 INFO  [22] com.example.mqproducer.ProducerWorker - Sent destination=APPQ threadId=22 msg=14 body=[destination=APPQ threadId=22 msg=14]
2026-09-29 16:02:31,823 INFO  [23] com.example.mqproducer.ProducerWorker - Sent destination=APPQ threadId=23 msg=14 body=[destination=APPQ threadId=23 msg=14]
2026-09-29 16:02:32,678 INFO  [25] com.example.mqproducer.ProducerWorker - Sent destination=APPQ threadId=25 msg=15 body=[destination=APPQ threadId=25 msg=15]
2026-09-29 16:02:32,711 INFO  [24] com.example.mqproducer.ProducerWorker - Sent destination=APPQ threadId=24 msg=15 body=[destination=APPQ threadId=24 msg=15]
2026-09-29 16:02:32,791 INFO  [22] com.example.mqproducer.ProducerWorker - Sent destination=APPQ threadId=22 msg=15 body=[destination=APPQ threadId=22 msg=15]
2026-09-29 16:02:32,837 INFO  [23] com.example.mqproducer.ProducerWorker - Sent destination=APPQ threadId=23 msg=15 body=[destination=APPQ threadId=23 msg=15]
2026-09-29 16:02:33,696 INFO  [25] com.example.mqproducer.ProducerWorker - Sent destination=APPQ threadId=25 msg=16 body=[destination=APPQ threadId=25 msg=16]
2026-09-29 16:02:33,723 INFO  [24] com.example.mqproducer.ProducerWorker - Sent destination=APPQ threadId=24 msg=16 body=[destination=APPQ threadId=24 msg=16]
2026-09-29 16:02:33,801 INFO  [22] com.example.mqproducer.ProducerWorker - Sent destination=APPQ threadId=22 msg=16 body=[destination=APPQ threadId=22 msg=16]
2026-09-29 16:02:33,846 INFO  [23] com.example.mqproducer.ProducerWorker - Sent destination=APPQ threadId=23 msg=16 body=[destination=APPQ threadId=23 msg=16]
2026-09-29 16:02:34,715 INFO  [25] com.example.mqproducer.ProducerWorker - Sent destination=APPQ threadId=25 msg=17 body=[destination=APPQ threadId=25 msg=17]
2026-09-29 16:02:34,731 INFO  [24] com.example.mqproducer.ProducerWorker - Sent destination=APPQ threadId=24 msg=17 body=[destination=APPQ threadId=24 msg=17]
2026-09-29 16:02:34,808 INFO  [22] com.example.mqproducer.ProducerWorker - Sent destination=APPQ threadId=22 msg=17 body=[destination=APPQ threadId=22 msg=17]
2026-09-29 16:02:34,852 INFO  [23] com.example.mqproducer.ProducerWorker - Sent destination=APPQ threadId=23 msg=17 body=[destination=APPQ threadId=23 msg=17]
2026-09-29 16:02:35,726 INFO  [25] com.example.mqproducer.ProducerWorker - Sent destination=APPQ threadId=25 msg=18 body=[destination=APPQ threadId=25 msg=18]
2026-09-29 16:02:35,741 INFO  [24] com.example.mqproducer.ProducerWorker - Sent destination=APPQ threadId=24 msg=18 body=[destination=APPQ threadId=24 msg=18]
2026-09-29 16:02:35,822 INFO  [22] com.example.mqproducer.ProducerWorker - Sent destination=APPQ threadId=22 msg=18 body=[destination=APPQ threadId=22 msg=18]
2026-09-29 16:02:35,867 INFO  [23] com.example.mqproducer.ProducerWorker - Sent destination=APPQ threadId=23 msg=18 body=[destination=APPQ threadId=23 msg=18]
2026-09-29 16:02:36,730 INFO  [25] com.example.mqproducer.ProducerWorker - Sent destination=APPQ threadId=25 msg=19 body=[destination=APPQ threadId=25 msg=19]
2026-09-29 16:02:36,746 INFO  [24] com.example.mqproducer.ProducerWorker - Sent destination=APPQ threadId=24 msg=19 body=[destination=APPQ threadId=24 msg=19]
2026-09-29 16:02:36,839 INFO  [22] com.example.mqproducer.ProducerWorker - Sent destination=APPQ threadId=22 msg=19 body=[destination=APPQ threadId=22 msg=19]
2026-09-29 16:02:36,884 INFO  [23] com.example.mqproducer.ProducerWorker - Sent destination=APPQ threadId=23 msg=19 body=[destination=APPQ threadId=23 msg=19]
2026-09-29 16:02:37,747 INFO  [25] com.example.mqproducer.ProducerWorker - Sent destination=APPQ threadId=25 msg=20 body=[destination=APPQ threadId=25 msg=20]
2026-09-29 16:02:37,763 INFO  [24] com.example.mqproducer.ProducerWorker - Sent destination=APPQ threadId=24 msg=20 body=[destination=APPQ threadId=24 msg=20]
2026-09-29 16:02:37,851 INFO  [22] com.example.mqproducer.ProducerWorker - Sent destination=APPQ threadId=22 msg=20 body=[destination=APPQ threadId=22 msg=20]
2026-09-29 16:02:37,902 INFO  [23] com.example.mqproducer.ProducerWorker - Sent destination=APPQ threadId=23 msg=20 body=[destination=APPQ threadId=23 msg=20]
2026-09-29 16:02:38,755 INFO  [25] com.example.mqproducer.ProducerWorker - Sent destination=APPQ threadId=25 msg=21 body=[destination=APPQ threadId=25 msg=21]
2026-09-29 16:02:38,770 INFO  [24] com.example.mqproducer.ProducerWorker - Sent destination=APPQ threadId=24 msg=21 body=[destination=APPQ threadId=24 msg=21]
2026-09-29 16:02:38,865 INFO  [22] com.example.mqproducer.ProducerWorker - Sent destination=APPQ threadId=22 msg=21 body=[destination=APPQ threadId=22 msg=21]
2026-09-29 16:02:38,908 INFO  [23] com.example.mqproducer.ProducerWorker - Sent destination=APPQ threadId=23 msg=21 body=[destination=APPQ threadId=23 msg=21]
2026-09-29 16:02:39,761 INFO  [25] com.example.mqproducer.ProducerWorker - Sent destination=APPQ threadId=25 msg=22 body=[destination=APPQ threadId=25 msg=22]
2026-09-29 16:02:39,775 INFO  [24] com.example.mqproducer.ProducerWorker - Sent destination=APPQ threadId=24 msg=22 body=[destination=APPQ threadId=24 msg=22]
2026-09-29 16:02:39,871 INFO  [22] com.example.mqproducer.ProducerWorker - Sent destination=APPQ threadId=22 msg=22 body=[destination=APPQ threadId=22 msg=22]
2026-09-29 16:02:39,916 INFO  [23] com.example.mqproducer.ProducerWorker - Sent destination=APPQ threadId=23 msg=22 body=[destination=APPQ threadId=23 msg=22]
2026-09-29 16:02:40,776 INFO  [25] com.example.mqproducer.ProducerWorker - Sent destination=APPQ threadId=25 msg=23 body=[destination=APPQ threadId=25 msg=23]
2026-09-29 16:02:40,791 INFO  [24] com.example.mqproducer.ProducerWorker - Sent destination=APPQ threadId=24 msg=23 body=[destination=APPQ threadId=24 msg=23]
2026-09-29 16:02:40,888 INFO  [22] com.example.mqproducer.ProducerWorker - Sent destination=APPQ threadId=22 msg=23 body=[destination=APPQ threadId=22 msg=23]
2026-09-29 16:02:40,932 INFO  [23] com.example.mqproducer.ProducerWorker - Sent destination=APPQ threadId=23 msg=23 body=[destination=APPQ threadId=23 msg=23]
2026-09-29 16:02:41,794 INFO  [25] com.example.mqproducer.ProducerWorker - Sent destination=APPQ threadId=25 msg=24 body=[destination=APPQ threadId=25 msg=24]
2026-09-29 16:02:41,807 INFO  [24] com.example.mqproducer.ProducerWorker - Sent destination=APPQ threadId=24 msg=24 body=[destination=APPQ threadId=24 msg=24]
2026-09-29 16:02:41,901 INFO  [22] com.example.mqproducer.ProducerWorker - Sent destination=APPQ threadId=22 msg=24 body=[destination=APPQ threadId=22 msg=24]
2026-09-29 16:02:41,947 INFO  [23] com.example.mqproducer.ProducerWorker - Sent destination=APPQ threadId=23 msg=24 body=[destination=APPQ threadId=23 msg=24]
2026-09-29 16:02:42,805 INFO  [25] com.example.mqproducer.ProducerWorker - Sent destination=APPQ threadId=25 msg=25 body=[destination=APPQ threadId=25 msg=25]
2026-09-29 16:02:42,821 INFO  [24] com.example.mqproducer.ProducerWorker - Sent destination=APPQ threadId=24 msg=25 body=[destination=APPQ threadId=24 msg=25]
2026-09-29 16:02:42,914 INFO  [22] com.example.mqproducer.ProducerWorker - Sent destination=APPQ threadId=22 msg=25 body=[destination=APPQ threadId=22 msg=25]
2026-09-29 16:02:42,960 INFO  [23] com.example.mqproducer.ProducerWorker - Sent destination=APPQ threadId=23 msg=25 body=[destination=APPQ threadId=23 msg=25]
2026-09-29 16:02:43,820 INFO  [25] com.example.mqproducer.ProducerWorker - Sent destination=APPQ threadId=25 msg=26 body=[destination=APPQ threadId=25 msg=26]
2026-09-29 16:02:43,836 INFO  [24] com.example.mqproducer.ProducerWorker - Sent destination=APPQ threadId=24 msg=26 body=[destination=APPQ threadId=24 msg=26]
2026-09-29 16:02:43,930 INFO  [22] com.example.mqproducer.ProducerWorker - Sent destination=APPQ threadId=22 msg=26 body=[destination=APPQ threadId=22 msg=26]
2026-09-29 16:02:43,975 INFO  [23] com.example.mqproducer.ProducerWorker - Sent destination=APPQ threadId=23 msg=26 body=[destination=APPQ threadId=23 msg=26]
2026-09-29 16:02:44,838 INFO  [25] com.example.mqproducer.ProducerWorker - Sent destination=APPQ threadId=25 msg=27 body=[destination=APPQ threadId=25 msg=27]
2026-09-29 16:02:44,856 INFO  [24] com.example.mqproducer.ProducerWorker - Sent destination=APPQ threadId=24 msg=27 body=[destination=APPQ threadId=24 msg=27]
2026-09-29 16:02:44,947 INFO  [22] com.example.mqproducer.ProducerWorker - Sent destination=APPQ threadId=22 msg=27 body=[destination=APPQ threadId=22 msg=27]
2026-09-29 16:02:44,979 INFO  [23] com.example.mqproducer.ProducerWorker - Sent destination=APPQ threadId=23 msg=27 body=[destination=APPQ threadId=23 msg=27]
2026-09-29 16:02:45,857 INFO  [25] com.example.mqproducer.ProducerWorker - Sent destination=APPQ threadId=25 msg=28 body=[destination=APPQ threadId=25 msg=28]
2026-09-29 16:02:45,869 INFO  [24] com.example.mqproducer.ProducerWorker - Sent destination=APPQ threadId=24 msg=28 body=[destination=APPQ threadId=24 msg=28]
2026-09-29 16:02:45,962 INFO  [22] com.example.mqproducer.ProducerWorker - Sent destination=APPQ threadId=22 msg=28 body=[destination=APPQ threadId=22 msg=28]
2026-09-29 16:02:45,993 INFO  [23] com.example.mqproducer.ProducerWorker - Sent destination=APPQ threadId=23 msg=28 body=[destination=APPQ threadId=23 msg=28]
2026-09-29 16:02:46,868 INFO  [25] com.example.mqproducer.ProducerWorker - Sent destination=APPQ threadId=25 msg=29 body=[destination=APPQ threadId=25 msg=29]
2026-09-29 16:02:46,873 INFO  [24] com.example.mqproducer.ProducerWorker - Sent destination=APPQ threadId=24 msg=29 body=[destination=APPQ threadId=24 msg=29]
2026-09-29 16:02:46,975 INFO  [22] com.example.mqproducer.ProducerWorker - Sent destination=APPQ threadId=22 msg=29 body=[destination=APPQ threadId=22 msg=29]
2026-09-29 16:02:47,008 INFO  [23] com.example.mqproducer.ProducerWorker - Sent destination=APPQ threadId=23 msg=29 body=[destination=APPQ threadId=23 msg=29]
2026-09-29 16:02:47,882 INFO  [24] com.example.mqproducer.ProducerWorker - Sent destination=APPQ threadId=24 msg=30 body=[destination=APPQ threadId=24 msg=30]
2026-09-29 16:02:47,882 INFO  [25] com.example.mqproducer.ProducerWorker - Sent destination=APPQ threadId=25 msg=30 body=[destination=APPQ threadId=25 msg=30]
2026-09-29 16:02:47,978 INFO  [22] com.example.mqproducer.ProducerWorker - Sent destination=APPQ threadId=22 msg=30 body=[destination=APPQ threadId=22 msg=30]
2026-09-29 16:02:48,023 INFO  [23] com.example.mqproducer.ProducerWorker - Sent destination=APPQ threadId=23 msg=30 body=[destination=APPQ threadId=23 msg=30]
2026-09-29 16:02:48,890 INFO  [24] com.example.mqproducer.ProducerWorker - Sent destination=APPQ threadId=24 msg=31 body=[destination=APPQ threadId=24 msg=31]
2026-09-29 16:02:48,890 INFO  [25] com.example.mqproducer.ProducerWorker - Sent destination=APPQ threadId=25 msg=31 body=[destination=APPQ threadId=25 msg=31]
2026-09-29 16:02:48,994 INFO  [22] com.example.mqproducer.ProducerWorker - Sent destination=APPQ threadId=22 msg=31 body=[destination=APPQ threadId=22 msg=31]
2026-09-29 16:02:49,039 INFO  [23] com.example.mqproducer.ProducerWorker - Sent destination=APPQ threadId=23 msg=31 body=[destination=APPQ threadId=23 msg=31]
2026-09-29 16:02:49,904 INFO  [24] com.example.mqproducer.ProducerWorker - Sent destination=APPQ threadId=24 msg=32 body=[destination=APPQ threadId=24 msg=32]
2026-09-29 16:02:49,904 INFO  [25] com.example.mqproducer.ProducerWorker - Sent destination=APPQ threadId=25 msg=32 body=[destination=APPQ threadId=25 msg=32]
2026-09-29 16:02:50,007 INFO  [22] com.example.mqproducer.ProducerWorker - Sent destination=APPQ threadId=22 msg=32 body=[destination=APPQ threadId=22 msg=32]
2026-09-29 16:02:50,042 INFO  [23] com.example.mqproducer.ProducerWorker - Sent destination=APPQ threadId=23 msg=32 body=[destination=APPQ threadId=23 msg=32]
2026-09-29 16:02:50,915 INFO  [25] com.example.mqproducer.ProducerWorker - Sent destination=APPQ threadId=25 msg=33 body=[destination=APPQ threadId=25 msg=33]
2026-09-29 16:02:50,918 INFO  [24] com.example.mqproducer.ProducerWorker - Sent destination=APPQ threadId=24 msg=33 body=[destination=APPQ threadId=24 msg=33]
2026-09-29 16:02:51,011 INFO  [22] com.example.mqproducer.ProducerWorker - Sent destination=APPQ threadId=22 msg=33 body=[destination=APPQ threadId=22 msg=33]
2026-09-29 16:02:51,047 INFO  [23] com.example.mqproducer.ProducerWorker - Sent destination=APPQ threadId=23 msg=33 body=[destination=APPQ threadId=23 msg=33]
2026-09-29 16:02:51,932 INFO  [25] com.example.mqproducer.ProducerWorker - Sent destination=APPQ threadId=25 msg=34 body=[destination=APPQ threadId=25 msg=34]
2026-09-29 16:02:51,932 INFO  [24] com.example.mqproducer.ProducerWorker - Sent destination=APPQ threadId=24 msg=34 body=[destination=APPQ threadId=24 msg=34]
2026-09-29 16:02:52,022 INFO  [22] com.example.mqproducer.ProducerWorker - Sent destination=APPQ threadId=22 msg=34 body=[destination=APPQ threadId=22 msg=34]
2026-09-29 16:02:52,054 INFO  [23] com.example.mqproducer.ProducerWorker - Sent destination=APPQ threadId=23 msg=34 body=[destination=APPQ threadId=23 msg=34]
2026-09-29 16:02:52,944 INFO  [25] com.example.mqproducer.ProducerWorker - Sent destination=APPQ threadId=25 msg=35 body=[destination=APPQ threadId=25 msg=35]
2026-09-29 16:02:52,944 INFO  [24] com.example.mqproducer.ProducerWorker - Sent destination=APPQ threadId=24 msg=35 body=[destination=APPQ threadId=24 msg=35]
2026-09-29 16:02:53,039 INFO  [22] com.example.mqproducer.ProducerWorker - Sent destination=APPQ threadId=22 msg=35 body=[destination=APPQ threadId=22 msg=35]
2026-09-29 16:02:53,057 INFO  [23] com.example.mqproducer.ProducerWorker - Sent destination=APPQ threadId=23 msg=35 body=[destination=APPQ threadId=23 msg=35]
2026-09-29 16:02:53,951 INFO  [24] com.example.mqproducer.ProducerWorker - Sent destination=APPQ threadId=24 msg=36 body=[destination=APPQ threadId=24 msg=36]
2026-09-29 16:02:53,951 INFO  [25] com.example.mqproducer.ProducerWorker - Sent destination=APPQ threadId=25 msg=36 body=[destination=APPQ threadId=25 msg=36]
2026-09-29 16:02:54,055 INFO  [22] com.example.mqproducer.ProducerWorker - Sent destination=APPQ threadId=22 msg=36 body=[destination=APPQ threadId=22 msg=36]
2026-09-29 16:02:54,073 INFO  [23] com.example.mqproducer.ProducerWorker - Sent destination=APPQ threadId=23 msg=36 body=[destination=APPQ threadId=23 msg=36]
2026-09-29 16:02:54,961 INFO  [25] com.example.mqproducer.ProducerWorker - Sent destination=APPQ threadId=25 msg=37 body=[destination=APPQ threadId=25 msg=37]
2026-09-29 16:02:54,961 INFO  [24] com.example.mqproducer.ProducerWorker - Sent destination=APPQ threadId=24 msg=37 body=[destination=APPQ threadId=24 msg=37]
2026-09-29 16:02:55,069 INFO  [22] com.example.mqproducer.ProducerWorker - Sent destination=APPQ threadId=22 msg=37 body=[destination=APPQ threadId=22 msg=37]
2026-09-29 16:02:55,087 INFO  [23] com.example.mqproducer.ProducerWorker - Sent destination=APPQ threadId=23 msg=37 body=[destination=APPQ threadId=23 msg=37]
2026-09-29 16:02:55,979 INFO  [24] com.example.mqproducer.ProducerWorker - Sent destination=APPQ threadId=24 msg=38 body=[destination=APPQ threadId=24 msg=38]
2026-09-29 16:02:55,980 INFO  [25] com.example.mqproducer.ProducerWorker - Sent destination=APPQ threadId=25 msg=38 body=[destination=APPQ threadId=25 msg=38]
2026-09-29 16:02:56,087 INFO  [22] com.example.mqproducer.ProducerWorker - Sent destination=APPQ threadId=22 msg=38 body=[destination=APPQ threadId=22 msg=38]
2026-09-29 16:02:56,091 INFO  [23] com.example.mqproducer.ProducerWorker - Sent destination=APPQ threadId=23 msg=38 body=[destination=APPQ threadId=23 msg=38]
2026-09-29 16:02:56,991 INFO  [25] com.example.mqproducer.ProducerWorker - Sent destination=APPQ threadId=25 msg=39 body=[destination=APPQ threadId=25 msg=39]
2026-09-29 16:02:56,993 INFO  [24] com.example.mqproducer.ProducerWorker - Sent destination=APPQ threadId=24 msg=39 body=[destination=APPQ threadId=24 msg=39]
2026-09-29 16:02:57,106 INFO  [23] com.example.mqproducer.ProducerWorker - Sent destination=APPQ threadId=23 msg=39 body=[destination=APPQ threadId=23 msg=39]
2026-09-29 16:02:57,107 INFO  [22] com.example.mqproducer.ProducerWorker - Sent destination=APPQ threadId=22 msg=39 body=[destination=APPQ threadId=22 msg=39]
2026-09-29 16:02:57,994 INFO  [25] com.example.mqproducer.ProducerWorker - Sent destination=APPQ threadId=25 msg=40 body=[destination=APPQ threadId=25 msg=40]
2026-09-29 16:02:58,009 INFO  [24] com.example.mqproducer.ProducerWorker - Sent destination=APPQ threadId=24 msg=40 body=[destination=APPQ threadId=24 msg=40]
2026-09-29 16:02:58,119 INFO  [22] com.example.mqproducer.ProducerWorker - Sent destination=APPQ threadId=22 msg=40 body=[destination=APPQ threadId=22 msg=40]
2026-09-29 16:02:58,121 INFO  [23] com.example.mqproducer.ProducerWorker - Sent destination=APPQ threadId=23 msg=40 body=[destination=APPQ threadId=23 msg=40]
2026-09-29 16:02:59,009 INFO  [25] com.example.mqproducer.ProducerWorker - Sent destination=APPQ threadId=25 msg=41 body=[destination=APPQ threadId=25 msg=41]
2026-09-29 16:02:59,022 INFO  [24] com.example.mqproducer.ProducerWorker - Sent destination=APPQ threadId=24 msg=41 body=[destination=APPQ threadId=24 msg=41]
2026-09-29 16:02:59,139 INFO  [22] com.example.mqproducer.ProducerWorker - Sent destination=APPQ threadId=22 msg=41 body=[destination=APPQ threadId=22 msg=41]
2026-09-29 16:02:59,139 INFO  [23] com.example.mqproducer.ProducerWorker - Sent destination=APPQ threadId=23 msg=41 body=[destination=APPQ threadId=23 msg=41]
2026-09-29 16:03:00,025 INFO  [25] com.example.mqproducer.ProducerWorker - Sent destination=APPQ threadId=25 msg=42 body=[destination=APPQ threadId=25 msg=42]
2026-09-29 16:03:00,040 INFO  [24] com.example.mqproducer.ProducerWorker - Sent destination=APPQ threadId=24 msg=42 body=[destination=APPQ threadId=24 msg=42]
2026-09-29 16:03:00,149 INFO  [22] com.example.mqproducer.ProducerWorker - Sent destination=APPQ threadId=22 msg=42 body=[destination=APPQ threadId=22 msg=42]
2026-09-29 16:03:00,149 INFO  [23] com.example.mqproducer.ProducerWorker - Sent destination=APPQ threadId=23 msg=42 body=[destination=APPQ threadId=23 msg=42]
2026-09-29 16:03:01,039 INFO  [25] com.example.mqproducer.ProducerWorker - Sent destination=APPQ threadId=25 msg=43 body=[destination=APPQ threadId=25 msg=43]
2026-09-29 16:03:01,054 INFO  [24] com.example.mqproducer.ProducerWorker - Sent destination=APPQ threadId=24 msg=43 body=[destination=APPQ threadId=24 msg=43]
2026-09-29 16:03:01,166 INFO  [23] com.example.mqproducer.ProducerWorker - Sent destination=APPQ threadId=23 msg=43 body=[destination=APPQ threadId=23 msg=43]
2026-09-29 16:03:01,166 INFO  [22] com.example.mqproducer.ProducerWorker - Sent destination=APPQ threadId=22 msg=43 body=[destination=APPQ threadId=22 msg=43]
2026-09-29 16:03:02,056 INFO  [25] com.example.mqproducer.ProducerWorker - Sent destination=APPQ threadId=25 msg=44 body=[destination=APPQ threadId=25 msg=44]
2026-09-29 16:03:02,070 INFO  [24] com.example.mqproducer.ProducerWorker - Sent destination=APPQ threadId=24 msg=44 body=[destination=APPQ threadId=24 msg=44]
2026-09-29 16:03:02,182 INFO  [22] com.example.mqproducer.ProducerWorker - Sent destination=APPQ threadId=22 msg=44 body=[destination=APPQ threadId=22 msg=44]
2026-09-29 16:03:02,182 INFO  [23] com.example.mqproducer.ProducerWorker - Sent destination=APPQ threadId=23 msg=44 body=[destination=APPQ threadId=23 msg=44]
2026-09-29 16:03:03,070 INFO  [25] com.example.mqproducer.ProducerWorker - Sent destination=APPQ threadId=25 msg=45 body=[destination=APPQ threadId=25 msg=45]
2026-09-29 16:03:03,089 INFO  [24] com.example.mqproducer.ProducerWorker - Sent destination=APPQ threadId=24 msg=45 body=[destination=APPQ threadId=24 msg=45]
2026-09-29 16:03:03,195 INFO  [22] com.example.mqproducer.ProducerWorker - Sent destination=APPQ threadId=22 msg=45 body=[destination=APPQ threadId=22 msg=45]
2026-09-29 16:03:03,199 INFO  [23] com.example.mqproducer.ProducerWorker - Sent destination=APPQ threadId=23 msg=45 body=[destination=APPQ threadId=23 msg=45]
2026-09-29 16:03:04,086 INFO  [25] com.example.mqproducer.ProducerWorker - Sent destination=APPQ threadId=25 msg=46 body=[destination=APPQ threadId=25 msg=46]
2026-09-29 16:03:04,100 INFO  [24] com.example.mqproducer.ProducerWorker - Sent destination=APPQ threadId=24 msg=46 body=[destination=APPQ threadId=24 msg=46]
2026-09-29 16:03:04,213 INFO  [23] com.example.mqproducer.ProducerWorker - Sent destination=APPQ threadId=23 msg=46 body=[destination=APPQ threadId=23 msg=46]
2026-09-29 16:03:04,214 INFO  [22] com.example.mqproducer.ProducerWorker - Sent destination=APPQ threadId=22 msg=46 body=[destination=APPQ threadId=22 msg=46]
2026-09-29 16:03:05,092 INFO  [25] com.example.mqproducer.ProducerWorker - Sent destination=APPQ threadId=25 msg=47 body=[destination=APPQ threadId=25 msg=47]
2026-09-29 16:03:05,108 INFO  [24] com.example.mqproducer.ProducerWorker - Sent destination=APPQ threadId=24 msg=47 body=[destination=APPQ threadId=24 msg=47]
2026-09-29 16:03:05,227 INFO  [23] com.example.mqproducer.ProducerWorker - Sent destination=APPQ threadId=23 msg=47 body=[destination=APPQ threadId=23 msg=47]
2026-09-29 16:03:05,228 INFO  [22] com.example.mqproducer.ProducerWorker - Sent destination=APPQ threadId=22 msg=47 body=[destination=APPQ threadId=22 msg=47]
2026-09-29 16:03:06,104 INFO  [25] com.example.mqproducer.ProducerWorker - Sent destination=APPQ threadId=25 msg=48 body=[destination=APPQ threadId=25 msg=48]
2026-09-29 16:03:06,118 INFO  [24] com.example.mqproducer.ProducerWorker - Sent destination=APPQ threadId=24 msg=48 body=[destination=APPQ threadId=24 msg=48]
2026-09-29 16:03:06,241 INFO  [22] com.example.mqproducer.ProducerWorker - Sent destination=APPQ threadId=22 msg=48 body=[destination=APPQ threadId=22 msg=48]
2026-09-29 16:03:06,241 INFO  [23] com.example.mqproducer.ProducerWorker - Sent destination=APPQ threadId=23 msg=48 body=[destination=APPQ threadId=23 msg=48]
2026-09-29 16:03:07,120 INFO  [25] com.example.mqproducer.ProducerWorker - Sent destination=APPQ threadId=25 msg=49 body=[destination=APPQ threadId=25 msg=49]
2026-09-29 16:03:07,138 INFO  [24] com.example.mqproducer.ProducerWorker - Sent destination=APPQ threadId=24 msg=49 body=[destination=APPQ threadId=24 msg=49]
2026-09-29 16:03:07,258 INFO  [23] com.example.mqproducer.ProducerWorker - Sent destination=APPQ threadId=23 msg=49 body=[destination=APPQ threadId=23 msg=49]
2026-09-29 16:03:07,258 INFO  [22] com.example.mqproducer.ProducerWorker - Sent destination=APPQ threadId=22 msg=49 body=[destination=APPQ threadId=22 msg=49]
2026-09-29 16:03:08,135 INFO  [25] com.example.mqproducer.ProducerWorker - Sent destination=APPQ threadId=25 msg=50 body=[destination=APPQ threadId=25 msg=50]
2026-09-29 16:03:08,150 INFO  [24] com.example.mqproducer.ProducerWorker - Sent destination=APPQ threadId=24 msg=50 body=[destination=APPQ threadId=24 msg=50]
2026-09-29 16:03:08,277 INFO  [22] com.example.mqproducer.ProducerWorker - Sent destination=APPQ threadId=22 msg=50 body=[destination=APPQ threadId=22 msg=50]
2026-09-29 16:03:08,277 INFO  [23] com.example.mqproducer.ProducerWorker - Sent destination=APPQ threadId=23 msg=50 body=[destination=APPQ threadId=23 msg=50]
2026-09-29 16:03:09,153 INFO  [25] com.example.mqproducer.ProducerWorker - Sent destination=APPQ threadId=25 msg=51 body=[destination=APPQ threadId=25 msg=51]
2026-09-29 16:03:09,168 INFO  [24] com.example.mqproducer.ProducerWorker - Sent destination=APPQ threadId=24 msg=51 body=[destination=APPQ threadId=24 msg=51]
2026-09-29 16:03:09,294 INFO  [23] com.example.mqproducer.ProducerWorker - Sent destination=APPQ threadId=23 msg=51 body=[destination=APPQ threadId=23 msg=51]
2026-09-29 16:03:09,294 INFO  [22] com.example.mqproducer.ProducerWorker - Sent destination=APPQ threadId=22 msg=51 body=[destination=APPQ threadId=22 msg=51]
2026-09-29 16:03:10,162 INFO  [25] com.example.mqproducer.ProducerWorker - Sent destination=APPQ threadId=25 msg=52 body=[destination=APPQ threadId=25 msg=52]
2026-09-29 16:03:10,177 INFO  [24] com.example.mqproducer.ProducerWorker - Sent destination=APPQ threadId=24 msg=52 body=[destination=APPQ threadId=24 msg=52]
2026-09-29 16:03:10,308 INFO  [22] com.example.mqproducer.ProducerWorker - Sent destination=APPQ threadId=22 msg=52 body=[destination=APPQ threadId=22 msg=52]
2026-09-29 16:03:10,308 INFO  [23] com.example.mqproducer.ProducerWorker - Sent destination=APPQ threadId=23 msg=52 body=[destination=APPQ threadId=23 msg=52]
2026-09-29 16:03:11,181 INFO  [24] com.example.mqproducer.ProducerWorker - Sent destination=APPQ threadId=24 msg=53 body=[destination=APPQ threadId=24 msg=53]
2026-09-29 16:03:11,182 INFO  [25] com.example.mqproducer.ProducerWorker - Sent destination=APPQ threadId=25 msg=53 body=[destination=APPQ threadId=25 msg=53]
2026-09-29 16:03:11,327 INFO  [23] com.example.mqproducer.ProducerWorker - Sent destination=APPQ threadId=23 msg=53 body=[destination=APPQ threadId=23 msg=53]
2026-09-29 16:03:11,327 INFO  [22] com.example.mqproducer.ProducerWorker - Sent destination=APPQ threadId=22 msg=53 body=[destination=APPQ threadId=22 msg=53]
2026-09-29 16:03:12,200 INFO  [25] com.example.mqproducer.ProducerWorker - Sent destination=APPQ threadId=25 msg=54 body=[destination=APPQ threadId=25 msg=54]
2026-09-29 16:03:12,200 INFO  [24] com.example.mqproducer.ProducerWorker - Sent destination=APPQ threadId=24 msg=54 body=[destination=APPQ threadId=24 msg=54]
2026-09-29 16:03:12,337 INFO  [23] com.example.mqproducer.ProducerWorker - Sent destination=APPQ threadId=23 msg=54 body=[destination=APPQ threadId=23 msg=54]
2026-09-29 16:03:12,339 INFO  [22] com.example.mqproducer.ProducerWorker - Sent destination=APPQ threadId=22 msg=54 body=[destination=APPQ threadId=22 msg=54]
2026-09-29 16:03:13,213 INFO  [25] com.example.mqproducer.ProducerWorker - Sent destination=APPQ threadId=25 msg=55 body=[destination=APPQ threadId=25 msg=55]
2026-09-29 16:03:13,213 INFO  [24] com.example.mqproducer.ProducerWorker - Sent destination=APPQ threadId=24 msg=55 body=[destination=APPQ threadId=24 msg=55]
2026-09-29 16:03:13,341 INFO  [23] com.example.mqproducer.ProducerWorker - Sent destination=APPQ threadId=23 msg=55 body=[destination=APPQ threadId=23 msg=55]
2026-09-29 16:03:13,357 INFO  [22] com.example.mqproducer.ProducerWorker - Sent destination=APPQ threadId=22 msg=55 body=[destination=APPQ threadId=22 msg=55]
2026-09-29 16:03:14,226 INFO  [25] com.example.mqproducer.ProducerWorker - Sent destination=APPQ threadId=25 msg=56 body=[destination=APPQ threadId=25 msg=56]
2026-09-29 16:03:14,226 INFO  [24] com.example.mqproducer.ProducerWorker - Sent destination=APPQ threadId=24 msg=56 body=[destination=APPQ threadId=24 msg=56]
2026-09-29 16:03:14,354 INFO  [23] com.example.mqproducer.ProducerWorker - Sent destination=APPQ threadId=23 msg=56 body=[destination=APPQ threadId=23 msg=56]
2026-09-29 16:03:14,373 INFO  [22] com.example.mqproducer.ProducerWorker - Sent destination=APPQ threadId=22 msg=56 body=[destination=APPQ threadId=22 msg=56]
2026-09-29 16:03:15,231 INFO  [24] com.example.mqproducer.ProducerWorker - Sent destination=APPQ threadId=24 msg=57 body=[destination=APPQ threadId=24 msg=57]
2026-09-29 16:03:15,232 INFO  [25] com.example.mqproducer.ProducerWorker - Sent destination=APPQ threadId=25 msg=57 body=[destination=APPQ threadId=25 msg=57]
2026-09-29 16:03:15,370 INFO  [23] com.example.mqproducer.ProducerWorker - Sent destination=APPQ threadId=23 msg=57 body=[destination=APPQ threadId=23 msg=57]
2026-09-29 16:03:15,387 INFO  [22] com.example.mqproducer.ProducerWorker - Sent destination=APPQ threadId=22 msg=57 body=[destination=APPQ threadId=22 msg=57]
2026-09-29 16:03:16,241 INFO  [25] com.example.mqproducer.ProducerWorker - Sent destination=APPQ threadId=25 msg=58 body=[destination=APPQ threadId=25 msg=58]
2026-09-29 16:03:16,242 INFO  [24] com.example.mqproducer.ProducerWorker - Sent destination=APPQ threadId=24 msg=58 body=[destination=APPQ threadId=24 msg=58]
2026-09-29 16:03:16,387 INFO  [23] com.example.mqproducer.ProducerWorker - Sent destination=APPQ threadId=23 msg=58 body=[destination=APPQ threadId=23 msg=58]
2026-09-29 16:03:16,399 INFO  [22] com.example.mqproducer.ProducerWorker - Sent destination=APPQ threadId=22 msg=58 body=[destination=APPQ threadId=22 msg=58]
2026-09-29 16:03:17,261 INFO  [25] com.example.mqproducer.ProducerWorker - Sent destination=APPQ threadId=25 msg=59 body=[destination=APPQ threadId=25 msg=59]
2026-09-29 16:03:17,261 INFO  [24] com.example.mqproducer.ProducerWorker - Sent destination=APPQ threadId=24 msg=59 body=[destination=APPQ threadId=24 msg=59]
2026-09-29 16:03:17,402 INFO  [23] com.example.mqproducer.ProducerWorker - Sent destination=APPQ threadId=23 msg=59 body=[destination=APPQ threadId=23 msg=59]
2026-09-29 16:03:17,403 INFO  [22] com.example.mqproducer.ProducerWorker - Sent destination=APPQ threadId=22 msg=59 body=[destination=APPQ threadId=22 msg=59]
2026-09-29 16:03:18,274 INFO  [25] com.example.mqproducer.ProducerWorker - Sent destination=APPQ threadId=25 msg=60 body=[destination=APPQ threadId=25 msg=60]
2026-09-29 16:03:18,274 INFO  [24] com.example.mqproducer.ProducerWorker - Sent destination=APPQ threadId=24 msg=60 body=[destination=APPQ threadId=24 msg=60]
2026-09-29 16:03:18,414 INFO  [22] com.example.mqproducer.ProducerWorker - Sent destination=APPQ threadId=22 msg=60 body=[destination=APPQ threadId=22 msg=60]
2026-09-29 16:03:18,414 INFO  [23] com.example.mqproducer.ProducerWorker - Sent destination=APPQ threadId=23 msg=60 body=[destination=APPQ threadId=23 msg=60]
2026-09-29 16:03:19,289 INFO  [25] com.example.mqproducer.ProducerWorker - Sent destination=APPQ threadId=25 msg=61 body=[destination=APPQ threadId=25 msg=61]
2026-09-29 16:03:19,289 INFO  [24] com.example.mqproducer.ProducerWorker - Sent destination=APPQ threadId=24 msg=61 body=[destination=APPQ threadId=24 msg=61]
2026-09-29 16:03:19,431 INFO  [22] com.example.mqproducer.ProducerWorker - Sent destination=APPQ threadId=22 msg=61 body=[destination=APPQ threadId=22 msg=61]
2026-09-29 16:03:19,433 INFO  [23] com.example.mqproducer.ProducerWorker - Sent destination=APPQ threadId=23 msg=61 body=[destination=APPQ threadId=23 msg=61]
2026-09-29 16:03:20,305 INFO  [24] com.example.mqproducer.ProducerWorker - Sent destination=APPQ threadId=24 msg=62 body=[destination=APPQ threadId=24 msg=62]
2026-09-29 16:03:20,305 INFO  [25] com.example.mqproducer.ProducerWorker - Sent destination=APPQ threadId=25 msg=62 body=[destination=APPQ threadId=25 msg=62]
2026-09-29 16:03:20,447 INFO  [22] com.example.mqproducer.ProducerWorker - Sent destination=APPQ threadId=22 msg=62 body=[destination=APPQ threadId=22 msg=62]
2026-09-29 16:03:20,447 INFO  [23] com.example.mqproducer.ProducerWorker - Sent destination=APPQ threadId=23 msg=62 body=[destination=APPQ threadId=23 msg=62]
2026-09-29 16:03:21,325 INFO  [24] com.example.mqproducer.ProducerWorker - Sent destination=APPQ threadId=24 msg=63 body=[destination=APPQ threadId=24 msg=63]
2026-09-29 16:03:21,325 INFO  [25] com.example.mqproducer.ProducerWorker - Sent destination=APPQ threadId=25 msg=63 body=[destination=APPQ threadId=25 msg=63]
2026-09-29 16:03:21,467 INFO  [23] com.example.mqproducer.ProducerWorker - Sent destination=APPQ threadId=23 msg=63 body=[destination=APPQ threadId=23 msg=63]
2026-09-29 16:03:21,469 INFO  [22] com.example.mqproducer.ProducerWorker - Sent destination=APPQ threadId=22 msg=63 body=[destination=APPQ threadId=22 msg=63]
2026-09-29 16:03:22,339 INFO  [25] com.example.mqproducer.ProducerWorker - Sent destination=APPQ threadId=25 msg=64 body=[destination=APPQ threadId=25 msg=64]
2026-09-29 16:03:22,339 INFO  [24] com.example.mqproducer.ProducerWorker - Sent destination=APPQ threadId=24 msg=64 body=[destination=APPQ threadId=24 msg=64]
2026-09-29 16:03:22,478 INFO  [23] com.example.mqproducer.ProducerWorker - Sent destination=APPQ threadId=23 msg=64 body=[destination=APPQ threadId=23 msg=64]
2026-09-29 16:03:22,478 INFO  [22] com.example.mqproducer.ProducerWorker - Sent destination=APPQ threadId=22 msg=64 body=[destination=APPQ threadId=22 msg=64]
2026-09-29 16:03:23,353 INFO  [24] com.example.mqproducer.ProducerWorker - Sent destination=APPQ threadId=24 msg=65 body=[destination=APPQ threadId=24 msg=65]
2026-09-29 16:03:23,354 INFO  [25] com.example.mqproducer.ProducerWorker - Sent destination=APPQ threadId=25 msg=65 body=[destination=APPQ threadId=25 msg=65]
2026-09-29 16:03:23,498 INFO  [23] com.example.mqproducer.ProducerWorker - Sent destination=APPQ threadId=23 msg=65 body=[destination=APPQ threadId=23 msg=65]
2026-09-29 16:03:23,500 INFO  [22] com.example.mqproducer.ProducerWorker - Sent destination=APPQ threadId=22 msg=65 body=[destination=APPQ threadId=22 msg=65]
2026-09-29 16:03:24,372 INFO  [25] com.example.mqproducer.ProducerWorker - Sent destination=APPQ threadId=25 msg=66 body=[destination=APPQ threadId=25 msg=66]
2026-09-29 16:03:24,372 INFO  [24] com.example.mqproducer.ProducerWorker - Sent destination=APPQ threadId=24 msg=66 body=[destination=APPQ threadId=24 msg=66]
2026-09-29 16:03:24,511 INFO  [22] com.example.mqproducer.ProducerWorker - Sent destination=APPQ threadId=22 msg=66 body=[destination=APPQ threadId=22 msg=66]
2026-09-29 16:03:24,512 INFO  [23] com.example.mqproducer.ProducerWorker - Sent destination=APPQ threadId=23 msg=66 body=[destination=APPQ threadId=23 msg=66]
2026-09-29 16:03:25,388 INFO  [25] com.example.mqproducer.ProducerWorker - Sent destination=APPQ threadId=25 msg=67 body=[destination=APPQ threadId=25 msg=67]
2026-09-29 16:03:25,388 INFO  [24] com.example.mqproducer.ProducerWorker - Sent destination=APPQ threadId=24 msg=67 body=[destination=APPQ threadId=24 msg=67]
2026-09-29 16:03:25,523 INFO  [23] com.example.mqproducer.ProducerWorker - Sent destination=APPQ threadId=23 msg=67 body=[destination=APPQ threadId=23 msg=67]
2026-09-29 16:03:25,523 INFO  [22] com.example.mqproducer.ProducerWorker - Sent destination=APPQ threadId=22 msg=67 body=[destination=APPQ threadId=22 msg=67]
2026-09-29 16:03:26,401 INFO  [25] com.example.mqproducer.ProducerWorker - Sent destination=APPQ threadId=25 msg=68 body=[destination=APPQ threadId=25 msg=68]
2026-09-29 16:03:26,401 INFO  [24] com.example.mqproducer.ProducerWorker - Sent destination=APPQ threadId=24 msg=68 body=[destination=APPQ threadId=24 msg=68]
2026-09-29 16:03:26,530 INFO  [22] com.example.mqproducer.ProducerWorker - Sent destination=APPQ threadId=22 msg=68 body=[destination=APPQ threadId=22 msg=68]
2026-09-29 16:03:26,530 INFO  [23] com.example.mqproducer.ProducerWorker - Sent destination=APPQ threadId=23 msg=68 body=[destination=APPQ threadId=23 msg=68]
2026-09-29 16:03:27,419 INFO  [24] com.example.mqproducer.ProducerWorker - Sent destination=APPQ threadId=24 msg=69 body=[destination=APPQ threadId=24 msg=69]
2026-09-29 16:03:27,421 INFO  [25] com.example.mqproducer.ProducerWorker - Sent destination=APPQ threadId=25 msg=69 body=[destination=APPQ threadId=25 msg=69]
2026-09-29 16:03:27,543 INFO  [23] com.example.mqproducer.ProducerWorker - Sent destination=APPQ threadId=23 msg=69 body=[destination=APPQ threadId=23 msg=69]
2026-09-29 16:03:27,543 INFO  [22] com.example.mqproducer.ProducerWorker - Sent destination=APPQ threadId=22 msg=69 body=[destination=APPQ threadId=22 msg=69]
2026-09-29 16:03:28,430 INFO  [24] com.example.mqproducer.ProducerWorker - Sent destination=APPQ threadId=24 msg=70 body=[destination=APPQ threadId=24 msg=70]
2026-09-29 16:03:28,430 INFO  [25] com.example.mqproducer.ProducerWorker - Sent destination=APPQ threadId=25 msg=70 body=[destination=APPQ threadId=25 msg=70]
2026-09-29 16:03:28,557 INFO  [23] com.example.mqproducer.ProducerWorker - Sent destination=APPQ threadId=23 msg=70 body=[destination=APPQ threadId=23 msg=70]
2026-09-29 16:03:28,559 INFO  [22] com.example.mqproducer.ProducerWorker - Sent destination=APPQ threadId=22 msg=70 body=[destination=APPQ threadId=22 msg=70]
2026-09-29 16:03:29,449 INFO  [25] com.example.mqproducer.ProducerWorker - Sent destination=APPQ threadId=25 msg=71 body=[destination=APPQ threadId=25 msg=71]
2026-09-29 16:03:29,449 INFO  [24] com.example.mqproducer.ProducerWorker - Sent destination=APPQ threadId=24 msg=71 body=[destination=APPQ threadId=24 msg=71]
2026-09-29 16:03:29,576 INFO  [22] com.example.mqproducer.ProducerWorker - Sent destination=APPQ threadId=22 msg=71 body=[destination=APPQ threadId=22 msg=71]
2026-09-29 16:03:29,576 INFO  [23] com.example.mqproducer.ProducerWorker - Sent destination=APPQ threadId=23 msg=71 body=[destination=APPQ threadId=23 msg=71]
2026-09-29 16:03:30,464 INFO  [24] com.example.mqproducer.ProducerWorker - Sent destination=APPQ threadId=24 msg=72 body=[destination=APPQ threadId=24 msg=72]
2026-09-29 16:03:30,464 INFO  [25] com.example.mqproducer.ProducerWorker - Sent destination=APPQ threadId=25 msg=72 body=[destination=APPQ threadId=25 msg=72]
2026-09-29 16:03:30,588 INFO  [22] com.example.mqproducer.ProducerWorker - Sent destination=APPQ threadId=22 msg=72 body=[destination=APPQ threadId=22 msg=72]
2026-09-29 16:03:30,588 INFO  [23] com.example.mqproducer.ProducerWorker - Sent destination=APPQ threadId=23 msg=72 body=[destination=APPQ threadId=23 msg=72]
2026-09-29 16:03:31,477 INFO  [25] com.example.mqproducer.ProducerWorker - Sent destination=APPQ threadId=25 msg=73 body=[destination=APPQ threadId=25 msg=73]
2026-09-29 16:03:31,477 INFO  [24] com.example.mqproducer.ProducerWorker - Sent destination=APPQ threadId=24 msg=73 body=[destination=APPQ threadId=24 msg=73]
2026-09-29 16:03:31,603 INFO  [23] com.example.mqproducer.ProducerWorker - Sent destination=APPQ threadId=23 msg=73 body=[destination=APPQ threadId=23 msg=73]
2026-09-29 16:03:31,603 INFO  [22] com.example.mqproducer.ProducerWorker - Sent destination=APPQ threadId=22 msg=73 body=[destination=APPQ threadId=22 msg=73]
2026-09-29 16:03:32,495 INFO  [25] com.example.mqproducer.ProducerWorker - Sent destination=APPQ threadId=25 msg=74 body=[destination=APPQ threadId=25 msg=74]
2026-09-29 16:03:32,495 INFO  [24] com.example.mqproducer.ProducerWorker - Sent destination=APPQ threadId=24 msg=74 body=[destination=APPQ threadId=24 msg=74]
2026-09-29 16:03:32,619 INFO  [22] com.example.mqproducer.ProducerWorker - Sent destination=APPQ threadId=22 msg=74 body=[destination=APPQ threadId=22 msg=74]
2026-09-29 16:03:32,621 INFO  [23] com.example.mqproducer.ProducerWorker - Sent destination=APPQ threadId=23 msg=74 body=[destination=APPQ threadId=23 msg=74]
2026-09-29 16:03:33,511 INFO  [24] com.example.mqproducer.ProducerWorker - Sent destination=APPQ threadId=24 msg=75 body=[destination=APPQ threadId=24 msg=75]
2026-09-29 16:03:33,511 INFO  [25] com.example.mqproducer.ProducerWorker - Sent destination=APPQ threadId=25 msg=75 body=[destination=APPQ threadId=25 msg=75]
2026-09-29 16:03:33,636 INFO  [22] com.example.mqproducer.ProducerWorker - Sent destination=APPQ threadId=22 msg=75 body=[destination=APPQ threadId=22 msg=75]
2026-09-29 16:03:33,638 INFO  [23] com.example.mqproducer.ProducerWorker - Sent destination=APPQ threadId=23 msg=75 body=[destination=APPQ threadId=23 msg=75]
2026-09-29 16:03:34,527 INFO  [24] com.example.mqproducer.ProducerWorker - Sent destination=APPQ threadId=24 msg=76 body=[destination=APPQ threadId=24 msg=76]
2026-09-29 16:03:34,527 INFO  [25] com.example.mqproducer.ProducerWorker - Sent destination=APPQ threadId=25 msg=76 body=[destination=APPQ threadId=25 msg=76]
2026-09-29 16:03:34,648 INFO  [22] com.example.mqproducer.ProducerWorker - Sent destination=APPQ threadId=22 msg=76 body=[destination=APPQ threadId=22 msg=76]
2026-09-29 16:03:34,649 INFO  [23] com.example.mqproducer.ProducerWorker - Sent destination=APPQ threadId=23 msg=76 body=[destination=APPQ threadId=23 msg=76]
2026-09-29 16:03:35,543 INFO  [25] com.example.mqproducer.ProducerWorker - Sent destination=APPQ threadId=25 msg=77 body=[destination=APPQ threadId=25 msg=77]
2026-09-29 16:03:35,543 INFO  [24] com.example.mqproducer.ProducerWorker - Sent destination=APPQ threadId=24 msg=77 body=[destination=APPQ threadId=24 msg=77]
2026-09-29 16:03:35,655 INFO  [23] com.example.mqproducer.ProducerWorker - Sent destination=APPQ threadId=23 msg=77 body=[destination=APPQ threadId=23 msg=77]
2026-09-29 16:03:35,655 INFO  [22] com.example.mqproducer.ProducerWorker - Sent destination=APPQ threadId=22 msg=77 body=[destination=APPQ threadId=22 msg=77]
2026-09-29 16:03:36,554 INFO  [25] com.example.mqproducer.ProducerWorker - Sent destination=APPQ threadId=25 msg=78 body=[destination=APPQ threadId=25 msg=78]
2026-09-29 16:03:36,554 INFO  [24] com.example.mqproducer.ProducerWorker - Sent destination=APPQ threadId=24 msg=78 body=[destination=APPQ threadId=24 msg=78]
2026-09-29 16:03:36,672 INFO  [23] com.example.mqproducer.ProducerWorker - Sent destination=APPQ threadId=23 msg=78 body=[destination=APPQ threadId=23 msg=78]
2026-09-29 16:03:36,675 INFO  [22] com.example.mqproducer.ProducerWorker - Sent destination=APPQ threadId=22 msg=78 body=[destination=APPQ threadId=22 msg=78]
2026-09-29 16:03:37,571 INFO  [25] com.example.mqproducer.ProducerWorker - Sent destination=APPQ threadId=25 msg=79 body=[destination=APPQ threadId=25 msg=79]
2026-09-29 16:03:37,572 INFO  [24] com.example.mqproducer.ProducerWorker - Sent destination=APPQ threadId=24 msg=79 body=[destination=APPQ threadId=24 msg=79]
2026-09-29 16:03:37,683 INFO  [22] com.example.mqproducer.ProducerWorker - Sent destination=APPQ threadId=22 msg=79 body=[destination=APPQ threadId=22 msg=79]
2026-09-29 16:03:37,683 INFO  [23] com.example.mqproducer.ProducerWorker - Sent destination=APPQ threadId=23 msg=79 body=[destination=APPQ threadId=23 msg=79]
2026-09-29 16:03:38,574 INFO  [25] com.example.mqproducer.ProducerWorker - Sent destination=APPQ threadId=25 msg=80 body=[destination=APPQ threadId=25 msg=80]
2026-09-29 16:03:38,586 INFO  [24] com.example.mqproducer.ProducerWorker - Sent destination=APPQ threadId=24 msg=80 body=[destination=APPQ threadId=24 msg=80]
2026-09-29 16:03:38,697 INFO  [22] com.example.mqproducer.ProducerWorker - Sent destination=APPQ threadId=22 msg=80 body=[destination=APPQ threadId=22 msg=80]
2026-09-29 16:03:38,699 INFO  [23] com.example.mqproducer.ProducerWorker - Sent destination=APPQ threadId=23 msg=80 body=[destination=APPQ threadId=23 msg=80]
2026-09-29 16:03:39,588 INFO  [25] com.example.mqproducer.ProducerWorker - Sent destination=APPQ threadId=25 msg=81 body=[destination=APPQ threadId=25 msg=81]
2026-09-29 16:03:39,589 INFO  [24] com.example.mqproducer.ProducerWorker - Sent destination=APPQ threadId=24 msg=81 body=[destination=APPQ threadId=24 msg=81]
2026-09-29 16:03:39,700 INFO  [22] com.example.mqproducer.ProducerWorker - Sent destination=APPQ threadId=22 msg=81 body=[destination=APPQ threadId=22 msg=81]
2026-09-29 16:03:39,714 INFO  [23] com.example.mqproducer.ProducerWorker - Sent destination=APPQ threadId=23 msg=81 body=[destination=APPQ threadId=23 msg=81]
2026-09-29 16:03:40,608 INFO  [25] com.example.mqproducer.ProducerWorker - Sent destination=APPQ threadId=25 msg=82 body=[destination=APPQ threadId=25 msg=82]
2026-09-29 16:03:40,610 INFO  [24] com.example.mqproducer.ProducerWorker - Sent destination=APPQ threadId=24 msg=82 body=[destination=APPQ threadId=24 msg=82]
2026-09-29 16:03:40,716 INFO  [22] com.example.mqproducer.ProducerWorker - Sent destination=APPQ threadId=22 msg=82 body=[destination=APPQ threadId=22 msg=82]
2026-09-29 16:03:40,727 INFO  [23] com.example.mqproducer.ProducerWorker - Sent destination=APPQ threadId=23 msg=82 body=[destination=APPQ threadId=23 msg=82]
2026-09-29 16:03:41,618 INFO  [24] com.example.mqproducer.ProducerWorker - Sent destination=APPQ threadId=24 msg=83 body=[destination=APPQ threadId=24 msg=83]
2026-09-29 16:03:41,618 INFO  [25] com.example.mqproducer.ProducerWorker - Sent destination=APPQ threadId=25 msg=83 body=[destination=APPQ threadId=25 msg=83]
2026-09-29 16:03:41,730 INFO  [22] com.example.mqproducer.ProducerWorker - Sent destination=APPQ threadId=22 msg=83 body=[destination=APPQ threadId=22 msg=83]
2026-09-29 16:03:41,744 INFO  [23] com.example.mqproducer.ProducerWorker - Sent destination=APPQ threadId=23 msg=83 body=[destination=APPQ threadId=23 msg=83]
2026-09-29 16:03:42,636 INFO  [25] com.example.mqproducer.ProducerWorker - Sent destination=APPQ threadId=25 msg=84 body=[destination=APPQ threadId=25 msg=84]
2026-09-29 16:03:42,637 INFO  [24] com.example.mqproducer.ProducerWorker - Sent destination=APPQ threadId=24 msg=84 body=[destination=APPQ threadId=24 msg=84]
2026-09-29 16:03:42,744 INFO  [22] com.example.mqproducer.ProducerWorker - Sent destination=APPQ threadId=22 msg=84 body=[destination=APPQ threadId=22 msg=84]
2026-09-29 16:03:42,761 INFO  [23] com.example.mqproducer.ProducerWorker - Sent destination=APPQ threadId=23 msg=84 body=[destination=APPQ threadId=23 msg=84]
2026-09-29 16:03:43,639 INFO  [25] com.example.mqproducer.ProducerWorker - Sent destination=APPQ threadId=25 msg=85 body=[destination=APPQ threadId=25 msg=85]
2026-09-29 16:03:43,651 INFO  [24] com.example.mqproducer.ProducerWorker - Sent destination=APPQ threadId=24 msg=85 body=[destination=APPQ threadId=24 msg=85]
2026-09-29 16:03:43,761 INFO  [22] com.example.mqproducer.ProducerWorker - Sent destination=APPQ threadId=22 msg=85 body=[destination=APPQ threadId=22 msg=85]
2026-09-29 16:03:43,777 INFO  [23] com.example.mqproducer.ProducerWorker - Sent destination=APPQ threadId=23 msg=85 body=[destination=APPQ threadId=23 msg=85]
2026-09-29 16:03:44,648 INFO  [25] com.example.mqproducer.ProducerWorker - Sent destination=APPQ threadId=25 msg=86 body=[destination=APPQ threadId=25 msg=86]
2026-09-29 16:03:44,664 INFO  [24] com.example.mqproducer.ProducerWorker - Sent destination=APPQ threadId=24 msg=86 body=[destination=APPQ threadId=24 msg=86]
2026-09-29 16:03:44,777 INFO  [22] com.example.mqproducer.ProducerWorker - Sent destination=APPQ threadId=22 msg=86 body=[destination=APPQ threadId=22 msg=86]
2026-09-29 16:03:44,793 INFO  [23] com.example.mqproducer.ProducerWorker - Sent destination=APPQ threadId=23 msg=86 body=[destination=APPQ threadId=23 msg=86]
2026-09-29 16:03:45,667 INFO  [25] com.example.mqproducer.ProducerWorker - Sent destination=APPQ threadId=25 msg=87 body=[destination=APPQ threadId=25 msg=87]
2026-09-29 16:03:45,683 INFO  [24] com.example.mqproducer.ProducerWorker - Sent destination=APPQ threadId=24 msg=87 body=[destination=APPQ threadId=24 msg=87]
2026-09-29 16:03:45,792 INFO  [22] com.example.mqproducer.ProducerWorker - Sent destination=APPQ threadId=22 msg=87 body=[destination=APPQ threadId=22 msg=87]
2026-09-29 16:03:45,808 INFO  [23] com.example.mqproducer.ProducerWorker - Sent destination=APPQ threadId=23 msg=87 body=[destination=APPQ threadId=23 msg=87]
2026-09-29 16:03:46,681 INFO  [25] com.example.mqproducer.ProducerWorker - Sent destination=APPQ threadId=25 msg=88 body=[destination=APPQ threadId=25 msg=88]
2026-09-29 16:03:46,701 INFO  [24] com.example.mqproducer.ProducerWorker - Sent destination=APPQ threadId=24 msg=88 body=[destination=APPQ threadId=24 msg=88]
2026-09-29 16:03:46,807 INFO  [22] com.example.mqproducer.ProducerWorker - Sent destination=APPQ threadId=22 msg=88 body=[destination=APPQ threadId=22 msg=88]
2026-09-29 16:03:46,824 INFO  [23] com.example.mqproducer.ProducerWorker - Sent destination=APPQ threadId=23 msg=88 body=[destination=APPQ threadId=23 msg=88]
2026-09-29 16:03:47,698 INFO  [25] com.example.mqproducer.ProducerWorker - Sent destination=APPQ threadId=25 msg=89 body=[destination=APPQ threadId=25 msg=89]
2026-09-29 16:03:47,712 INFO  [24] com.example.mqproducer.ProducerWorker - Sent destination=APPQ threadId=24 msg=89 body=[destination=APPQ threadId=24 msg=89]
2026-09-29 16:03:47,823 INFO  [22] com.example.mqproducer.ProducerWorker - Sent destination=APPQ threadId=22 msg=89 body=[destination=APPQ threadId=22 msg=89]
2026-09-29 16:03:47,836 INFO  [23] com.example.mqproducer.ProducerWorker - Sent destination=APPQ threadId=23 msg=89 body=[destination=APPQ threadId=23 msg=89]
2026-09-29 16:03:48,712 INFO  [25] com.example.mqproducer.ProducerWorker - Sent destination=APPQ threadId=25 msg=90 body=[destination=APPQ threadId=25 msg=90]
2026-09-29 16:03:48,717 INFO  [24] com.example.mqproducer.ProducerWorker - Sent destination=APPQ threadId=24 msg=90 body=[destination=APPQ threadId=24 msg=90]
2026-09-29 16:03:48,838 INFO  [22] com.example.mqproducer.ProducerWorker - Sent destination=APPQ threadId=22 msg=90 body=[destination=APPQ threadId=22 msg=90]
2026-09-29 16:03:48,842 INFO  [23] com.example.mqproducer.ProducerWorker - Sent destination=APPQ threadId=23 msg=90 body=[destination=APPQ threadId=23 msg=90]
2026-09-29 16:03:49,719 INFO  [25] com.example.mqproducer.ProducerWorker - Sent destination=APPQ threadId=25 msg=91 body=[destination=APPQ threadId=25 msg=91]
2026-09-29 16:03:49,732 INFO  [24] com.example.mqproducer.ProducerWorker - Sent destination=APPQ threadId=24 msg=91 body=[destination=APPQ threadId=24 msg=91]
2026-09-29 16:03:49,856 INFO  [23] com.example.mqproducer.ProducerWorker - Sent destination=APPQ threadId=23 msg=91 body=[destination=APPQ threadId=23 msg=91]
2026-09-29 16:03:49,856 INFO  [22] com.example.mqproducer.ProducerWorker - Sent destination=APPQ threadId=22 msg=91 body=[destination=APPQ threadId=22 msg=91]
2026-09-29 16:03:50,732 INFO  [25] com.example.mqproducer.ProducerWorker - Sent destination=APPQ threadId=25 msg=92 body=[destination=APPQ threadId=25 msg=92]
2026-09-29 16:03:50,745 INFO  [24] com.example.mqproducer.ProducerWorker - Sent destination=APPQ threadId=24 msg=92 body=[destination=APPQ threadId=24 msg=92]
2026-09-29 16:03:50,872 INFO  [22] com.example.mqproducer.ProducerWorker - Sent destination=APPQ threadId=22 msg=92 body=[destination=APPQ threadId=22 msg=92]
2026-09-29 16:03:50,875 INFO  [23] com.example.mqproducer.ProducerWorker - Sent destination=APPQ threadId=23 msg=92 body=[destination=APPQ threadId=23 msg=92]
2026-09-29 16:03:51,743 INFO  [25] com.example.mqproducer.ProducerWorker - Sent destination=APPQ threadId=25 msg=93 body=[destination=APPQ threadId=25 msg=93]
2026-09-29 16:03:51,758 INFO  [24] com.example.mqproducer.ProducerWorker - Sent destination=APPQ threadId=24 msg=93 body=[destination=APPQ threadId=24 msg=93]
2026-09-29 16:03:51,881 INFO  [22] com.example.mqproducer.ProducerWorker - Sent destination=APPQ threadId=22 msg=93 body=[destination=APPQ threadId=22 msg=93]
2026-09-29 16:03:51,882 INFO  [23] com.example.mqproducer.ProducerWorker - Sent destination=APPQ threadId=23 msg=93 body=[destination=APPQ threadId=23 msg=93]
2026-09-29 16:03:52,760 INFO  [25] com.example.mqproducer.ProducerWorker - Sent destination=APPQ threadId=25 msg=94 body=[destination=APPQ threadId=25 msg=94]
2026-09-29 16:03:52,775 INFO  [24] com.example.mqproducer.ProducerWorker - Sent destination=APPQ threadId=24 msg=94 body=[destination=APPQ threadId=24 msg=94]
2026-09-29 16:03:52,886 INFO  [22] com.example.mqproducer.ProducerWorker - Sent destination=APPQ threadId=22 msg=94 body=[destination=APPQ threadId=22 msg=94]
2026-09-29 16:03:52,900 INFO  [23] com.example.mqproducer.ProducerWorker - Sent destination=APPQ threadId=23 msg=94 body=[destination=APPQ threadId=23 msg=94]
2026-09-29 16:03:53,780 INFO  [25] com.example.mqproducer.ProducerWorker - Sent destination=APPQ threadId=25 msg=95 body=[destination=APPQ threadId=25 msg=95]
2026-09-29 16:03:53,794 INFO  [24] com.example.mqproducer.ProducerWorker - Sent destination=APPQ threadId=24 msg=95 body=[destination=APPQ threadId=24 msg=95]
2026-09-29 16:03:53,900 INFO  [22] com.example.mqproducer.ProducerWorker - Sent destination=APPQ threadId=22 msg=95 body=[destination=APPQ threadId=22 msg=95]
2026-09-29 16:03:53,913 INFO  [23] com.example.mqproducer.ProducerWorker - Sent destination=APPQ threadId=23 msg=95 body=[destination=APPQ threadId=23 msg=95]
2026-09-29 16:03:54,792 INFO  [25] com.example.mqproducer.ProducerWorker - Sent destination=APPQ threadId=25 msg=96 body=[destination=APPQ threadId=25 msg=96]
2026-09-29 16:03:54,809 INFO  [24] com.example.mqproducer.ProducerWorker - Sent destination=APPQ threadId=24 msg=96 body=[destination=APPQ threadId=24 msg=96]
2026-09-29 16:03:54,917 INFO  [22] com.example.mqproducer.ProducerWorker - Sent destination=APPQ threadId=22 msg=96 body=[destination=APPQ threadId=22 msg=96]
2026-09-29 16:03:54,918 INFO  [23] com.example.mqproducer.ProducerWorker - Sent destination=APPQ threadId=23 msg=96 body=[destination=APPQ threadId=23 msg=96]
2026-09-29 16:03:55,808 INFO  [25] com.example.mqproducer.ProducerWorker - Sent destination=APPQ threadId=25 msg=97 body=[destination=APPQ threadId=25 msg=97]
2026-09-29 16:03:55,824 INFO  [24] com.example.mqproducer.ProducerWorker - Sent destination=APPQ threadId=24 msg=97 body=[destination=APPQ threadId=24 msg=97]
2026-09-29 16:03:55,934 INFO  [23] com.example.mqproducer.ProducerWorker - Sent destination=APPQ threadId=23 msg=97 body=[destination=APPQ threadId=23 msg=97]
2026-09-29 16:03:55,934 INFO  [22] com.example.mqproducer.ProducerWorker - Sent destination=APPQ threadId=22 msg=97 body=[destination=APPQ threadId=22 msg=97]
2026-09-29 16:03:56,823 INFO  [25] com.example.mqproducer.ProducerWorker - Sent destination=APPQ threadId=25 msg=98 body=[destination=APPQ threadId=25 msg=98]
2026-09-29 16:03:56,836 INFO  [24] com.example.mqproducer.ProducerWorker - Sent destination=APPQ threadId=24 msg=98 body=[destination=APPQ threadId=24 msg=98]
2026-09-29 16:03:56,944 INFO  [23] com.example.mqproducer.ProducerWorker - Sent destination=APPQ threadId=23 msg=98 body=[destination=APPQ threadId=23 msg=98]
2026-09-29 16:03:56,945 INFO  [22] com.example.mqproducer.ProducerWorker - Sent destination=APPQ threadId=22 msg=98 body=[destination=APPQ threadId=22 msg=98]
2026-09-29 16:03:57,840 INFO  [25] com.example.mqproducer.ProducerWorker - Sent destination=APPQ threadId=25 msg=99 body=[destination=APPQ threadId=25 msg=99]
2026-09-29 16:03:57,856 INFO  [24] com.example.mqproducer.ProducerWorker - Sent destination=APPQ threadId=24 msg=99 body=[destination=APPQ threadId=24 msg=99]
2026-09-29 16:03:57,959 INFO  [23] com.example.mqproducer.ProducerWorker - Sent destination=APPQ threadId=23 msg=99 body=[destination=APPQ threadId=23 msg=99]
2026-09-29 16:03:57,959 INFO  [22] com.example.mqproducer.ProducerWorker - Sent destination=APPQ threadId=22 msg=99 body=[destination=APPQ threadId=22 msg=99]
2026-09-29 16:03:58,857 INFO  [25] com.example.mqproducer.ProducerWorker - Sent destination=APPQ threadId=25 msg=100 body=[destination=APPQ threadId=25 msg=100]
2026-09-29 16:03:58,874 INFO  [24] com.example.mqproducer.ProducerWorker - Sent destination=APPQ threadId=24 msg=100 body=[destination=APPQ threadId=24 msg=100]
2026-09-29 16:03:58,975 INFO  [22] com.example.mqproducer.ProducerWorker - Sent destination=APPQ threadId=22 msg=100 body=[destination=APPQ threadId=22 msg=100]
2026-09-29 16:03:58,975 INFO  [23] com.example.mqproducer.ProducerWorker - Sent destination=APPQ threadId=23 msg=100 body=[destination=APPQ threadId=23 msg=100]
2026-09-29 16:03:59,868 INFO  [25] com.example.mqproducer.ProducerWorker - Sent destination=APPQ threadId=25 msg=101 body=[destination=APPQ threadId=25 msg=101]
2026-09-29 16:03:59,885 INFO  [24] com.example.mqproducer.ProducerWorker - Sent destination=APPQ threadId=24 msg=101 body=[destination=APPQ threadId=24 msg=101]
2026-09-29 16:03:59,977 INFO  [22] com.example.mqproducer.ProducerWorker - Sent destination=APPQ threadId=22 msg=101 body=[destination=APPQ threadId=22 msg=101]
2026-09-29 16:03:59,977 INFO  [23] com.example.mqproducer.ProducerWorker - Sent destination=APPQ threadId=23 msg=101 body=[destination=APPQ threadId=23 msg=101]
2026-09-29 16:04:00,874 INFO  [25] com.example.mqproducer.ProducerWorker - Sent destination=APPQ threadId=25 msg=102 body=[destination=APPQ threadId=25 msg=102]
2026-09-29 16:04:00,901 INFO  [24] com.example.mqproducer.ProducerWorker - Sent destination=APPQ threadId=24 msg=102 body=[destination=APPQ threadId=24 msg=102]
2026-09-29 16:04:00,992 INFO  [23] com.example.mqproducer.ProducerWorker - Sent destination=APPQ threadId=23 msg=102 body=[destination=APPQ threadId=23 msg=102]
2026-09-29 16:04:00,993 INFO  [22] com.example.mqproducer.ProducerWorker - Sent destination=APPQ threadId=22 msg=102 body=[destination=APPQ threadId=22 msg=102]
2026-09-29 16:04:01,889 INFO  [25] com.example.mqproducer.ProducerWorker - Sent destination=APPQ threadId=25 msg=103 body=[destination=APPQ threadId=25 msg=103]
2026-09-29 16:04:01,917 INFO  [24] com.example.mqproducer.ProducerWorker - Sent destination=APPQ threadId=24 msg=103 body=[destination=APPQ threadId=24 msg=103]
2026-09-29 16:04:02,009 INFO  [23] com.example.mqproducer.ProducerWorker - Sent destination=APPQ threadId=23 msg=103 body=[destination=APPQ threadId=23 msg=103]
2026-09-29 16:04:02,010 INFO  [22] com.example.mqproducer.ProducerWorker - Sent destination=APPQ threadId=22 msg=103 body=[destination=APPQ threadId=22 msg=103]
2026-09-29 16:04:02,903 INFO  [25] com.example.mqproducer.ProducerWorker - Sent destination=APPQ threadId=25 msg=104 body=[destination=APPQ threadId=25 msg=104]
2026-09-29 16:04:02,932 INFO  [24] com.example.mqproducer.ProducerWorker - Sent destination=APPQ threadId=24 msg=104 body=[destination=APPQ threadId=24 msg=104]
2026-09-29 16:04:03,023 INFO  [22] com.example.mqproducer.ProducerWorker - Sent destination=APPQ threadId=22 msg=104 body=[destination=APPQ threadId=22 msg=104]
2026-09-29 16:04:03,024 INFO  [23] com.example.mqproducer.ProducerWorker - Sent destination=APPQ threadId=23 msg=104 body=[destination=APPQ threadId=23 msg=104]
2026-09-29 16:04:03,919 INFO  [25] com.example.mqproducer.ProducerWorker - Sent destination=APPQ threadId=25 msg=105 body=[destination=APPQ threadId=25 msg=105]
2026-09-29 16:04:03,938 INFO  [24] com.example.mqproducer.ProducerWorker - Sent destination=APPQ threadId=24 msg=105 body=[destination=APPQ threadId=24 msg=105]
2026-09-29 16:04:04,030 INFO  [23] com.example.mqproducer.ProducerWorker - Sent destination=APPQ threadId=23 msg=105 body=[destination=APPQ threadId=23 msg=105]
2026-09-29 16:04:04,030 INFO  [22] com.example.mqproducer.ProducerWorker - Sent destination=APPQ threadId=22 msg=105 body=[destination=APPQ threadId=22 msg=105]
2026-09-29 16:04:04,931 INFO  [25] com.example.mqproducer.ProducerWorker - Sent destination=APPQ threadId=25 msg=106 body=[destination=APPQ threadId=25 msg=106]
2026-09-29 16:04:04,947 INFO  [24] com.example.mqproducer.ProducerWorker - Sent destination=APPQ threadId=24 msg=106 body=[destination=APPQ threadId=24 msg=106]
2026-09-29 16:04:05,038 INFO  [23] com.example.mqproducer.ProducerWorker - Sent destination=APPQ threadId=23 msg=106 body=[destination=APPQ threadId=23 msg=106]
2026-09-29 16:04:05,039 INFO  [22] com.example.mqproducer.ProducerWorker - Sent destination=APPQ threadId=22 msg=106 body=[destination=APPQ threadId=22 msg=106]
2026-09-29 16:04:05,949 INFO  [25] com.example.mqproducer.ProducerWorker - Sent destination=APPQ threadId=25 msg=107 body=[destination=APPQ threadId=25 msg=107]
2026-09-29 16:04:05,965 INFO  [24] com.example.mqproducer.ProducerWorker - Sent destination=APPQ threadId=24 msg=107 body=[destination=APPQ threadId=24 msg=107]
2026-09-29 16:04:06,038 INFO  [23] com.example.mqproducer.ProducerWorker - Sent destination=APPQ threadId=23 msg=107 body=[destination=APPQ threadId=23 msg=107]
2026-09-29 16:04:06,055 INFO  [22] com.example.mqproducer.ProducerWorker - Sent destination=APPQ threadId=22 msg=107 body=[destination=APPQ threadId=22 msg=107]
2026-09-29 16:04:06,960 INFO  [25] com.example.mqproducer.ProducerWorker - Sent destination=APPQ threadId=25 msg=108 body=[destination=APPQ threadId=25 msg=108]
2026-09-29 16:04:06,975 INFO  [24] com.example.mqproducer.ProducerWorker - Sent destination=APPQ threadId=24 msg=108 body=[destination=APPQ threadId=24 msg=108]
2026-09-29 16:04:07,055 INFO  [23] com.example.mqproducer.ProducerWorker - Sent destination=APPQ threadId=23 msg=108 body=[destination=APPQ threadId=23 msg=108]
2026-09-29 16:04:07,071 INFO  [22] com.example.mqproducer.ProducerWorker - Sent destination=APPQ threadId=22 msg=108 body=[destination=APPQ threadId=22 msg=108]
2026-09-29 16:04:07,976 INFO  [25] com.example.mqproducer.ProducerWorker - Sent destination=APPQ threadId=25 msg=109 body=[destination=APPQ threadId=25 msg=109]
2026-09-29 16:04:07,991 INFO  [24] com.example.mqproducer.ProducerWorker - Sent destination=APPQ threadId=24 msg=109 body=[destination=APPQ threadId=24 msg=109]
2026-09-29 16:04:08,071 INFO  [23] com.example.mqproducer.ProducerWorker - Sent destination=APPQ threadId=23 msg=109 body=[destination=APPQ threadId=23 msg=109]
2026-09-29 16:04:08,087 INFO  [22] com.example.mqproducer.ProducerWorker - Sent destination=APPQ threadId=22 msg=109 body=[destination=APPQ threadId=22 msg=109]
2026-09-29 16:04:08,980 INFO  [25] com.example.mqproducer.ProducerWorker - Sent destination=APPQ threadId=25 msg=110 body=[destination=APPQ threadId=25 msg=110]
2026-09-29 16:04:08,995 INFO  [24] com.example.mqproducer.ProducerWorker - Sent destination=APPQ threadId=24 msg=110 body=[destination=APPQ threadId=24 msg=110]
2026-09-29 16:04:09,085 INFO  [23] com.example.mqproducer.ProducerWorker - Sent destination=APPQ threadId=23 msg=110 body=[destination=APPQ threadId=23 msg=110]
2026-09-29 16:04:09,101 INFO  [22] com.example.mqproducer.ProducerWorker - Sent destination=APPQ threadId=22 msg=110 body=[destination=APPQ threadId=22 msg=110]
2026-09-29 16:04:09,993 INFO  [25] com.example.mqproducer.ProducerWorker - Sent destination=APPQ threadId=25 msg=111 body=[destination=APPQ threadId=25 msg=111]
2026-09-29 16:04:10,008 INFO  [24] com.example.mqproducer.ProducerWorker - Sent destination=APPQ threadId=24 msg=111 body=[destination=APPQ threadId=24 msg=111]
2026-09-29 16:04:10,103 INFO  [23] com.example.mqproducer.ProducerWorker - Sent destination=APPQ threadId=23 msg=111 body=[destination=APPQ threadId=23 msg=111]
2026-09-29 16:04:10,117 INFO  [22] com.example.mqproducer.ProducerWorker - Sent destination=APPQ threadId=22 msg=111 body=[destination=APPQ threadId=22 msg=111]
2026-09-29 16:04:11,008 INFO  [25] com.example.mqproducer.ProducerWorker - Sent destination=APPQ threadId=25 msg=112 body=[destination=APPQ threadId=25 msg=112]
2026-09-29 16:04:11,023 INFO  [24] com.example.mqproducer.ProducerWorker - Sent destination=APPQ threadId=24 msg=112 body=[destination=APPQ threadId=24 msg=112]
2026-09-29 16:04:11,117 INFO  [23] com.example.mqproducer.ProducerWorker - Sent destination=APPQ threadId=23 msg=112 body=[destination=APPQ threadId=23 msg=112]
2026-09-29 16:04:11,133 INFO  [22] com.example.mqproducer.ProducerWorker - Sent destination=APPQ threadId=22 msg=112 body=[destination=APPQ threadId=22 msg=112]
2026-09-29 16:04:12,023 INFO  [25] com.example.mqproducer.ProducerWorker - Sent destination=APPQ threadId=25 msg=113 body=[destination=APPQ threadId=25 msg=113]
2026-09-29 16:04:12,039 INFO  [24] com.example.mqproducer.ProducerWorker - Sent destination=APPQ threadId=24 msg=113 body=[destination=APPQ threadId=24 msg=113]
2026-09-29 16:04:12,120 INFO  [23] com.example.mqproducer.ProducerWorker - Sent destination=APPQ threadId=23 msg=113 body=[destination=APPQ threadId=23 msg=113]
2026-09-29 16:04:12,151 INFO  [22] com.example.mqproducer.ProducerWorker - Sent destination=APPQ threadId=22 msg=113 body=[destination=APPQ threadId=22 msg=113]
2026-09-29 16:04:13,039 INFO  [25] com.example.mqproducer.ProducerWorker - Sent destination=APPQ threadId=25 msg=114 body=[destination=APPQ threadId=25 msg=114]
2026-09-29 16:04:13,054 INFO  [24] com.example.mqproducer.ProducerWorker - Sent destination=APPQ threadId=24 msg=114 body=[destination=APPQ threadId=24 msg=114]
2026-09-29 16:04:13,133 INFO  [23] com.example.mqproducer.ProducerWorker - Sent destination=APPQ threadId=23 msg=114 body=[destination=APPQ threadId=23 msg=114]
2026-09-29 16:04:13,168 INFO  [22] com.example.mqproducer.ProducerWorker - Sent destination=APPQ threadId=22 msg=114 body=[destination=APPQ threadId=22 msg=114]
2026-09-29 16:04:14,058 INFO  [24] com.example.mqproducer.ProducerWorker - Sent destination=APPQ threadId=24 msg=115 body=[destination=APPQ threadId=24 msg=115]
2026-09-29 16:04:14,058 INFO  [25] com.example.mqproducer.ProducerWorker - Sent destination=APPQ threadId=25 msg=115 body=[destination=APPQ threadId=25 msg=115]
2026-09-29 16:04:14,149 INFO  [23] com.example.mqproducer.ProducerWorker - Sent destination=APPQ threadId=23 msg=115 body=[destination=APPQ threadId=23 msg=115]
2026-09-29 16:04:14,179 INFO  [22] com.example.mqproducer.ProducerWorker - Sent destination=APPQ threadId=22 msg=115 body=[destination=APPQ threadId=22 msg=115]
2026-09-29 16:04:15,072 INFO  [25] com.example.mqproducer.ProducerWorker - Sent destination=APPQ threadId=25 msg=116 body=[destination=APPQ threadId=25 msg=116]
2026-09-29 16:04:15,073 INFO  [24] com.example.mqproducer.ProducerWorker - Sent destination=APPQ threadId=24 msg=116 body=[destination=APPQ threadId=24 msg=116]
2026-09-29 16:04:15,169 INFO  [23] com.example.mqproducer.ProducerWorker - Sent destination=APPQ threadId=23 msg=116 body=[destination=APPQ threadId=23 msg=116]
2026-09-29 16:04:15,182 INFO  [22] com.example.mqproducer.ProducerWorker - Sent destination=APPQ threadId=22 msg=116 body=[destination=APPQ threadId=22 msg=116]
2026-09-29 16:04:16,084 INFO  [25] com.example.mqproducer.ProducerWorker - Sent destination=APPQ threadId=25 msg=117 body=[destination=APPQ threadId=25 msg=117]
2026-09-29 16:04:16,084 INFO  [24] com.example.mqproducer.ProducerWorker - Sent destination=APPQ threadId=24 msg=117 body=[destination=APPQ threadId=24 msg=117]
2026-09-29 16:04:16,185 INFO  [23] com.example.mqproducer.ProducerWorker - Sent destination=APPQ threadId=23 msg=117 body=[destination=APPQ threadId=23 msg=117]
2026-09-29 16:04:16,197 INFO  [22] com.example.mqproducer.ProducerWorker - Sent destination=APPQ threadId=22 msg=117 body=[destination=APPQ threadId=22 msg=117]
2026-09-29 16:04:17,101 INFO  [24] com.example.mqproducer.ProducerWorker - Sent destination=APPQ threadId=24 msg=118 body=[destination=APPQ threadId=24 msg=118]
2026-09-29 16:04:17,101 INFO  [25] com.example.mqproducer.ProducerWorker - Sent destination=APPQ threadId=25 msg=118 body=[destination=APPQ threadId=25 msg=118]
2026-09-29 16:04:17,199 INFO  [23] com.example.mqproducer.ProducerWorker - Sent destination=APPQ threadId=23 msg=118 body=[destination=APPQ threadId=23 msg=118]
2026-09-29 16:04:17,213 INFO  [22] com.example.mqproducer.ProducerWorker - Sent destination=APPQ threadId=22 msg=118 body=[destination=APPQ threadId=22 msg=118]
2026-09-29 16:04:18,104 INFO  [24] com.example.mqproducer.ProducerWorker - Sent destination=APPQ threadId=24 msg=119 body=[destination=APPQ threadId=24 msg=119]
2026-09-29 16:04:18,104 INFO  [25] com.example.mqproducer.ProducerWorker - Sent destination=APPQ threadId=25 msg=119 body=[destination=APPQ threadId=25 msg=119]
2026-09-29 16:04:18,212 INFO  [23] com.example.mqproducer.ProducerWorker - Sent destination=APPQ threadId=23 msg=119 body=[destination=APPQ threadId=23 msg=119]
2026-09-29 16:04:18,216 INFO  [22] com.example.mqproducer.ProducerWorker - Sent destination=APPQ threadId=22 msg=119 body=[destination=APPQ threadId=22 msg=119]
2026-09-29 16:04:19,117 INFO  [25] com.example.mqproducer.ProducerWorker - Sent destination=APPQ threadId=25 msg=120 body=[destination=APPQ threadId=25 msg=120]
2026-09-29 16:04:19,118 INFO  [24] com.example.mqproducer.ProducerWorker - Sent destination=APPQ threadId=24 msg=120 body=[destination=APPQ threadId=24 msg=120]
2026-09-29 16:04:19,227 INFO  [22] com.example.mqproducer.ProducerWorker - Sent destination=APPQ threadId=22 msg=120 body=[destination=APPQ threadId=22 msg=120]
2026-09-29 16:04:19,227 INFO  [23] com.example.mqproducer.ProducerWorker - Sent destination=APPQ threadId=23 msg=120 body=[destination=APPQ threadId=23 msg=120]
2026-09-29 16:04:20,121 INFO  [25] com.example.mqproducer.ProducerWorker - Sent destination=APPQ threadId=25 msg=121 body=[destination=APPQ threadId=25 msg=121]
2026-09-29 16:04:20,121 INFO  [24] com.example.mqproducer.ProducerWorker - Sent destination=APPQ threadId=24 msg=121 body=[destination=APPQ threadId=24 msg=121]
2026-09-29 16:04:20,242 INFO  [22] com.example.mqproducer.ProducerWorker - Sent destination=APPQ threadId=22 msg=121 body=[destination=APPQ threadId=22 msg=121]
2026-09-29 16:04:20,242 INFO  [23] com.example.mqproducer.ProducerWorker - Sent destination=APPQ threadId=23 msg=121 body=[destination=APPQ threadId=23 msg=121]
2026-09-29 16:04:21,135 INFO  [25] com.example.mqproducer.ProducerWorker - Sent destination=APPQ threadId=25 msg=122 body=[destination=APPQ threadId=25 msg=122]
2026-09-29 16:04:21,135 INFO  [24] com.example.mqproducer.ProducerWorker - Sent destination=APPQ threadId=24 msg=122 body=[destination=APPQ threadId=24 msg=122]
2026-09-29 16:04:21,259 INFO  [22] com.example.mqproducer.ProducerWorker - Sent destination=APPQ threadId=22 msg=122 body=[destination=APPQ threadId=22 msg=122]
2026-09-29 16:04:21,260 INFO  [23] com.example.mqproducer.ProducerWorker - Sent destination=APPQ threadId=23 msg=122 body=[destination=APPQ threadId=23 msg=122]
2026-09-29 16:04:22,139 INFO  [25] com.example.mqproducer.ProducerWorker - Sent destination=APPQ threadId=25 msg=123 body=[destination=APPQ threadId=25 msg=123]
2026-09-29 16:04:22,139 INFO  [24] com.example.mqproducer.ProducerWorker - Sent destination=APPQ threadId=24 msg=123 body=[destination=APPQ threadId=24 msg=123]
2026-09-29 16:04:22,276 INFO  [23] com.example.mqproducer.ProducerWorker - Sent destination=APPQ threadId=23 msg=123 body=[destination=APPQ threadId=23 msg=123]
2026-09-29 16:04:22,276 INFO  [22] com.example.mqproducer.ProducerWorker - Sent destination=APPQ threadId=22 msg=123 body=[destination=APPQ threadId=22 msg=123]
2026-09-29 16:04:23,147 INFO  [25] com.example.mqproducer.ProducerWorker - Sent destination=APPQ threadId=25 msg=124 body=[destination=APPQ threadId=25 msg=124]
2026-09-29 16:04:23,148 INFO  [24] com.example.mqproducer.ProducerWorker - Sent destination=APPQ threadId=24 msg=124 body=[destination=APPQ threadId=24 msg=124]
2026-09-29 16:04:23,293 INFO  [23] com.example.mqproducer.ProducerWorker - Sent destination=APPQ threadId=23 msg=124 body=[destination=APPQ threadId=23 msg=124]
2026-09-29 16:04:23,293 INFO  [22] com.example.mqproducer.ProducerWorker - Sent destination=APPQ threadId=22 msg=124 body=[destination=APPQ threadId=22 msg=124]
2026-09-29 16:04:24,152 INFO  [24] com.example.mqproducer.ProducerWorker - Sent destination=APPQ threadId=24 msg=125 body=[destination=APPQ threadId=24 msg=125]
2026-09-29 16:04:24,152 INFO  [25] com.example.mqproducer.ProducerWorker - Sent destination=APPQ threadId=25 msg=125 body=[destination=APPQ threadId=25 msg=125]
2026-09-29 16:04:24,304 INFO  [23] com.example.mqproducer.ProducerWorker - Sent destination=APPQ threadId=23 msg=125 body=[destination=APPQ threadId=23 msg=125]
2026-09-29 16:04:24,306 INFO  [22] com.example.mqproducer.ProducerWorker - Sent destination=APPQ threadId=22 msg=125 body=[destination=APPQ threadId=22 msg=125]
2026-09-29 16:04:25,168 INFO  [25] com.example.mqproducer.ProducerWorker - Sent destination=APPQ threadId=25 msg=126 body=[destination=APPQ threadId=25 msg=126]
2026-09-29 16:04:25,168 INFO  [24] com.example.mqproducer.ProducerWorker - Sent destination=APPQ threadId=24 msg=126 body=[destination=APPQ threadId=24 msg=126]
2026-09-29 16:04:25,309 INFO  [23] com.example.mqproducer.ProducerWorker - Sent destination=APPQ threadId=23 msg=126 body=[destination=APPQ threadId=23 msg=126]
2026-09-29 16:04:25,323 INFO  [22] com.example.mqproducer.ProducerWorker - Sent destination=APPQ threadId=22 msg=126 body=[destination=APPQ threadId=22 msg=126]
2026-09-29 16:04:26,182 INFO  [25] com.example.mqproducer.ProducerWorker - Sent destination=APPQ threadId=25 msg=127 body=[destination=APPQ threadId=25 msg=127]
2026-09-29 16:04:26,184 INFO  [24] com.example.mqproducer.ProducerWorker - Sent destination=APPQ threadId=24 msg=127 body=[destination=APPQ threadId=24 msg=127]
2026-09-29 16:04:26,324 INFO  [23] com.example.mqproducer.ProducerWorker - Sent destination=APPQ threadId=23 msg=127 body=[destination=APPQ threadId=23 msg=127]
2026-09-29 16:04:26,336 INFO  [22] com.example.mqproducer.ProducerWorker - Sent destination=APPQ threadId=22 msg=127 body=[destination=APPQ threadId=22 msg=127]
2026-09-29 16:04:27,194 INFO  [24] com.example.mqproducer.ProducerWorker - Sent destination=APPQ threadId=24 msg=128 body=[destination=APPQ threadId=24 msg=128]
2026-09-29 16:04:27,196 INFO  [25] com.example.mqproducer.ProducerWorker - Sent destination=APPQ threadId=25 msg=128 body=[destination=APPQ threadId=25 msg=128]
2026-09-29 16:04:27,336 INFO  [23] com.example.mqproducer.ProducerWorker - Sent destination=APPQ threadId=23 msg=128 body=[destination=APPQ threadId=23 msg=128]
2026-09-29 16:04:27,350 INFO  [22] com.example.mqproducer.ProducerWorker - Sent destination=APPQ threadId=22 msg=128 body=[destination=APPQ threadId=22 msg=128]
2026-09-29 16:04:28,203 INFO  [24] com.example.mqproducer.ProducerWorker - Sent destination=APPQ threadId=24 msg=129 body=[destination=APPQ threadId=24 msg=129]
2026-09-29 16:04:28,203 INFO  [25] com.example.mqproducer.ProducerWorker - Sent destination=APPQ threadId=25 msg=129 body=[destination=APPQ threadId=25 msg=129]
2026-09-29 16:04:28,357 INFO  [22] com.example.mqproducer.ProducerWorker - Sent destination=APPQ threadId=22 msg=129 body=[destination=APPQ threadId=22 msg=129]
2026-09-29 16:04:28,357 INFO  [23] com.example.mqproducer.ProducerWorker - Sent destination=APPQ threadId=23 msg=129 body=[destination=APPQ threadId=23 msg=129]
2026-09-29 16:04:29,213 INFO  [25] com.example.mqproducer.ProducerWorker - Sent destination=APPQ threadId=25 msg=130 body=[destination=APPQ threadId=25 msg=130]
2026-09-29 16:04:29,213 INFO  [24] com.example.mqproducer.ProducerWorker - Sent destination=APPQ threadId=24 msg=130 body=[destination=APPQ threadId=24 msg=130]
2026-09-29 16:04:29,367 INFO  [23] com.example.mqproducer.ProducerWorker - Sent destination=APPQ threadId=23 msg=130 body=[destination=APPQ threadId=23 msg=130]
2026-09-29 16:04:29,367 INFO  [22] com.example.mqproducer.ProducerWorker - Sent destination=APPQ threadId=22 msg=130 body=[destination=APPQ threadId=22 msg=130]
2026-09-29 16:04:30,227 INFO  [25] com.example.mqproducer.ProducerWorker - Sent destination=APPQ threadId=25 msg=131 body=[destination=APPQ threadId=25 msg=131]
2026-09-29 16:04:30,227 INFO  [24] com.example.mqproducer.ProducerWorker - Sent destination=APPQ threadId=24 msg=131 body=[destination=APPQ threadId=24 msg=131]
2026-09-29 16:04:30,371 INFO  [23] com.example.mqproducer.ProducerWorker - Sent destination=APPQ threadId=23 msg=131 body=[destination=APPQ threadId=23 msg=131]
2026-09-29 16:04:30,371 INFO  [22] com.example.mqproducer.ProducerWorker - Sent destination=APPQ threadId=22 msg=131 body=[destination=APPQ threadId=22 msg=131]
2026-09-29 16:04:31,232 INFO  [24] com.example.mqproducer.ProducerWorker - Sent destination=APPQ threadId=24 msg=132 body=[destination=APPQ threadId=24 msg=132]
2026-09-29 16:04:31,232 INFO  [25] com.example.mqproducer.ProducerWorker - Sent destination=APPQ threadId=25 msg=132 body=[destination=APPQ threadId=25 msg=132]
2026-09-29 16:04:31,386 INFO  [22] com.example.mqproducer.ProducerWorker - Sent destination=APPQ threadId=22 msg=132 body=[destination=APPQ threadId=22 msg=132]
2026-09-29 16:04:31,386 INFO  [23] com.example.mqproducer.ProducerWorker - Sent destination=APPQ threadId=23 msg=132 body=[destination=APPQ threadId=23 msg=132]
2026-09-29 16:04:32,236 INFO  [25] com.example.mqproducer.ProducerWorker - Sent destination=APPQ threadId=25 msg=133 body=[destination=APPQ threadId=25 msg=133]
2026-09-29 16:04:32,237 INFO  [24] com.example.mqproducer.ProducerWorker - Sent destination=APPQ threadId=24 msg=133 body=[destination=APPQ threadId=24 msg=133]
2026-09-29 16:04:32,399 INFO  [22] com.example.mqproducer.ProducerWorker - Sent destination=APPQ threadId=22 msg=133 body=[destination=APPQ threadId=22 msg=133]
2026-09-29 16:04:32,399 INFO  [23] com.example.mqproducer.ProducerWorker - Sent destination=APPQ threadId=23 msg=133 body=[destination=APPQ threadId=23 msg=133]
2026-09-29 16:04:33,241 INFO  [25] com.example.mqproducer.ProducerWorker - Sent destination=APPQ threadId=25 msg=134 body=[destination=APPQ threadId=25 msg=134]
2026-09-29 16:04:33,241 INFO  [24] com.example.mqproducer.ProducerWorker - Sent destination=APPQ threadId=24 msg=134 body=[destination=APPQ threadId=24 msg=134]
2026-09-29 16:04:33,402 INFO  [22] com.example.mqproducer.ProducerWorker - Sent destination=APPQ threadId=22 msg=134 body=[destination=APPQ threadId=22 msg=134]
2026-09-29 16:04:33,404 INFO  [23] com.example.mqproducer.ProducerWorker - Sent destination=APPQ threadId=23 msg=134 body=[destination=APPQ threadId=23 msg=134]
2026-09-29 16:04:34,258 INFO  [25] com.example.mqproducer.ProducerWorker - Sent destination=APPQ threadId=25 msg=135 body=[destination=APPQ threadId=25 msg=135]
2026-09-29 16:04:34,258 INFO  [24] com.example.mqproducer.ProducerWorker - Sent destination=APPQ threadId=24 msg=135 body=[destination=APPQ threadId=24 msg=135]
2026-09-29 16:04:34,417 INFO  [23] com.example.mqproducer.ProducerWorker - Sent destination=APPQ threadId=23 msg=135 body=[destination=APPQ threadId=23 msg=135]
2026-09-29 16:04:34,418 INFO  [22] com.example.mqproducer.ProducerWorker - Sent destination=APPQ threadId=22 msg=135 body=[destination=APPQ threadId=22 msg=135]
2026-09-29 16:04:35,268 INFO  [24] com.example.mqproducer.ProducerWorker - Sent destination=APPQ threadId=24 msg=136 body=[destination=APPQ threadId=24 msg=136]
2026-09-29 16:04:35,270 INFO  [25] com.example.mqproducer.ProducerWorker - Sent destination=APPQ threadId=25 msg=136 body=[destination=APPQ threadId=25 msg=136]
2026-09-29 16:04:35,432 INFO  [23] com.example.mqproducer.ProducerWorker - Sent destination=APPQ threadId=23 msg=136 body=[destination=APPQ threadId=23 msg=136]
2026-09-29 16:04:35,432 INFO  [22] com.example.mqproducer.ProducerWorker - Sent destination=APPQ threadId=22 msg=136 body=[destination=APPQ threadId=22 msg=136]
2026-09-29 16:04:36,275 INFO  [24] com.example.mqproducer.ProducerWorker - Sent destination=APPQ threadId=24 msg=137 body=[destination=APPQ threadId=24 msg=137]
2026-09-29 16:04:36,275 INFO  [25] com.example.mqproducer.ProducerWorker - Sent destination=APPQ threadId=25 msg=137 body=[destination=APPQ threadId=25 msg=137]
2026-09-29 16:04:36,448 INFO  [23] com.example.mqproducer.ProducerWorker - Sent destination=APPQ threadId=23 msg=137 body=[destination=APPQ threadId=23 msg=137]
2026-09-29 16:04:36,448 INFO  [22] com.example.mqproducer.ProducerWorker - Sent destination=APPQ threadId=22 msg=137 body=[destination=APPQ threadId=22 msg=137]
2026-09-29 16:04:37,291 INFO  [25] com.example.mqproducer.ProducerWorker - Sent destination=APPQ threadId=25 msg=138 body=[destination=APPQ threadId=25 msg=138]
2026-09-29 16:04:37,292 INFO  [24] com.example.mqproducer.ProducerWorker - Sent destination=APPQ threadId=24 msg=138 body=[destination=APPQ threadId=24 msg=138]
2026-09-29 16:04:37,451 INFO  [23] com.example.mqproducer.ProducerWorker - Sent destination=APPQ threadId=23 msg=138 body=[destination=APPQ threadId=23 msg=138]
2026-09-29 16:04:37,452 INFO  [22] com.example.mqproducer.ProducerWorker - Sent destination=APPQ threadId=22 msg=138 body=[destination=APPQ threadId=22 msg=138]
2026-09-29 16:04:38,301 INFO  [24] com.example.mqproducer.ProducerWorker - Sent destination=APPQ threadId=24 msg=139 body=[destination=APPQ threadId=24 msg=139]
2026-09-29 16:04:38,301 INFO  [25] com.example.mqproducer.ProducerWorker - Sent destination=APPQ threadId=25 msg=139 body=[destination=APPQ threadId=25 msg=139]
2026-09-29 16:04:38,462 INFO  [22] com.example.mqproducer.ProducerWorker - Sent destination=APPQ threadId=22 msg=139 body=[destination=APPQ threadId=22 msg=139]
2026-09-29 16:04:38,463 INFO  [23] com.example.mqproducer.ProducerWorker - Sent destination=APPQ threadId=23 msg=139 body=[destination=APPQ threadId=23 msg=139]
2026-09-29 16:04:39,305 INFO  [24] com.example.mqproducer.ProducerWorker - Sent destination=APPQ threadId=24 msg=140 body=[destination=APPQ threadId=24 msg=140]
2026-09-29 16:04:39,306 INFO  [25] com.example.mqproducer.ProducerWorker - Sent destination=APPQ threadId=25 msg=140 body=[destination=APPQ threadId=25 msg=140]
2026-09-29 16:04:39,476 INFO  [23] com.example.mqproducer.ProducerWorker - Sent destination=APPQ threadId=23 msg=140 body=[destination=APPQ threadId=23 msg=140]
2026-09-29 16:04:39,477 INFO  [22] com.example.mqproducer.ProducerWorker - Sent destination=APPQ threadId=22 msg=140 body=[destination=APPQ threadId=22 msg=140]
2026-09-29 16:04:40,310 INFO  [24] com.example.mqproducer.ProducerWorker - Sent destination=APPQ threadId=24 msg=141 body=[destination=APPQ threadId=24 msg=141]
2026-09-29 16:04:40,324 INFO  [25] com.example.mqproducer.ProducerWorker - Sent destination=APPQ threadId=25 msg=141 body=[destination=APPQ threadId=25 msg=141]
2026-09-29 16:04:40,479 INFO  [23] com.example.mqproducer.ProducerWorker - Sent destination=APPQ threadId=23 msg=141 body=[destination=APPQ threadId=23 msg=141]
2026-09-29 16:04:40,494 INFO  [22] com.example.mqproducer.ProducerWorker - Sent destination=APPQ threadId=22 msg=141 body=[destination=APPQ threadId=22 msg=141]
2026-09-29 16:04:41,320 INFO  [24] com.example.mqproducer.ProducerWorker - Sent destination=APPQ threadId=24 msg=142 body=[destination=APPQ threadId=24 msg=142]
2026-09-29 16:04:41,335 INFO  [25] com.example.mqproducer.ProducerWorker - Sent destination=APPQ threadId=25 msg=142 body=[destination=APPQ threadId=25 msg=142]
2026-09-29 16:04:41,491 INFO  [23] com.example.mqproducer.ProducerWorker - Sent destination=APPQ threadId=23 msg=142 body=[destination=APPQ threadId=23 msg=142]
2026-09-29 16:04:41,508 INFO  [22] com.example.mqproducer.ProducerWorker - Sent destination=APPQ threadId=22 msg=142 body=[destination=APPQ threadId=22 msg=142]
2026-09-29 16:04:42,336 INFO  [24] com.example.mqproducer.ProducerWorker - Sent destination=APPQ threadId=24 msg=143 body=[destination=APPQ threadId=24 msg=143]
2026-09-29 16:04:42,350 INFO  [25] com.example.mqproducer.ProducerWorker - Sent destination=APPQ threadId=25 msg=143 body=[destination=APPQ threadId=25 msg=143]
2026-09-29 16:04:42,493 INFO  [23] com.example.mqproducer.ProducerWorker - Sent destination=APPQ threadId=23 msg=143 body=[destination=APPQ threadId=23 msg=143]
2026-09-29 16:04:42,526 INFO  [22] com.example.mqproducer.ProducerWorker - Sent destination=APPQ threadId=22 msg=143 body=[destination=APPQ threadId=22 msg=143]
2026-09-29 16:04:43,353 INFO  [24] com.example.mqproducer.ProducerWorker - Sent destination=APPQ threadId=24 msg=144 body=[destination=APPQ threadId=24 msg=144]
2026-09-29 16:04:43,367 INFO  [25] com.example.mqproducer.ProducerWorker - Sent destination=APPQ threadId=25 msg=144 body=[destination=APPQ threadId=25 msg=144]
2026-09-29 16:04:43,510 INFO  [23] com.example.mqproducer.ProducerWorker - Sent destination=APPQ threadId=23 msg=144 body=[destination=APPQ threadId=23 msg=144]
2026-09-29 16:04:43,541 INFO  [22] com.example.mqproducer.ProducerWorker - Sent destination=APPQ threadId=22 msg=144 body=[destination=APPQ threadId=22 msg=144]
2026-09-29 16:04:44,355 INFO  [24] com.example.mqproducer.ProducerWorker - Sent destination=APPQ threadId=24 msg=145 body=[destination=APPQ threadId=24 msg=145]
2026-09-29 16:04:44,382 INFO  [25] com.example.mqproducer.ProducerWorker - Sent destination=APPQ threadId=25 msg=145 body=[destination=APPQ threadId=25 msg=145]
2026-09-29 16:04:44,522 INFO  [23] com.example.mqproducer.ProducerWorker - Sent destination=APPQ threadId=23 msg=145 body=[destination=APPQ threadId=23 msg=145]
2026-09-29 16:04:44,554 INFO  [22] com.example.mqproducer.ProducerWorker - Sent destination=APPQ threadId=22 msg=145 body=[destination=APPQ threadId=22 msg=145]
2026-09-29 16:04:45,366 INFO  [24] com.example.mqproducer.ProducerWorker - Sent destination=APPQ threadId=24 msg=146 body=[destination=APPQ threadId=24 msg=146]
2026-09-29 16:04:45,397 INFO  [25] com.example.mqproducer.ProducerWorker - Sent destination=APPQ threadId=25 msg=146 body=[destination=APPQ threadId=25 msg=146]
2026-09-29 16:04:45,538 INFO  [23] com.example.mqproducer.ProducerWorker - Sent destination=APPQ threadId=23 msg=146 body=[destination=APPQ threadId=23 msg=146]
2026-09-29 16:04:45,569 INFO  [22] com.example.mqproducer.ProducerWorker - Sent destination=APPQ threadId=22 msg=146 body=[destination=APPQ threadId=22 msg=146]
2026-09-29 16:04:46,381 INFO  [24] com.example.mqproducer.ProducerWorker - Sent destination=APPQ threadId=24 msg=147 body=[destination=APPQ threadId=24 msg=147]
2026-09-29 16:04:46,399 INFO  [25] com.example.mqproducer.ProducerWorker - Sent destination=APPQ threadId=25 msg=147 body=[destination=APPQ threadId=25 msg=147]
2026-09-29 16:04:46,554 INFO  [23] com.example.mqproducer.ProducerWorker - Sent destination=APPQ threadId=23 msg=147 body=[destination=APPQ threadId=23 msg=147]
2026-09-29 16:04:46,586 INFO  [22] com.example.mqproducer.ProducerWorker - Sent destination=APPQ threadId=22 msg=147 body=[destination=APPQ threadId=22 msg=147]
2026-09-29 16:04:47,385 INFO  [24] com.example.mqproducer.ProducerWorker - Sent destination=APPQ threadId=24 msg=148 body=[destination=APPQ threadId=24 msg=148]
2026-09-29 16:04:47,416 INFO  [25] com.example.mqproducer.ProducerWorker - Sent destination=APPQ threadId=25 msg=148 body=[destination=APPQ threadId=25 msg=148]
2026-09-29 16:04:47,558 INFO  [23] com.example.mqproducer.ProducerWorker - Sent destination=APPQ threadId=23 msg=148 body=[destination=APPQ threadId=23 msg=148]
2026-09-29 16:04:47,589 INFO  [22] com.example.mqproducer.ProducerWorker - Sent destination=APPQ threadId=22 msg=148 body=[destination=APPQ threadId=22 msg=148]
2026-09-29 16:04:48,403 INFO  [24] com.example.mqproducer.ProducerWorker - Sent destination=APPQ threadId=24 msg=149 body=[destination=APPQ threadId=24 msg=149]
2026-09-29 16:04:48,432 INFO  [25] com.example.mqproducer.ProducerWorker - Sent destination=APPQ threadId=25 msg=149 body=[destination=APPQ threadId=25 msg=149]
2026-09-29 16:04:48,571 INFO  [23] com.example.mqproducer.ProducerWorker - Sent destination=APPQ threadId=23 msg=149 body=[destination=APPQ threadId=23 msg=149]
2026-09-29 16:04:48,603 INFO  [22] com.example.mqproducer.ProducerWorker - Sent destination=APPQ threadId=22 msg=149 body=[destination=APPQ threadId=22 msg=149]
2026-09-29 16:04:49,416 INFO  [24] com.example.mqproducer.ProducerWorker - Sent destination=APPQ threadId=24 msg=150 body=[destination=APPQ threadId=24 msg=150]
2026-09-29 16:04:49,444 INFO  [25] com.example.mqproducer.ProducerWorker - Sent destination=APPQ threadId=25 msg=150 body=[destination=APPQ threadId=25 msg=150]
2026-09-29 16:04:49,587 INFO  [23] com.example.mqproducer.ProducerWorker - Sent destination=APPQ threadId=23 msg=150 body=[destination=APPQ threadId=23 msg=150]
2026-09-29 16:04:49,618 INFO  [22] com.example.mqproducer.ProducerWorker - Sent destination=APPQ threadId=22 msg=150 body=[destination=APPQ threadId=22 msg=150]
2026-09-29 16:04:50,435 INFO  [24] com.example.mqproducer.ProducerWorker - Producer thread 24 finished
2026-09-29 16:04:50,461 INFO  [25] com.example.mqproducer.ProducerWorker - Producer thread 25 finished
2026-09-29 16:04:50,603 INFO  [23] com.example.mqproducer.ProducerWorker - Producer thread 23 finished
2026-09-29 16:04:50,635 INFO  [22] com.example.mqproducer.ProducerWorker - Producer thread 22 finished
2026-09-29 16:04:50,637 INFO  [1] com.example.mqproducer.Main - All producer threads finished — 600 messages sent — program exiting
2026-09-29 16:06:11,858 INFO  [1] com.example.mqproducer.Main - Starting MQ producer harness — threads=4  messagesPerThread=150  totalMessages=600  queue=APPQ
2026-09-29 16:06:11,864 INFO  [25] com.example.mqproducer.ProducerWorker - Producer 4 starting
2026-09-29 16:06:11,864 INFO  [23] com.example.mqproducer.ProducerWorker - Producer 2 starting
2026-09-29 16:06:11,864 INFO  [22] com.example.mqproducer.ProducerWorker - Producer 1 starting
2026-09-29 16:06:11,865 INFO  [24] com.example.mqproducer.ProducerWorker - Producer 3 starting
2026-09-29 16:06:11,909 FINER [24] javax.management.mbeanserver - ObjectName = JMImplementation:type=MBeanServerDelegate
2026-09-29 16:06:11,910 FINER [24] javax.management.mbeanserver - name = JMImplementation:type=MBeanServerDelegate
2026-09-29 16:06:11,910 FINER [24] javax.management.mbeanserver - Send create notification of object JMImplementation:type=MBeanServerDelegate
2026-09-29 16:06:11,912 FINER [24] javax.management.mbeanserver - JMX.mbean.registered JMImplementation:type=MBeanServerDelegate
2026-09-29 16:06:11,924 FINER [24] javax.management.misc - Building MBeanInfo for sun.management.RuntimeImpl
2026-09-29 16:06:11,924 FINER [24] javax.management.mbeanserver - ObjectName = java.lang:type=Runtime
2026-09-29 16:06:11,925 FINER [24] javax.management.mbeanserver - name = java.lang:type=Runtime
2026-09-29 16:06:11,925 FINER [24] javax.management.mbeanserver - Send create notification of object java.lang:type=Runtime
2026-09-29 16:06:11,925 FINER [24] javax.management.mbeanserver - JMX.mbean.registered java.lang:type=Runtime
2026-09-29 16:06:11,929 FINER [24] javax.management.misc - Building MBeanInfo for com.sun.management.internal.HotSpotThreadImpl
2026-09-29 16:06:11,929 FINER [24] javax.management.mbeanserver - ObjectName = java.lang:type=Threading
2026-09-29 16:06:11,929 FINER [24] javax.management.mbeanserver - name = java.lang:type=Threading
2026-09-29 16:06:11,929 FINER [24] javax.management.mbeanserver - Send create notification of object java.lang:type=Threading
2026-09-29 16:06:11,929 FINER [24] javax.management.mbeanserver - JMX.mbean.registered java.lang:type=Threading
2026-09-29 16:06:11,937 FINER [24] javax.management.misc - Building MBeanInfo for com.sun.management.internal.OperatingSystemImpl
2026-09-29 16:06:11,938 FINER [24] javax.management.mbeanserver - ObjectName = java.lang:type=OperatingSystem
2026-09-29 16:06:11,938 FINER [24] javax.management.mbeanserver - name = java.lang:type=OperatingSystem
2026-09-29 16:06:11,938 FINER [24] javax.management.mbeanserver - Send create notification of object java.lang:type=OperatingSystem
2026-09-29 16:06:11,938 FINER [24] javax.management.mbeanserver - JMX.mbean.registered java.lang:type=OperatingSystem
2026-09-29 16:06:11,940 FINER [24] javax.management.misc - Building MBeanInfo for sun.management.MemoryManagerImpl
2026-09-29 16:06:11,940 FINER [24] javax.management.mbeanserver - ObjectName = java.lang:name=CodeCacheManager,type=MemoryManager
2026-09-29 16:06:11,940 FINER [24] javax.management.mbeanserver - name = java.lang:name=CodeCacheManager,type=MemoryManager
2026-09-29 16:06:11,941 FINER [24] javax.management.mbeanserver - Send create notification of object java.lang:name=CodeCacheManager,type=MemoryManager
2026-09-29 16:06:11,941 FINER [24] javax.management.mbeanserver - JMX.mbean.registered java.lang:name=CodeCacheManager,type=MemoryManager
2026-09-29 16:06:11,941 FINER [24] javax.management.misc - Building MBeanInfo for sun.management.MemoryManagerImpl
2026-09-29 16:06:11,941 FINER [24] javax.management.mbeanserver - ObjectName = java.lang:name=Metaspace Manager,type=MemoryManager
2026-09-29 16:06:11,941 FINER [24] javax.management.mbeanserver - name = java.lang:name=Metaspace Manager,type=MemoryManager
2026-09-29 16:06:11,941 FINER [24] javax.management.mbeanserver - Send create notification of object java.lang:name=Metaspace Manager,type=MemoryManager
2026-09-29 16:06:11,941 FINER [24] javax.management.mbeanserver - JMX.mbean.registered java.lang:name=Metaspace Manager,type=MemoryManager
2026-09-29 16:06:11,943 FINER [24] javax.management.misc - Building MBeanInfo for sun.management.MemoryPoolImpl
2026-09-29 16:06:11,943 FINER [24] javax.management.mbeanserver - ObjectName = java.lang:name=CodeHeap 'non-nmethods',type=MemoryPool
2026-09-29 16:06:11,943 FINER [24] javax.management.mbeanserver - name = java.lang:name=CodeHeap 'non-nmethods',type=MemoryPool
2026-09-29 16:06:11,943 FINER [24] javax.management.mbeanserver - Send create notification of object java.lang:name=CodeHeap 'non-nmethods',type=MemoryPool
2026-09-29 16:06:11,943 FINER [24] javax.management.mbeanserver - JMX.mbean.registered java.lang:name=CodeHeap 'non-nmethods',type=MemoryPool
2026-09-29 16:06:11,943 FINER [24] javax.management.misc - Building MBeanInfo for sun.management.MemoryPoolImpl
2026-09-29 16:06:11,943 FINER [24] javax.management.mbeanserver - ObjectName = java.lang:name=Metaspace,type=MemoryPool
2026-09-29 16:06:11,943 FINER [24] javax.management.mbeanserver - name = java.lang:name=Metaspace,type=MemoryPool
2026-09-29 16:06:11,943 FINER [24] javax.management.mbeanserver - Send create notification of object java.lang:name=Metaspace,type=MemoryPool
2026-09-29 16:06:11,943 FINER [24] javax.management.mbeanserver - JMX.mbean.registered java.lang:name=Metaspace,type=MemoryPool
2026-09-29 16:06:11,944 FINER [24] javax.management.misc - Building MBeanInfo for sun.management.MemoryPoolImpl
2026-09-29 16:06:11,944 FINER [24] javax.management.mbeanserver - ObjectName = java.lang:name=CodeHeap 'profiled nmethods',type=MemoryPool
2026-09-29 16:06:11,944 FINER [24] javax.management.mbeanserver - name = java.lang:name=CodeHeap 'profiled nmethods',type=MemoryPool
2026-09-29 16:06:11,944 FINER [24] javax.management.mbeanserver - Send create notification of object java.lang:name=CodeHeap 'profiled nmethods',type=MemoryPool
2026-09-29 16:06:11,944 FINER [24] javax.management.mbeanserver - JMX.mbean.registered java.lang:name=CodeHeap 'profiled nmethods',type=MemoryPool
2026-09-29 16:06:11,944 FINER [24] javax.management.misc - Building MBeanInfo for sun.management.MemoryPoolImpl
2026-09-29 16:06:11,944 FINER [24] javax.management.mbeanserver - ObjectName = java.lang:name=Compressed Class Space,type=MemoryPool
2026-09-29 16:06:11,944 FINER [24] javax.management.mbeanserver - name = java.lang:name=Compressed Class Space,type=MemoryPool
2026-09-29 16:06:11,944 FINER [24] javax.management.mbeanserver - Send create notification of object java.lang:name=Compressed Class Space,type=MemoryPool
2026-09-29 16:06:11,944 FINER [24] javax.management.mbeanserver - JMX.mbean.registered java.lang:name=Compressed Class Space,type=MemoryPool
2026-09-29 16:06:11,944 FINER [24] javax.management.misc - Building MBeanInfo for sun.management.MemoryPoolImpl
2026-09-29 16:06:11,944 FINER [24] javax.management.mbeanserver - ObjectName = java.lang:name=G1 Eden Space,type=MemoryPool
2026-09-29 16:06:11,944 FINER [24] javax.management.mbeanserver - name = java.lang:name=G1 Eden Space,type=MemoryPool
2026-09-29 16:06:11,944 FINER [24] javax.management.mbeanserver - Send create notification of object java.lang:name=G1 Eden Space,type=MemoryPool
2026-09-29 16:06:11,945 FINER [24] javax.management.mbeanserver - JMX.mbean.registered java.lang:name=G1 Eden Space,type=MemoryPool
2026-09-29 16:06:11,945 FINER [24] javax.management.misc - Building MBeanInfo for sun.management.MemoryPoolImpl
2026-09-29 16:06:11,945 FINER [24] javax.management.mbeanserver - ObjectName = java.lang:name=G1 Old Gen,type=MemoryPool
2026-09-29 16:06:11,945 FINER [24] javax.management.mbeanserver - name = java.lang:name=G1 Old Gen,type=MemoryPool
2026-09-29 16:06:11,945 FINER [24] javax.management.mbeanserver - Send create notification of object java.lang:name=G1 Old Gen,type=MemoryPool
2026-09-29 16:06:11,945 FINER [24] javax.management.mbeanserver - JMX.mbean.registered java.lang:name=G1 Old Gen,type=MemoryPool
2026-09-29 16:06:11,945 FINER [24] javax.management.misc - Building MBeanInfo for sun.management.MemoryPoolImpl
2026-09-29 16:06:11,945 FINER [24] javax.management.mbeanserver - ObjectName = java.lang:name=G1 Survivor Space,type=MemoryPool
2026-09-29 16:06:11,945 FINER [24] javax.management.mbeanserver - name = java.lang:name=G1 Survivor Space,type=MemoryPool
2026-09-29 16:06:11,945 FINER [24] javax.management.mbeanserver - Send create notification of object java.lang:name=G1 Survivor Space,type=MemoryPool
2026-09-29 16:06:11,945 FINER [24] javax.management.mbeanserver - JMX.mbean.registered java.lang:name=G1 Survivor Space,type=MemoryPool
2026-09-29 16:06:11,945 FINER [24] javax.management.misc - Building MBeanInfo for sun.management.MemoryPoolImpl
2026-09-29 16:06:11,945 FINER [24] javax.management.mbeanserver - ObjectName = java.lang:name=CodeHeap 'non-profiled nmethods',type=MemoryPool
2026-09-29 16:06:11,946 FINER [24] javax.management.mbeanserver - name = java.lang:name=CodeHeap 'non-profiled nmethods',type=MemoryPool
2026-09-29 16:06:11,946 FINER [24] javax.management.mbeanserver - Send create notification of object java.lang:name=CodeHeap 'non-profiled nmethods',type=MemoryPool
2026-09-29 16:06:11,947 FINER [24] javax.management.mbeanserver - JMX.mbean.registered java.lang:name=CodeHeap 'non-profiled nmethods',type=MemoryPool
2026-09-29 16:06:11,947 FINER [24] javax.management.misc - Building MBeanInfo for sun.management.CompilationImpl
2026-09-29 16:06:11,947 FINER [24] javax.management.mbeanserver - ObjectName = java.lang:type=Compilation
2026-09-29 16:06:11,948 FINER [24] javax.management.mbeanserver - name = java.lang:type=Compilation
2026-09-29 16:06:11,948 FINER [24] javax.management.mbeanserver - Send create notification of object java.lang:type=Compilation
2026-09-29 16:06:11,948 FINER [24] javax.management.mbeanserver - JMX.mbean.registered java.lang:type=Compilation
2026-09-29 16:06:11,948 FINER [24] javax.management.misc - Building MBeanInfo for sun.management.MemoryImpl
2026-09-29 16:06:11,948 FINER [24] javax.management.mbeanserver - ObjectName = java.lang:type=Memory
2026-09-29 16:06:11,948 FINER [24] javax.management.mbeanserver - name = java.lang:type=Memory
2026-09-29 16:06:11,948 FINER [24] javax.management.mbeanserver - Send create notification of object java.lang:type=Memory
2026-09-29 16:06:11,949 FINER [24] javax.management.mbeanserver - JMX.mbean.registered java.lang:type=Memory
2026-09-29 16:06:11,950 FINER [24] javax.management.misc - Building MBeanInfo for sun.management.ManagementFactoryHelper$PlatformLoggingImpl
2026-09-29 16:06:11,950 FINER [24] javax.management.mbeanserver - ObjectName = java.util.logging:type=Logging
2026-09-29 16:06:11,950 FINER [24] javax.management.mbeanserver - name = java.util.logging:type=Logging
2026-09-29 16:06:11,950 FINER [24] javax.management.mbeanserver - Send create notification of object java.util.logging:type=Logging
2026-09-29 16:06:11,950 FINER [24] javax.management.mbeanserver - JMX.mbean.registered java.util.logging:type=Logging
2026-09-29 16:06:11,951 FINER [24] javax.management.misc - Building MBeanInfo for sun.management.ClassLoadingImpl
2026-09-29 16:06:11,951 FINER [24] javax.management.mbeanserver - ObjectName = java.lang:type=ClassLoading
2026-09-29 16:06:11,951 FINER [24] javax.management.mbeanserver - name = java.lang:type=ClassLoading
2026-09-29 16:06:11,951 FINER [24] javax.management.mbeanserver - Send create notification of object java.lang:type=ClassLoading
2026-09-29 16:06:11,951 FINER [24] javax.management.mbeanserver - JMX.mbean.registered java.lang:type=ClassLoading
2026-09-29 16:06:11,988 FINER [24] javax.management.mbeanserver - ObjectName = com.sun.management:type=DiagnosticCommand
2026-09-29 16:06:11,989 FINER [24] javax.management.mbeanserver - name = com.sun.management:type=DiagnosticCommand
2026-09-29 16:06:11,989 FINER [24] javax.management.mbeanserver - Send create notification of object com.sun.management:type=DiagnosticCommand
2026-09-29 16:06:11,989 FINER [24] javax.management.mbeanserver - JMX.mbean.registered com.sun.management:type=DiagnosticCommand
2026-09-29 16:06:11,990 FINER [24] javax.management.misc - Building MBeanInfo for com.sun.management.internal.GarbageCollectorExtImpl
2026-09-29 16:06:11,990 FINER [24] javax.management.mbeanserver - ObjectName = java.lang:name=G1 Young Generation,type=GarbageCollector
2026-09-29 16:06:11,990 FINER [24] javax.management.mbeanserver - name = java.lang:name=G1 Young Generation,type=GarbageCollector
2026-09-29 16:06:11,990 FINER [24] javax.management.mbeanserver - Send create notification of object java.lang:name=G1 Young Generation,type=GarbageCollector
2026-09-29 16:06:11,991 FINER [24] javax.management.mbeanserver - JMX.mbean.registered java.lang:name=G1 Young Generation,type=GarbageCollector
2026-09-29 16:06:11,991 FINER [24] javax.management.misc - Building MBeanInfo for com.sun.management.internal.GarbageCollectorExtImpl
2026-09-29 16:06:11,991 FINER [24] javax.management.mbeanserver - ObjectName = java.lang:name=G1 Concurrent GC,type=GarbageCollector
2026-09-29 16:06:11,991 FINER [24] javax.management.mbeanserver - name = java.lang:name=G1 Concurrent GC,type=GarbageCollector
2026-09-29 16:06:11,991 FINER [24] javax.management.mbeanserver - Send create notification of object java.lang:name=G1 Concurrent GC,type=GarbageCollector
2026-09-29 16:06:11,991 FINER [24] javax.management.mbeanserver - JMX.mbean.registered java.lang:name=G1 Concurrent GC,type=GarbageCollector
2026-09-29 16:06:11,991 FINER [24] javax.management.misc - Building MBeanInfo for com.sun.management.internal.GarbageCollectorExtImpl
2026-09-29 16:06:11,991 FINER [24] javax.management.mbeanserver - ObjectName = java.lang:name=G1 Old Generation,type=GarbageCollector
2026-09-29 16:06:11,991 FINER [24] javax.management.mbeanserver - name = java.lang:name=G1 Old Generation,type=GarbageCollector
2026-09-29 16:06:11,991 FINER [24] javax.management.mbeanserver - Send create notification of object java.lang:name=G1 Old Generation,type=GarbageCollector
2026-09-29 16:06:11,991 FINER [24] javax.management.mbeanserver - JMX.mbean.registered java.lang:name=G1 Old Generation,type=GarbageCollector
2026-09-29 16:06:11,992 FINER [24] javax.management.misc - Building MBeanInfo for com.sun.management.internal.HotSpotDiagnostic
2026-09-29 16:06:11,992 FINER [24] javax.management.mbeanserver - ObjectName = com.sun.management:type=HotSpotDiagnostic
2026-09-29 16:06:11,992 FINER [24] javax.management.mbeanserver - name = com.sun.management:type=HotSpotDiagnostic
2026-09-29 16:06:11,992 FINER [24] javax.management.mbeanserver - Send create notification of object com.sun.management:type=HotSpotDiagnostic
2026-09-29 16:06:11,992 FINER [24] javax.management.mbeanserver - JMX.mbean.registered com.sun.management:type=HotSpotDiagnostic
2026-09-29 16:06:11,995 FINER [24] javax.management.misc - Building MBeanInfo for sun.management.ManagementFactoryHelper$1
2026-09-29 16:06:11,995 FINER [24] javax.management.mbeanserver - ObjectName = java.nio:name=mapped,type=BufferPool
2026-09-29 16:06:11,996 FINER [24] javax.management.mbeanserver - name = java.nio:name=mapped,type=BufferPool
2026-09-29 16:06:11,996 FINER [24] javax.management.mbeanserver - Send create notification of object java.nio:name=mapped,type=BufferPool
2026-09-29 16:06:11,996 FINER [24] javax.management.mbeanserver - JMX.mbean.registered java.nio:name=mapped,type=BufferPool
2026-09-29 16:06:11,996 FINER [24] javax.management.misc - Building MBeanInfo for sun.management.ManagementFactoryHelper$1
2026-09-29 16:06:11,996 FINER [24] javax.management.mbeanserver - ObjectName = java.nio:name=direct,type=BufferPool
2026-09-29 16:06:11,996 FINER [24] javax.management.mbeanserver - name = java.nio:name=direct,type=BufferPool
2026-09-29 16:06:11,996 FINER [24] javax.management.mbeanserver - Send create notification of object java.nio:name=direct,type=BufferPool
2026-09-29 16:06:11,996 FINER [24] javax.management.mbeanserver - JMX.mbean.registered java.nio:name=direct,type=BufferPool
2026-09-29 16:06:11,996 FINER [24] javax.management.misc - Building MBeanInfo for sun.management.ManagementFactoryHelper$1
2026-09-29 16:06:11,996 FINER [24] javax.management.mbeanserver - ObjectName = java.nio:name=mapped - 'non-volatile memory',type=BufferPool
2026-09-29 16:06:11,996 FINER [24] javax.management.mbeanserver - name = java.nio:name=mapped - 'non-volatile memory',type=BufferPool
2026-09-29 16:06:11,996 FINER [24] javax.management.mbeanserver - Send create notification of object java.nio:name=mapped - 'non-volatile memory',type=BufferPool
2026-09-29 16:06:11,996 FINER [24] javax.management.mbeanserver - JMX.mbean.registered java.nio:name=mapped - 'non-volatile memory',type=BufferPool
2026-09-29 16:06:12,000 FINER [24] javax.management.misc - Building MBeanInfo for jdk.management.jfr.FlightRecorderMXBeanImpl
2026-09-29 16:06:12,001 FINER [24] javax.management.mbeanserver - ObjectName = jdk.management.jfr:type=FlightRecorder
2026-09-29 16:06:12,001 FINER [24] javax.management.mbeanserver - name = jdk.management.jfr:type=FlightRecorder
2026-09-29 16:06:12,001 FINER [24] javax.management.mbeanserver - Send create notification of object jdk.management.jfr:type=FlightRecorder
2026-09-29 16:06:12,002 FINER [24] javax.management.mbeanserver - JMX.mbean.registered jdk.management.jfr:type=FlightRecorder
2026-09-29 16:06:12,002 FINER [24] javax.management.misc - Building MBeanInfo for com.ibm.msg.client.commonservices.propertystore.PropertyStoreControlImpl
2026-09-29 16:06:12,003 FINER [24] javax.management.mbeanserver - ObjectName = IBM MQ:type=CommonServices,name=PropertyStoreControl
2026-09-29 16:06:12,003 FINER [24] javax.management.mbeanserver - name = IBM MQ:type=CommonServices,name=PropertyStoreControl
2026-09-29 16:06:12,003 FINER [24] javax.management.mbeanserver - Send create notification of object IBM MQ:name=PropertyStoreControl,type=CommonServices
2026-09-29 16:06:12,003 FINER [24] javax.management.mbeanserver - JMX.mbean.registered IBM MQ:type=CommonServices,name=PropertyStoreControl
2026-09-29 16:06:12,029 FINER [24] javax.management.misc - Building MBeanInfo for com.ibm.msg.client.commonservices.propertystore.PropertyStoreControlImpl
2026-09-29 16:06:12,029 FINER [24] javax.management.mbeanserver - ObjectName = IBM MQ:type=CommonServices,name=PropertyStoreControl
2026-09-29 16:06:12,030 FINER [24] javax.management.mbeanserver - name = IBM MQ:type=CommonServices,name=PropertyStoreControl
2026-09-29 16:06:12,532 INFO  [22] com.example.mqproducer.ProducerWorker - Sent destination=APPQ threadId=22 msg=1 body=[destination=APPQ threadId=22 msg=1]
2026-09-29 16:06:12,532 INFO  [23] com.example.mqproducer.ProducerWorker - Sent destination=APPQ threadId=23 msg=1 body=[destination=APPQ threadId=23 msg=1]
2026-09-29 16:06:12,532 INFO  [24] com.example.mqproducer.ProducerWorker - Sent destination=APPQ threadId=24 msg=1 body=[destination=APPQ threadId=24 msg=1]
2026-09-29 16:06:12,548 INFO  [25] com.example.mqproducer.ProducerWorker - Sent destination=APPQ threadId=25 msg=1 body=[destination=APPQ threadId=25 msg=1]
2026-09-29 16:06:13,547 INFO  [22] com.example.mqproducer.ProducerWorker - Sent destination=APPQ threadId=22 msg=2 body=[destination=APPQ threadId=22 msg=2]
2026-09-29 16:06:13,547 INFO  [24] com.example.mqproducer.ProducerWorker - Sent destination=APPQ threadId=24 msg=2 body=[destination=APPQ threadId=24 msg=2]
2026-09-29 16:06:13,547 INFO  [23] com.example.mqproducer.ProducerWorker - Sent destination=APPQ threadId=23 msg=2 body=[destination=APPQ threadId=23 msg=2]
2026-09-29 16:06:13,563 INFO  [25] com.example.mqproducer.ProducerWorker - Sent destination=APPQ threadId=25 msg=2 body=[destination=APPQ threadId=25 msg=2]
2026-09-29 16:06:14,556 INFO  [22] com.example.mqproducer.ProducerWorker - Sent destination=APPQ threadId=22 msg=3 body=[destination=APPQ threadId=22 msg=3]
2026-09-29 16:06:14,556 INFO  [24] com.example.mqproducer.ProducerWorker - Sent destination=APPQ threadId=24 msg=3 body=[destination=APPQ threadId=24 msg=3]
2026-09-29 16:06:14,557 INFO  [23] com.example.mqproducer.ProducerWorker - Sent destination=APPQ threadId=23 msg=3 body=[destination=APPQ threadId=23 msg=3]
2026-09-29 16:06:14,569 INFO  [25] com.example.mqproducer.ProducerWorker - Sent destination=APPQ threadId=25 msg=3 body=[destination=APPQ threadId=25 msg=3]
2026-09-29 16:06:15,572 INFO  [24] com.example.mqproducer.ProducerWorker - Sent destination=APPQ threadId=24 msg=4 body=[destination=APPQ threadId=24 msg=4]
2026-09-29 16:06:15,574 INFO  [23] com.example.mqproducer.ProducerWorker - Sent destination=APPQ threadId=23 msg=4 body=[destination=APPQ threadId=23 msg=4]
2026-09-29 16:06:15,574 INFO  [25] com.example.mqproducer.ProducerWorker - Sent destination=APPQ threadId=25 msg=4 body=[destination=APPQ threadId=25 msg=4]
2026-09-29 16:06:15,574 INFO  [22] com.example.mqproducer.ProducerWorker - Sent destination=APPQ threadId=22 msg=4 body=[destination=APPQ threadId=22 msg=4]
2026-09-29 16:06:16,585 INFO  [22] com.example.mqproducer.ProducerWorker - Sent destination=APPQ threadId=22 msg=5 body=[destination=APPQ threadId=22 msg=5]
2026-09-29 16:06:16,585 INFO  [24] com.example.mqproducer.ProducerWorker - Sent destination=APPQ threadId=24 msg=5 body=[destination=APPQ threadId=24 msg=5]
2026-09-29 16:06:16,587 INFO  [25] com.example.mqproducer.ProducerWorker - Sent destination=APPQ threadId=25 msg=5 body=[destination=APPQ threadId=25 msg=5]
2026-09-29 16:06:16,587 INFO  [23] com.example.mqproducer.ProducerWorker - Sent destination=APPQ threadId=23 msg=5 body=[destination=APPQ threadId=23 msg=5]
2026-09-29 16:06:17,589 INFO  [24] com.example.mqproducer.ProducerWorker - Sent destination=APPQ threadId=24 msg=6 body=[destination=APPQ threadId=24 msg=6]
2026-09-29 16:06:17,589 INFO  [22] com.example.mqproducer.ProducerWorker - Sent destination=APPQ threadId=22 msg=6 body=[destination=APPQ threadId=22 msg=6]
2026-09-29 16:06:17,604 INFO  [25] com.example.mqproducer.ProducerWorker - Sent destination=APPQ threadId=25 msg=6 body=[destination=APPQ threadId=25 msg=6]
2026-09-29 16:06:17,604 INFO  [23] com.example.mqproducer.ProducerWorker - Sent destination=APPQ threadId=23 msg=6 body=[destination=APPQ threadId=23 msg=6]
2026-09-29 16:06:18,606 INFO  [24] com.example.mqproducer.ProducerWorker - Sent destination=APPQ threadId=24 msg=7 body=[destination=APPQ threadId=24 msg=7]
2026-09-29 16:06:18,607 INFO  [22] com.example.mqproducer.ProducerWorker - Sent destination=APPQ threadId=22 msg=7 body=[destination=APPQ threadId=22 msg=7]
2026-09-29 16:06:18,625 INFO  [25] com.example.mqproducer.ProducerWorker - Sent destination=APPQ threadId=25 msg=7 body=[destination=APPQ threadId=25 msg=7]
2026-09-29 16:06:18,626 INFO  [23] com.example.mqproducer.ProducerWorker - Sent destination=APPQ threadId=23 msg=7 body=[destination=APPQ threadId=23 msg=7]
2026-09-29 16:06:19,619 INFO  [22] com.example.mqproducer.ProducerWorker - Sent destination=APPQ threadId=22 msg=8 body=[destination=APPQ threadId=22 msg=8]
2026-09-29 16:06:19,623 INFO  [24] com.example.mqproducer.ProducerWorker - Sent destination=APPQ threadId=24 msg=8 body=[destination=APPQ threadId=24 msg=8]
2026-09-29 16:06:19,641 INFO  [25] com.example.mqproducer.ProducerWorker - Sent destination=APPQ threadId=25 msg=8 body=[destination=APPQ threadId=25 msg=8]
2026-09-29 16:06:19,642 INFO  [23] com.example.mqproducer.ProducerWorker - Sent destination=APPQ threadId=23 msg=8 body=[destination=APPQ threadId=23 msg=8]
2026-09-29 16:06:20,628 INFO  [22] com.example.mqproducer.ProducerWorker - Sent destination=APPQ threadId=22 msg=9 body=[destination=APPQ threadId=22 msg=9]
2026-09-29 16:06:20,640 INFO  [24] com.example.mqproducer.ProducerWorker - Sent destination=APPQ threadId=24 msg=9 body=[destination=APPQ threadId=24 msg=9]
2026-09-29 16:06:20,649 INFO  [23] com.example.mqproducer.ProducerWorker - Sent destination=APPQ threadId=23 msg=9 body=[destination=APPQ threadId=23 msg=9]
2026-09-29 16:06:20,649 INFO  [25] com.example.mqproducer.ProducerWorker - Sent destination=APPQ threadId=25 msg=9 body=[destination=APPQ threadId=25 msg=9]
2026-09-29 16:06:21,634 INFO  [22] com.example.mqproducer.ProducerWorker - Sent destination=APPQ threadId=22 msg=10 body=[destination=APPQ threadId=22 msg=10]
2026-09-29 16:06:21,653 INFO  [24] com.example.mqproducer.ProducerWorker - Sent destination=APPQ threadId=24 msg=10 body=[destination=APPQ threadId=24 msg=10]
2026-09-29 16:06:21,665 INFO  [25] com.example.mqproducer.ProducerWorker - Sent destination=APPQ threadId=25 msg=10 body=[destination=APPQ threadId=25 msg=10]
2026-09-29 16:06:21,665 INFO  [23] com.example.mqproducer.ProducerWorker - Sent destination=APPQ threadId=23 msg=10 body=[destination=APPQ threadId=23 msg=10]
2026-09-29 16:06:22,649 INFO  [22] com.example.mqproducer.ProducerWorker - Sent destination=APPQ threadId=22 msg=11 body=[destination=APPQ threadId=22 msg=11]
2026-09-29 16:06:22,668 INFO  [24] com.example.mqproducer.ProducerWorker - Sent destination=APPQ threadId=24 msg=11 body=[destination=APPQ threadId=24 msg=11]
2026-09-29 16:06:22,682 INFO  [25] com.example.mqproducer.ProducerWorker - Sent destination=APPQ threadId=25 msg=11 body=[destination=APPQ threadId=25 msg=11]
2026-09-29 16:06:22,682 INFO  [23] com.example.mqproducer.ProducerWorker - Sent destination=APPQ threadId=23 msg=11 body=[destination=APPQ threadId=23 msg=11]
2026-09-29 16:06:23,668 INFO  [22] com.example.mqproducer.ProducerWorker - Sent destination=APPQ threadId=22 msg=12 body=[destination=APPQ threadId=22 msg=12]
2026-09-29 16:06:23,687 INFO  [24] com.example.mqproducer.ProducerWorker - Sent destination=APPQ threadId=24 msg=12 body=[destination=APPQ threadId=24 msg=12]
2026-09-29 16:06:23,687 INFO  [23] com.example.mqproducer.ProducerWorker - Sent destination=APPQ threadId=23 msg=12 body=[destination=APPQ threadId=23 msg=12]
2026-09-29 16:06:23,687 INFO  [25] com.example.mqproducer.ProducerWorker - Sent destination=APPQ threadId=25 msg=12 body=[destination=APPQ threadId=25 msg=12]
2026-09-29 16:06:24,683 INFO  [22] com.example.mqproducer.ProducerWorker - Sent destination=APPQ threadId=22 msg=13 body=[destination=APPQ threadId=22 msg=13]
2026-09-29 16:06:24,705 INFO  [23] com.example.mqproducer.ProducerWorker - Sent destination=APPQ threadId=23 msg=13 body=[destination=APPQ threadId=23 msg=13]
2026-09-29 16:06:24,705 INFO  [25] com.example.mqproducer.ProducerWorker - Sent destination=APPQ threadId=25 msg=13 body=[destination=APPQ threadId=25 msg=13]
2026-09-29 16:06:24,705 INFO  [24] com.example.mqproducer.ProducerWorker - Sent destination=APPQ threadId=24 msg=13 body=[destination=APPQ threadId=24 msg=13]
2026-09-29 16:06:25,699 INFO  [22] com.example.mqproducer.ProducerWorker - Sent destination=APPQ threadId=22 msg=14 body=[destination=APPQ threadId=22 msg=14]
2026-09-29 16:06:25,713 INFO  [24] com.example.mqproducer.ProducerWorker - Sent destination=APPQ threadId=24 msg=14 body=[destination=APPQ threadId=24 msg=14]
2026-09-29 16:06:25,714 INFO  [25] com.example.mqproducer.ProducerWorker - Sent destination=APPQ threadId=25 msg=14 body=[destination=APPQ threadId=25 msg=14]
2026-09-29 16:06:25,714 INFO  [23] com.example.mqproducer.ProducerWorker - Sent destination=APPQ threadId=23 msg=14 body=[destination=APPQ threadId=23 msg=14]
2026-09-29 16:06:26,705 INFO  [22] com.example.mqproducer.ProducerWorker - Sent destination=APPQ threadId=22 msg=15 body=[destination=APPQ threadId=22 msg=15]
2026-09-29 16:06:26,731 INFO  [23] com.example.mqproducer.ProducerWorker - Sent destination=APPQ threadId=23 msg=15 body=[destination=APPQ threadId=23 msg=15]
2026-09-29 16:06:26,732 INFO  [25] com.example.mqproducer.ProducerWorker - Sent destination=APPQ threadId=25 msg=15 body=[destination=APPQ threadId=25 msg=15]
2026-09-29 16:06:26,733 INFO  [24] com.example.mqproducer.ProducerWorker - Sent destination=APPQ threadId=24 msg=15 body=[destination=APPQ threadId=24 msg=15]
2026-09-29 16:06:27,715 INFO  [22] com.example.mqproducer.ProducerWorker - Sent destination=APPQ threadId=22 msg=16 body=[destination=APPQ threadId=22 msg=16]
2026-09-29 16:06:27,743 INFO  [24] com.example.mqproducer.ProducerWorker - Sent destination=APPQ threadId=24 msg=16 body=[destination=APPQ threadId=24 msg=16]
2026-09-29 16:06:27,745 INFO  [25] com.example.mqproducer.ProducerWorker - Sent destination=APPQ threadId=25 msg=16 body=[destination=APPQ threadId=25 msg=16]
2026-09-29 16:06:27,745 INFO  [23] com.example.mqproducer.ProducerWorker - Sent destination=APPQ threadId=23 msg=16 body=[destination=APPQ threadId=23 msg=16]
2026-09-29 16:06:28,732 INFO  [22] com.example.mqproducer.ProducerWorker - Sent destination=APPQ threadId=22 msg=17 body=[destination=APPQ threadId=22 msg=17]
2026-09-29 16:06:28,748 INFO  [24] com.example.mqproducer.ProducerWorker - Sent destination=APPQ threadId=24 msg=17 body=[destination=APPQ threadId=24 msg=17]
2026-09-29 16:06:28,763 INFO  [23] com.example.mqproducer.ProducerWorker - Sent destination=APPQ threadId=23 msg=17 body=[destination=APPQ threadId=23 msg=17]
2026-09-29 16:06:28,763 INFO  [25] com.example.mqproducer.ProducerWorker - Sent destination=APPQ threadId=25 msg=17 body=[destination=APPQ threadId=25 msg=17]
2026-09-29 16:06:29,743 INFO  [22] com.example.mqproducer.ProducerWorker - Sent destination=APPQ threadId=22 msg=18 body=[destination=APPQ threadId=22 msg=18]
2026-09-29 16:06:29,762 INFO  [24] com.example.mqproducer.ProducerWorker - Sent destination=APPQ threadId=24 msg=18 body=[destination=APPQ threadId=24 msg=18]
2026-09-29 16:06:29,775 INFO  [25] com.example.mqproducer.ProducerWorker - Sent destination=APPQ threadId=25 msg=18 body=[destination=APPQ threadId=25 msg=18]
2026-09-29 16:06:29,776 INFO  [23] com.example.mqproducer.ProducerWorker - Sent destination=APPQ threadId=23 msg=18 body=[destination=APPQ threadId=23 msg=18]
2026-09-29 16:06:30,760 INFO  [22] com.example.mqproducer.ProducerWorker - Sent destination=APPQ threadId=22 msg=19 body=[destination=APPQ threadId=22 msg=19]
2026-09-29 16:06:30,775 INFO  [24] com.example.mqproducer.ProducerWorker - Sent destination=APPQ threadId=24 msg=19 body=[destination=APPQ threadId=24 msg=19]
2026-09-29 16:06:30,791 INFO  [23] com.example.mqproducer.ProducerWorker - Sent destination=APPQ threadId=23 msg=19 body=[destination=APPQ threadId=23 msg=19]
2026-09-29 16:06:30,795 INFO  [25] com.example.mqproducer.ProducerWorker - Sent destination=APPQ threadId=25 msg=19 body=[destination=APPQ threadId=25 msg=19]
2026-09-29 16:06:31,790 INFO  [24] com.example.mqproducer.ProducerWorker - Sent destination=APPQ threadId=24 msg=20 body=[destination=APPQ threadId=24 msg=20]
2026-09-29 16:06:31,809 INFO  [23] com.example.mqproducer.ProducerWorker - Sent destination=APPQ threadId=23 msg=20 body=[destination=APPQ threadId=23 msg=20]
2026-09-29 16:06:31,809 INFO  [25] com.example.mqproducer.ProducerWorker - Sent destination=APPQ threadId=25 msg=20 body=[destination=APPQ threadId=25 msg=20]
2026-09-29 16:06:31,949 INFO  [22] com.example.mqproducer.ProducerWorker - Sent destination=APPQ threadId=22 msg=20 body=[destination=APPQ threadId=22 msg=20]
2026-09-29 16:06:32,803 INFO  [24] com.example.mqproducer.ProducerWorker - Sent destination=APPQ threadId=24 msg=21 body=[destination=APPQ threadId=24 msg=21]
2026-09-29 16:06:32,817 INFO  [23] com.example.mqproducer.ProducerWorker - Sent destination=APPQ threadId=23 msg=21 body=[destination=APPQ threadId=23 msg=21]
2026-09-29 16:06:32,817 INFO  [25] com.example.mqproducer.ProducerWorker - Sent destination=APPQ threadId=25 msg=21 body=[destination=APPQ threadId=25 msg=21]
2026-09-29 16:06:32,959 INFO  [22] com.example.mqproducer.ProducerWorker - Sent destination=APPQ threadId=22 msg=21 body=[destination=APPQ threadId=22 msg=21]
2026-09-29 16:06:33,810 INFO  [24] com.example.mqproducer.ProducerWorker - Sent destination=APPQ threadId=24 msg=22 body=[destination=APPQ threadId=24 msg=22]
2026-09-29 16:06:33,827 INFO  [25] com.example.mqproducer.ProducerWorker - Sent destination=APPQ threadId=25 msg=22 body=[destination=APPQ threadId=25 msg=22]
2026-09-29 16:06:33,828 INFO  [23] com.example.mqproducer.ProducerWorker - Sent destination=APPQ threadId=23 msg=22 body=[destination=APPQ threadId=23 msg=22]
2026-09-29 16:06:33,967 INFO  [22] com.example.mqproducer.ProducerWorker - Sent destination=APPQ threadId=22 msg=22 body=[destination=APPQ threadId=22 msg=22]
2026-09-29 16:06:34,824 INFO  [24] com.example.mqproducer.ProducerWorker - Sent destination=APPQ threadId=24 msg=23 body=[destination=APPQ threadId=24 msg=23]
2026-09-29 16:06:34,840 INFO  [23] com.example.mqproducer.ProducerWorker - Sent destination=APPQ threadId=23 msg=23 body=[destination=APPQ threadId=23 msg=23]
2026-09-29 16:06:34,840 INFO  [25] com.example.mqproducer.ProducerWorker - Sent destination=APPQ threadId=25 msg=23 body=[destination=APPQ threadId=25 msg=23]
2026-09-29 16:06:34,976 INFO  [22] com.example.mqproducer.ProducerWorker - Sent destination=APPQ threadId=22 msg=23 body=[destination=APPQ threadId=22 msg=23]
2026-09-29 16:06:35,838 INFO  [24] com.example.mqproducer.ProducerWorker - Sent destination=APPQ threadId=24 msg=24 body=[destination=APPQ threadId=24 msg=24]
2026-09-29 16:06:35,853 INFO  [23] com.example.mqproducer.ProducerWorker - Sent destination=APPQ threadId=23 msg=24 body=[destination=APPQ threadId=23 msg=24]
2026-09-29 16:06:35,854 INFO  [25] com.example.mqproducer.ProducerWorker - Sent destination=APPQ threadId=25 msg=24 body=[destination=APPQ threadId=25 msg=24]
2026-09-29 16:06:35,991 INFO  [22] com.example.mqproducer.ProducerWorker - Sent destination=APPQ threadId=22 msg=24 body=[destination=APPQ threadId=22 msg=24]
2026-09-29 16:06:36,854 INFO  [24] com.example.mqproducer.ProducerWorker - Sent destination=APPQ threadId=24 msg=25 body=[destination=APPQ threadId=24 msg=25]
2026-09-29 16:06:36,871 INFO  [25] com.example.mqproducer.ProducerWorker - Sent destination=APPQ threadId=25 msg=25 body=[destination=APPQ threadId=25 msg=25]
2026-09-29 16:06:36,871 INFO  [23] com.example.mqproducer.ProducerWorker - Sent destination=APPQ threadId=23 msg=25 body=[destination=APPQ threadId=23 msg=25]
2026-09-29 16:06:36,997 INFO  [22] com.example.mqproducer.ProducerWorker - Sent destination=APPQ threadId=22 msg=25 body=[destination=APPQ threadId=22 msg=25]
2026-09-29 16:06:37,869 INFO  [24] com.example.mqproducer.ProducerWorker - Sent destination=APPQ threadId=24 msg=26 body=[destination=APPQ threadId=24 msg=26]
2026-09-29 16:06:37,881 INFO  [23] com.example.mqproducer.ProducerWorker - Sent destination=APPQ threadId=23 msg=26 body=[destination=APPQ threadId=23 msg=26]
2026-09-29 16:06:37,881 INFO  [25] com.example.mqproducer.ProducerWorker - Sent destination=APPQ threadId=25 msg=26 body=[destination=APPQ threadId=25 msg=26]
2026-09-29 16:06:38,003 INFO  [22] com.example.mqproducer.ProducerWorker - Sent destination=APPQ threadId=22 msg=26 body=[destination=APPQ threadId=22 msg=26]
2026-09-29 16:06:38,885 INFO  [25] com.example.mqproducer.ProducerWorker - Sent destination=APPQ threadId=25 msg=27 body=[destination=APPQ threadId=25 msg=27]
2026-09-29 16:06:38,885 INFO  [24] com.example.mqproducer.ProducerWorker - Sent destination=APPQ threadId=24 msg=27 body=[destination=APPQ threadId=24 msg=27]
2026-09-29 16:06:38,887 INFO  [23] com.example.mqproducer.ProducerWorker - Sent destination=APPQ threadId=23 msg=27 body=[destination=APPQ threadId=23 msg=27]
2026-09-29 16:06:39,010 INFO  [22] com.example.mqproducer.ProducerWorker - Sent destination=APPQ threadId=22 msg=27 body=[destination=APPQ threadId=22 msg=27]
2026-09-29 16:06:39,900 INFO  [24] com.example.mqproducer.ProducerWorker - Sent destination=APPQ threadId=24 msg=28 body=[destination=APPQ threadId=24 msg=28]
2026-09-29 16:06:39,901 INFO  [25] com.example.mqproducer.ProducerWorker - Sent destination=APPQ threadId=25 msg=28 body=[destination=APPQ threadId=25 msg=28]
2026-09-29 16:06:39,901 INFO  [23] com.example.mqproducer.ProducerWorker - Sent destination=APPQ threadId=23 msg=28 body=[destination=APPQ threadId=23 msg=28]
2026-09-29 16:06:40,023 INFO  [22] com.example.mqproducer.ProducerWorker - Sent destination=APPQ threadId=22 msg=28 body=[destination=APPQ threadId=22 msg=28]
2026-09-29 16:06:40,920 INFO  [24] com.example.mqproducer.ProducerWorker - Sent destination=APPQ threadId=24 msg=29 body=[destination=APPQ threadId=24 msg=29]
2026-09-29 16:06:40,920 INFO  [23] com.example.mqproducer.ProducerWorker - Sent destination=APPQ threadId=23 msg=29 body=[destination=APPQ threadId=23 msg=29]
2026-09-29 16:06:40,920 INFO  [25] com.example.mqproducer.ProducerWorker - Sent destination=APPQ threadId=25 msg=29 body=[destination=APPQ threadId=25 msg=29]
2026-09-29 16:06:41,026 INFO  [22] com.example.mqproducer.ProducerWorker - Sent destination=APPQ threadId=22 msg=29 body=[destination=APPQ threadId=22 msg=29]
2026-09-29 16:06:41,934 INFO  [24] com.example.mqproducer.ProducerWorker - Sent destination=APPQ threadId=24 msg=30 body=[destination=APPQ threadId=24 msg=30]
2026-09-29 16:06:41,934 INFO  [23] com.example.mqproducer.ProducerWorker - Sent destination=APPQ threadId=23 msg=30 body=[destination=APPQ threadId=23 msg=30]
2026-09-29 16:06:41,934 INFO  [25] com.example.mqproducer.ProducerWorker - Sent destination=APPQ threadId=25 msg=30 body=[destination=APPQ threadId=25 msg=30]
2026-09-29 16:06:42,052 INFO  [22] com.example.mqproducer.ProducerWorker - Sent destination=APPQ threadId=22 msg=30 body=[destination=APPQ threadId=22 msg=30]
2026-09-29 16:06:42,950 INFO  [24] com.example.mqproducer.ProducerWorker - Sent destination=APPQ threadId=24 msg=31 body=[destination=APPQ threadId=24 msg=31]
2026-09-29 16:06:42,951 INFO  [23] com.example.mqproducer.ProducerWorker - Sent destination=APPQ threadId=23 msg=31 body=[destination=APPQ threadId=23 msg=31]
2026-09-29 16:06:42,952 INFO  [25] com.example.mqproducer.ProducerWorker - Sent destination=APPQ threadId=25 msg=31 body=[destination=APPQ threadId=25 msg=31]
2026-09-29 16:06:43,054 INFO  [22] com.example.mqproducer.ProducerWorker - Sent destination=APPQ threadId=22 msg=31 body=[destination=APPQ threadId=22 msg=31]
2026-09-29 16:06:43,963 INFO  [24] com.example.mqproducer.ProducerWorker - Sent destination=APPQ threadId=24 msg=32 body=[destination=APPQ threadId=24 msg=32]
2026-09-29 16:06:43,964 INFO  [23] com.example.mqproducer.ProducerWorker - Sent destination=APPQ threadId=23 msg=32 body=[destination=APPQ threadId=23 msg=32]
2026-09-29 16:06:43,964 INFO  [25] com.example.mqproducer.ProducerWorker - Sent destination=APPQ threadId=25 msg=32 body=[destination=APPQ threadId=25 msg=32]
2026-09-29 16:06:44,057 INFO  [22] com.example.mqproducer.ProducerWorker - Sent destination=APPQ threadId=22 msg=32 body=[destination=APPQ threadId=22 msg=32]
2026-09-29 16:06:44,977 INFO  [25] com.example.mqproducer.ProducerWorker - Sent destination=APPQ threadId=25 msg=33 body=[destination=APPQ threadId=25 msg=33]
2026-09-29 16:06:44,977 INFO  [23] com.example.mqproducer.ProducerWorker - Sent destination=APPQ threadId=23 msg=33 body=[destination=APPQ threadId=23 msg=33]
2026-09-29 16:06:44,980 INFO  [24] com.example.mqproducer.ProducerWorker - Sent destination=APPQ threadId=24 msg=33 body=[destination=APPQ threadId=24 msg=33]
2026-09-29 16:06:45,070 INFO  [22] com.example.mqproducer.ProducerWorker - Sent destination=APPQ threadId=22 msg=33 body=[destination=APPQ threadId=22 msg=33]
2026-09-29 16:06:45,992 INFO  [24] com.example.mqproducer.ProducerWorker - Sent destination=APPQ threadId=24 msg=34 body=[destination=APPQ threadId=24 msg=34]
2026-09-29 16:06:45,992 INFO  [23] com.example.mqproducer.ProducerWorker - Sent destination=APPQ threadId=23 msg=34 body=[destination=APPQ threadId=23 msg=34]
2026-09-29 16:06:46,087 INFO  [22] com.example.mqproducer.ProducerWorker - Sent destination=APPQ threadId=22 msg=34 body=[destination=APPQ threadId=22 msg=34]
2026-09-29 16:06:46,142 INFO  [25] com.example.mqproducer.ProducerWorker - Sent destination=APPQ threadId=25 msg=34 body=[destination=APPQ threadId=25 msg=34]
2026-09-29 16:06:47,007 INFO  [23] com.example.mqproducer.ProducerWorker - Sent destination=APPQ threadId=23 msg=35 body=[destination=APPQ threadId=23 msg=35]
2026-09-29 16:06:47,007 INFO  [24] com.example.mqproducer.ProducerWorker - Sent destination=APPQ threadId=24 msg=35 body=[destination=APPQ threadId=24 msg=35]
2026-09-29 16:06:47,101 INFO  [22] com.example.mqproducer.ProducerWorker - Sent destination=APPQ threadId=22 msg=35 body=[destination=APPQ threadId=22 msg=35]
2026-09-29 16:06:47,149 INFO  [25] com.example.mqproducer.ProducerWorker - Sent destination=APPQ threadId=25 msg=35 body=[destination=APPQ threadId=25 msg=35]
2026-09-29 16:06:48,010 INFO  [24] com.example.mqproducer.ProducerWorker - Sent destination=APPQ threadId=24 msg=36 body=[destination=APPQ threadId=24 msg=36]
2026-09-29 16:06:48,012 INFO  [23] com.example.mqproducer.ProducerWorker - Sent destination=APPQ threadId=23 msg=36 body=[destination=APPQ threadId=23 msg=36]
2026-09-29 16:06:48,117 INFO  [22] com.example.mqproducer.ProducerWorker - Sent destination=APPQ threadId=22 msg=36 body=[destination=APPQ threadId=22 msg=36]
2026-09-29 16:06:48,162 INFO  [25] com.example.mqproducer.ProducerWorker - Sent destination=APPQ threadId=25 msg=36 body=[destination=APPQ threadId=25 msg=36]
2026-09-29 16:06:49,023 INFO  [24] com.example.mqproducer.ProducerWorker - Sent destination=APPQ threadId=24 msg=37 body=[destination=APPQ threadId=24 msg=37]
2026-09-29 16:06:49,024 INFO  [23] com.example.mqproducer.ProducerWorker - Sent destination=APPQ threadId=23 msg=37 body=[destination=APPQ threadId=23 msg=37]
2026-09-29 16:06:49,134 INFO  [22] com.example.mqproducer.ProducerWorker - Sent destination=APPQ threadId=22 msg=37 body=[destination=APPQ threadId=22 msg=37]
2026-09-29 16:06:49,168 INFO  [25] com.example.mqproducer.ProducerWorker - Sent destination=APPQ threadId=25 msg=37 body=[destination=APPQ threadId=25 msg=37]
2026-09-29 16:06:50,039 INFO  [23] com.example.mqproducer.ProducerWorker - Sent destination=APPQ threadId=23 msg=38 body=[destination=APPQ threadId=23 msg=38]
2026-09-29 16:06:50,039 INFO  [24] com.example.mqproducer.ProducerWorker - Sent destination=APPQ threadId=24 msg=38 body=[destination=APPQ threadId=24 msg=38]
2026-09-29 16:06:50,140 INFO  [22] com.example.mqproducer.ProducerWorker - Sent destination=APPQ threadId=22 msg=38 body=[destination=APPQ threadId=22 msg=38]
2026-09-29 16:06:50,182 INFO  [25] com.example.mqproducer.ProducerWorker - Sent destination=APPQ threadId=25 msg=38 body=[destination=APPQ threadId=25 msg=38]
2026-09-29 16:06:51,055 INFO  [24] com.example.mqproducer.ProducerWorker - Sent destination=APPQ threadId=24 msg=39 body=[destination=APPQ threadId=24 msg=39]
2026-09-29 16:06:51,055 INFO  [23] com.example.mqproducer.ProducerWorker - Sent destination=APPQ threadId=23 msg=39 body=[destination=APPQ threadId=23 msg=39]
2026-09-29 16:06:51,154 INFO  [22] com.example.mqproducer.ProducerWorker - Sent destination=APPQ threadId=22 msg=39 body=[destination=APPQ threadId=22 msg=39]
2026-09-29 16:06:51,198 INFO  [25] com.example.mqproducer.ProducerWorker - Sent destination=APPQ threadId=25 msg=39 body=[destination=APPQ threadId=25 msg=39]
2026-09-29 16:06:52,072 INFO  [23] com.example.mqproducer.ProducerWorker - Sent destination=APPQ threadId=23 msg=40 body=[destination=APPQ threadId=23 msg=40]
2026-09-29 16:06:52,072 INFO  [24] com.example.mqproducer.ProducerWorker - Sent destination=APPQ threadId=24 msg=40 body=[destination=APPQ threadId=24 msg=40]
2026-09-29 16:06:52,168 INFO  [22] com.example.mqproducer.ProducerWorker - Sent destination=APPQ threadId=22 msg=40 body=[destination=APPQ threadId=22 msg=40]
2026-09-29 16:06:52,212 INFO  [25] com.example.mqproducer.ProducerWorker - Sent destination=APPQ threadId=25 msg=40 body=[destination=APPQ threadId=25 msg=40]
2026-09-29 16:06:53,081 INFO  [23] com.example.mqproducer.ProducerWorker - Sent destination=APPQ threadId=23 msg=41 body=[destination=APPQ threadId=23 msg=41]
2026-09-29 16:06:53,081 INFO  [24] com.example.mqproducer.ProducerWorker - Sent destination=APPQ threadId=24 msg=41 body=[destination=APPQ threadId=24 msg=41]
2026-09-29 16:06:53,176 INFO  [22] com.example.mqproducer.ProducerWorker - Sent destination=APPQ threadId=22 msg=41 body=[destination=APPQ threadId=22 msg=41]
2026-09-29 16:06:53,224 INFO  [25] com.example.mqproducer.ProducerWorker - Sent destination=APPQ threadId=25 msg=41 body=[destination=APPQ threadId=25 msg=41]
2026-09-29 16:06:54,086 INFO  [23] com.example.mqproducer.ProducerWorker - Sent destination=APPQ threadId=23 msg=42 body=[destination=APPQ threadId=23 msg=42]
2026-09-29 16:06:54,086 INFO  [24] com.example.mqproducer.ProducerWorker - Sent destination=APPQ threadId=24 msg=42 body=[destination=APPQ threadId=24 msg=42]
2026-09-29 16:06:54,181 INFO  [22] com.example.mqproducer.ProducerWorker - Sent destination=APPQ threadId=22 msg=42 body=[destination=APPQ threadId=22 msg=42]
2026-09-29 16:06:54,225 INFO  [25] com.example.mqproducer.ProducerWorker - Sent destination=APPQ threadId=25 msg=42 body=[destination=APPQ threadId=25 msg=42]
2026-09-29 16:06:55,104 INFO  [24] com.example.mqproducer.ProducerWorker - Sent destination=APPQ threadId=24 msg=43 body=[destination=APPQ threadId=24 msg=43]
2026-09-29 16:06:55,104 INFO  [23] com.example.mqproducer.ProducerWorker - Sent destination=APPQ threadId=23 msg=43 body=[destination=APPQ threadId=23 msg=43]
2026-09-29 16:06:55,200 INFO  [22] com.example.mqproducer.ProducerWorker - Sent destination=APPQ threadId=22 msg=43 body=[destination=APPQ threadId=22 msg=43]
2026-09-29 16:06:55,232 INFO  [25] com.example.mqproducer.ProducerWorker - Sent destination=APPQ threadId=25 msg=43 body=[destination=APPQ threadId=25 msg=43]
2026-09-29 16:06:56,119 INFO  [24] com.example.mqproducer.ProducerWorker - Sent destination=APPQ threadId=24 msg=44 body=[destination=APPQ threadId=24 msg=44]
2026-09-29 16:06:56,120 INFO  [23] com.example.mqproducer.ProducerWorker - Sent destination=APPQ threadId=23 msg=44 body=[destination=APPQ threadId=23 msg=44]
2026-09-29 16:06:56,214 INFO  [22] com.example.mqproducer.ProducerWorker - Sent destination=APPQ threadId=22 msg=44 body=[destination=APPQ threadId=22 msg=44]
2026-09-29 16:06:56,246 INFO  [25] com.example.mqproducer.ProducerWorker - Sent destination=APPQ threadId=25 msg=44 body=[destination=APPQ threadId=25 msg=44]
2026-09-29 16:06:57,134 INFO  [23] com.example.mqproducer.ProducerWorker - Sent destination=APPQ threadId=23 msg=45 body=[destination=APPQ threadId=23 msg=45]
2026-09-29 16:06:57,136 INFO  [24] com.example.mqproducer.ProducerWorker - Sent destination=APPQ threadId=24 msg=45 body=[destination=APPQ threadId=24 msg=45]
2026-09-29 16:06:57,230 INFO  [22] com.example.mqproducer.ProducerWorker - Sent destination=APPQ threadId=22 msg=45 body=[destination=APPQ threadId=22 msg=45]
2026-09-29 16:06:57,260 INFO  [25] com.example.mqproducer.ProducerWorker - Sent destination=APPQ threadId=25 msg=45 body=[destination=APPQ threadId=25 msg=45]
2026-09-29 16:06:58,151 INFO  [23] com.example.mqproducer.ProducerWorker - Sent destination=APPQ threadId=23 msg=46 body=[destination=APPQ threadId=23 msg=46]
2026-09-29 16:06:58,152 INFO  [24] com.example.mqproducer.ProducerWorker - Sent destination=APPQ threadId=24 msg=46 body=[destination=APPQ threadId=24 msg=46]
2026-09-29 16:06:58,249 INFO  [22] com.example.mqproducer.ProducerWorker - Sent destination=APPQ threadId=22 msg=46 body=[destination=APPQ threadId=22 msg=46]
2026-09-29 16:06:58,274 INFO  [25] com.example.mqproducer.ProducerWorker - Sent destination=APPQ threadId=25 msg=46 body=[destination=APPQ threadId=25 msg=46]
2026-09-29 16:06:59,156 INFO  [23] com.example.mqproducer.ProducerWorker - Sent destination=APPQ threadId=23 msg=47 body=[destination=APPQ threadId=23 msg=47]
2026-09-29 16:06:59,169 INFO  [24] com.example.mqproducer.ProducerWorker - Sent destination=APPQ threadId=24 msg=47 body=[destination=APPQ threadId=24 msg=47]
2026-09-29 16:06:59,260 INFO  [22] com.example.mqproducer.ProducerWorker - Sent destination=APPQ threadId=22 msg=47 body=[destination=APPQ threadId=22 msg=47]
2026-09-29 16:06:59,291 INFO  [25] com.example.mqproducer.ProducerWorker - Sent destination=APPQ threadId=25 msg=47 body=[destination=APPQ threadId=25 msg=47]
2026-09-29 16:07:00,164 INFO  [23] com.example.mqproducer.ProducerWorker - Sent destination=APPQ threadId=23 msg=48 body=[destination=APPQ threadId=23 msg=48]
2026-09-29 16:07:00,180 INFO  [24] com.example.mqproducer.ProducerWorker - Sent destination=APPQ threadId=24 msg=48 body=[destination=APPQ threadId=24 msg=48]
2026-09-29 16:07:00,274 INFO  [22] com.example.mqproducer.ProducerWorker - Sent destination=APPQ threadId=22 msg=48 body=[destination=APPQ threadId=22 msg=48]
2026-09-29 16:07:00,305 INFO  [25] com.example.mqproducer.ProducerWorker - Sent destination=APPQ threadId=25 msg=48 body=[destination=APPQ threadId=25 msg=48]
2026-09-29 16:07:01,169 INFO  [23] com.example.mqproducer.ProducerWorker - Sent destination=APPQ threadId=23 msg=49 body=[destination=APPQ threadId=23 msg=49]
2026-09-29 16:07:01,199 INFO  [24] com.example.mqproducer.ProducerWorker - Sent destination=APPQ threadId=24 msg=49 body=[destination=APPQ threadId=24 msg=49]
2026-09-29 16:07:01,290 INFO  [22] com.example.mqproducer.ProducerWorker - Sent destination=APPQ threadId=22 msg=49 body=[destination=APPQ threadId=22 msg=49]
2026-09-29 16:07:01,322 INFO  [25] com.example.mqproducer.ProducerWorker - Sent destination=APPQ threadId=25 msg=49 body=[destination=APPQ threadId=25 msg=49]
2026-09-29 16:07:02,176 INFO  [23] com.example.mqproducer.ProducerWorker - Sent destination=APPQ threadId=23 msg=50 body=[destination=APPQ threadId=23 msg=50]
2026-09-29 16:07:02,206 INFO  [24] com.example.mqproducer.ProducerWorker - Sent destination=APPQ threadId=24 msg=50 body=[destination=APPQ threadId=24 msg=50]
2026-09-29 16:07:02,302 INFO  [22] com.example.mqproducer.ProducerWorker - Sent destination=APPQ threadId=22 msg=50 body=[destination=APPQ threadId=22 msg=50]
2026-09-29 16:07:02,334 INFO  [25] com.example.mqproducer.ProducerWorker - Sent destination=APPQ threadId=25 msg=50 body=[destination=APPQ threadId=25 msg=50]
2026-09-29 16:07:03,179 INFO  [23] com.example.mqproducer.ProducerWorker - Sent destination=APPQ threadId=23 msg=51 body=[destination=APPQ threadId=23 msg=51]
2026-09-29 16:07:03,210 INFO  [24] com.example.mqproducer.ProducerWorker - Sent destination=APPQ threadId=24 msg=51 body=[destination=APPQ threadId=24 msg=51]
2026-09-29 16:07:03,307 INFO  [22] com.example.mqproducer.ProducerWorker - Sent destination=APPQ threadId=22 msg=51 body=[destination=APPQ threadId=22 msg=51]
2026-09-29 16:07:03,351 INFO  [25] com.example.mqproducer.ProducerWorker - Sent destination=APPQ threadId=25 msg=51 body=[destination=APPQ threadId=25 msg=51]
2026-09-29 16:07:04,197 INFO  [23] com.example.mqproducer.ProducerWorker - Sent destination=APPQ threadId=23 msg=52 body=[destination=APPQ threadId=23 msg=52]
2026-09-29 16:07:04,320 INFO  [22] com.example.mqproducer.ProducerWorker - Sent destination=APPQ threadId=22 msg=52 body=[destination=APPQ threadId=22 msg=52]
2026-09-29 16:07:04,360 INFO  [24] com.example.mqproducer.ProducerWorker - Sent destination=APPQ threadId=24 msg=52 body=[destination=APPQ threadId=24 msg=52]
2026-09-29 16:07:04,370 INFO  [25] com.example.mqproducer.ProducerWorker - Sent destination=APPQ threadId=25 msg=52 body=[destination=APPQ threadId=25 msg=52]
2026-09-29 16:07:05,210 INFO  [23] com.example.mqproducer.ProducerWorker - Sent destination=APPQ threadId=23 msg=53 body=[destination=APPQ threadId=23 msg=53]
2026-09-29 16:07:05,335 INFO  [22] com.example.mqproducer.ProducerWorker - Sent destination=APPQ threadId=22 msg=53 body=[destination=APPQ threadId=22 msg=53]
2026-09-29 16:07:05,366 INFO  [24] com.example.mqproducer.ProducerWorker - Sent destination=APPQ threadId=24 msg=53 body=[destination=APPQ threadId=24 msg=53]
2026-09-29 16:07:05,381 INFO  [25] com.example.mqproducer.ProducerWorker - Sent destination=APPQ threadId=25 msg=53 body=[destination=APPQ threadId=25 msg=53]
2026-09-29 16:07:06,225 INFO  [23] com.example.mqproducer.ProducerWorker - Sent destination=APPQ threadId=23 msg=54 body=[destination=APPQ threadId=23 msg=54]
2026-09-29 16:07:06,338 INFO  [22] com.example.mqproducer.ProducerWorker - Sent destination=APPQ threadId=22 msg=54 body=[destination=APPQ threadId=22 msg=54]
2026-09-29 16:07:06,384 INFO  [25] com.example.mqproducer.ProducerWorker - Sent destination=APPQ threadId=25 msg=54 body=[destination=APPQ threadId=25 msg=54]
2026-09-29 16:07:06,384 INFO  [24] com.example.mqproducer.ProducerWorker - Sent destination=APPQ threadId=24 msg=54 body=[destination=APPQ threadId=24 msg=54]
2026-09-29 16:07:07,230 INFO  [23] com.example.mqproducer.ProducerWorker - Sent destination=APPQ threadId=23 msg=55 body=[destination=APPQ threadId=23 msg=55]
2026-09-29 16:07:07,353 INFO  [22] com.example.mqproducer.ProducerWorker - Sent destination=APPQ threadId=22 msg=55 body=[destination=APPQ threadId=22 msg=55]
2026-09-29 16:07:07,398 INFO  [24] com.example.mqproducer.ProducerWorker - Sent destination=APPQ threadId=24 msg=55 body=[destination=APPQ threadId=24 msg=55]
2026-09-29 16:07:07,399 INFO  [25] com.example.mqproducer.ProducerWorker - Sent destination=APPQ threadId=25 msg=55 body=[destination=APPQ threadId=25 msg=55]
2026-09-29 16:07:08,242 INFO  [23] com.example.mqproducer.ProducerWorker - Sent destination=APPQ threadId=23 msg=56 body=[destination=APPQ threadId=23 msg=56]
2026-09-29 16:07:08,367 INFO  [22] com.example.mqproducer.ProducerWorker - Sent destination=APPQ threadId=22 msg=56 body=[destination=APPQ threadId=22 msg=56]
2026-09-29 16:07:08,414 INFO  [24] com.example.mqproducer.ProducerWorker - Sent destination=APPQ threadId=24 msg=56 body=[destination=APPQ threadId=24 msg=56]
2026-09-29 16:07:08,414 INFO  [25] com.example.mqproducer.ProducerWorker - Sent destination=APPQ threadId=25 msg=56 body=[destination=APPQ threadId=25 msg=56]
2026-09-29 16:07:09,246 INFO  [23] com.example.mqproducer.ProducerWorker - Sent destination=APPQ threadId=23 msg=57 body=[destination=APPQ threadId=23 msg=57]
2026-09-29 16:07:09,387 INFO  [22] com.example.mqproducer.ProducerWorker - Sent destination=APPQ threadId=22 msg=57 body=[destination=APPQ threadId=22 msg=57]
2026-09-29 16:07:09,431 INFO  [25] com.example.mqproducer.ProducerWorker - Sent destination=APPQ threadId=25 msg=57 body=[destination=APPQ threadId=25 msg=57]
2026-09-29 16:07:09,432 INFO  [24] com.example.mqproducer.ProducerWorker - Sent destination=APPQ threadId=24 msg=57 body=[destination=APPQ threadId=24 msg=57]
2026-09-29 16:07:10,260 INFO  [23] com.example.mqproducer.ProducerWorker - Sent destination=APPQ threadId=23 msg=58 body=[destination=APPQ threadId=23 msg=58]
2026-09-29 16:07:10,399 INFO  [22] com.example.mqproducer.ProducerWorker - Sent destination=APPQ threadId=22 msg=58 body=[destination=APPQ threadId=22 msg=58]
2026-09-29 16:07:10,444 INFO  [24] com.example.mqproducer.ProducerWorker - Sent destination=APPQ threadId=24 msg=58 body=[destination=APPQ threadId=24 msg=58]
2026-09-29 16:07:10,445 INFO  [25] com.example.mqproducer.ProducerWorker - Sent destination=APPQ threadId=25 msg=58 body=[destination=APPQ threadId=25 msg=58]
2026-09-29 16:07:11,273 INFO  [23] com.example.mqproducer.ProducerWorker - Sent destination=APPQ threadId=23 msg=59 body=[destination=APPQ threadId=23 msg=59]
2026-09-29 16:07:11,417 INFO  [22] com.example.mqproducer.ProducerWorker - Sent destination=APPQ threadId=22 msg=59 body=[destination=APPQ threadId=22 msg=59]
2026-09-29 16:07:11,450 INFO  [25] com.example.mqproducer.ProducerWorker - Sent destination=APPQ threadId=25 msg=59 body=[destination=APPQ threadId=25 msg=59]
2026-09-29 16:07:11,452 INFO  [24] com.example.mqproducer.ProducerWorker - Sent destination=APPQ threadId=24 msg=59 body=[destination=APPQ threadId=24 msg=59]
2026-09-29 16:07:12,276 INFO  [23] com.example.mqproducer.ProducerWorker - Sent destination=APPQ threadId=23 msg=60 body=[destination=APPQ threadId=23 msg=60]
2026-09-29 16:07:12,432 INFO  [22] com.example.mqproducer.ProducerWorker - Sent destination=APPQ threadId=22 msg=60 body=[destination=APPQ threadId=22 msg=60]
2026-09-29 16:07:12,464 INFO  [24] com.example.mqproducer.ProducerWorker - Sent destination=APPQ threadId=24 msg=60 body=[destination=APPQ threadId=24 msg=60]
2026-09-29 16:07:12,464 INFO  [25] com.example.mqproducer.ProducerWorker - Sent destination=APPQ threadId=25 msg=60 body=[destination=APPQ threadId=25 msg=60]
2026-09-29 16:07:13,291 INFO  [23] com.example.mqproducer.ProducerWorker - Sent destination=APPQ threadId=23 msg=61 body=[destination=APPQ threadId=23 msg=61]
2026-09-29 16:07:13,450 INFO  [22] com.example.mqproducer.ProducerWorker - Sent destination=APPQ threadId=22 msg=61 body=[destination=APPQ threadId=22 msg=61]
2026-09-29 16:07:13,480 INFO  [24] com.example.mqproducer.ProducerWorker - Sent destination=APPQ threadId=24 msg=61 body=[destination=APPQ threadId=24 msg=61]
2026-09-29 16:07:13,481 INFO  [25] com.example.mqproducer.ProducerWorker - Sent destination=APPQ threadId=25 msg=61 body=[destination=APPQ threadId=25 msg=61]
2026-09-29 16:07:14,305 INFO  [23] com.example.mqproducer.ProducerWorker - Sent destination=APPQ threadId=23 msg=62 body=[destination=APPQ threadId=23 msg=62]
2026-09-29 16:07:14,463 INFO  [22] com.example.mqproducer.ProducerWorker - Sent destination=APPQ threadId=22 msg=62 body=[destination=APPQ threadId=22 msg=62]
2026-09-29 16:07:14,495 INFO  [24] com.example.mqproducer.ProducerWorker - Sent destination=APPQ threadId=24 msg=62 body=[destination=APPQ threadId=24 msg=62]
2026-09-29 16:07:14,496 INFO  [25] com.example.mqproducer.ProducerWorker - Sent destination=APPQ threadId=25 msg=62 body=[destination=APPQ threadId=25 msg=62]
2026-09-29 16:07:15,310 INFO  [23] com.example.mqproducer.ProducerWorker - Sent destination=APPQ threadId=23 msg=63 body=[destination=APPQ threadId=23 msg=63]
2026-09-29 16:07:15,482 INFO  [22] com.example.mqproducer.ProducerWorker - Sent destination=APPQ threadId=22 msg=63 body=[destination=APPQ threadId=22 msg=63]
2026-09-29 16:07:15,510 INFO  [25] com.example.mqproducer.ProducerWorker - Sent destination=APPQ threadId=25 msg=63 body=[destination=APPQ threadId=25 msg=63]
2026-09-29 16:07:15,511 INFO  [24] com.example.mqproducer.ProducerWorker - Sent destination=APPQ threadId=24 msg=63 body=[destination=APPQ threadId=24 msg=63]
2026-09-29 16:07:16,325 INFO  [23] com.example.mqproducer.ProducerWorker - Sent destination=APPQ threadId=23 msg=64 body=[destination=APPQ threadId=23 msg=64]
2026-09-29 16:07:16,494 INFO  [22] com.example.mqproducer.ProducerWorker - Sent destination=APPQ threadId=22 msg=64 body=[destination=APPQ threadId=22 msg=64]
2026-09-29 16:07:16,524 INFO  [24] com.example.mqproducer.ProducerWorker - Sent destination=APPQ threadId=24 msg=64 body=[destination=APPQ threadId=24 msg=64]
2026-09-29 16:07:16,524 INFO  [25] com.example.mqproducer.ProducerWorker - Sent destination=APPQ threadId=25 msg=64 body=[destination=APPQ threadId=25 msg=64]
2026-09-29 16:07:17,335 INFO  [23] com.example.mqproducer.ProducerWorker - Sent destination=APPQ threadId=23 msg=65 body=[destination=APPQ threadId=23 msg=65]
2026-09-29 16:07:17,513 INFO  [22] com.example.mqproducer.ProducerWorker - Sent destination=APPQ threadId=22 msg=65 body=[destination=APPQ threadId=22 msg=65]
2026-09-29 16:07:17,542 INFO  [25] com.example.mqproducer.ProducerWorker - Sent destination=APPQ threadId=25 msg=65 body=[destination=APPQ threadId=25 msg=65]
2026-09-29 16:07:17,542 INFO  [24] com.example.mqproducer.ProducerWorker - Sent destination=APPQ threadId=24 msg=65 body=[destination=APPQ threadId=24 msg=65]
2026-09-29 16:07:18,352 INFO  [23] com.example.mqproducer.ProducerWorker - Sent destination=APPQ threadId=23 msg=66 body=[destination=APPQ threadId=23 msg=66]
2026-09-29 16:07:18,527 INFO  [22] com.example.mqproducer.ProducerWorker - Sent destination=APPQ threadId=22 msg=66 body=[destination=APPQ threadId=22 msg=66]
2026-09-29 16:07:18,557 INFO  [24] com.example.mqproducer.ProducerWorker - Sent destination=APPQ threadId=24 msg=66 body=[destination=APPQ threadId=24 msg=66]
2026-09-29 16:07:18,558 INFO  [25] com.example.mqproducer.ProducerWorker - Sent destination=APPQ threadId=25 msg=66 body=[destination=APPQ threadId=25 msg=66]
2026-09-29 16:07:19,354 INFO  [23] com.example.mqproducer.ProducerWorker - Sent destination=APPQ threadId=23 msg=67 body=[destination=APPQ threadId=23 msg=67]
2026-09-29 16:07:19,540 INFO  [22] com.example.mqproducer.ProducerWorker - Sent destination=APPQ threadId=22 msg=67 body=[destination=APPQ threadId=22 msg=67]
2026-09-29 16:07:19,571 INFO  [25] com.example.mqproducer.ProducerWorker - Sent destination=APPQ threadId=25 msg=67 body=[destination=APPQ threadId=25 msg=67]
2026-09-29 16:07:19,572 INFO  [24] com.example.mqproducer.ProducerWorker - Sent destination=APPQ threadId=24 msg=67 body=[destination=APPQ threadId=24 msg=67]
2026-09-29 16:07:20,365 INFO  [23] com.example.mqproducer.ProducerWorker - Sent destination=APPQ threadId=23 msg=68 body=[destination=APPQ threadId=23 msg=68]
2026-09-29 16:07:20,546 INFO  [22] com.example.mqproducer.ProducerWorker - Sent destination=APPQ threadId=22 msg=68 body=[destination=APPQ threadId=22 msg=68]
2026-09-29 16:07:20,588 INFO  [24] com.example.mqproducer.ProducerWorker - Sent destination=APPQ threadId=24 msg=68 body=[destination=APPQ threadId=24 msg=68]
2026-09-29 16:07:20,589 INFO  [25] com.example.mqproducer.ProducerWorker - Sent destination=APPQ threadId=25 msg=68 body=[destination=APPQ threadId=25 msg=68]
2026-09-29 16:07:21,370 INFO  [23] com.example.mqproducer.ProducerWorker - Sent destination=APPQ threadId=23 msg=69 body=[destination=APPQ threadId=23 msg=69]
2026-09-29 16:07:21,559 INFO  [22] com.example.mqproducer.ProducerWorker - Sent destination=APPQ threadId=22 msg=69 body=[destination=APPQ threadId=22 msg=69]
2026-09-29 16:07:21,606 INFO  [24] com.example.mqproducer.ProducerWorker - Sent destination=APPQ threadId=24 msg=69 body=[destination=APPQ threadId=24 msg=69]
2026-09-29 16:07:21,606 INFO  [25] com.example.mqproducer.ProducerWorker - Sent destination=APPQ threadId=25 msg=69 body=[destination=APPQ threadId=25 msg=69]
2026-09-29 16:07:22,386 INFO  [23] com.example.mqproducer.ProducerWorker - Sent destination=APPQ threadId=23 msg=70 body=[destination=APPQ threadId=23 msg=70]
2026-09-29 16:07:22,575 INFO  [22] com.example.mqproducer.ProducerWorker - Sent destination=APPQ threadId=22 msg=70 body=[destination=APPQ threadId=22 msg=70]
2026-09-29 16:07:22,618 INFO  [25] com.example.mqproducer.ProducerWorker - Sent destination=APPQ threadId=25 msg=70 body=[destination=APPQ threadId=25 msg=70]
2026-09-29 16:07:22,618 INFO  [24] com.example.mqproducer.ProducerWorker - Sent destination=APPQ threadId=24 msg=70 body=[destination=APPQ threadId=24 msg=70]
2026-09-29 16:07:23,398 INFO  [23] com.example.mqproducer.ProducerWorker - Sent destination=APPQ threadId=23 msg=71 body=[destination=APPQ threadId=23 msg=71]
2026-09-29 16:07:23,589 INFO  [22] com.example.mqproducer.ProducerWorker - Sent destination=APPQ threadId=22 msg=71 body=[destination=APPQ threadId=22 msg=71]
2026-09-29 16:07:23,626 INFO  [24] com.example.mqproducer.ProducerWorker - Sent destination=APPQ threadId=24 msg=71 body=[destination=APPQ threadId=24 msg=71]
2026-09-29 16:07:23,626 INFO  [25] com.example.mqproducer.ProducerWorker - Sent destination=APPQ threadId=25 msg=71 body=[destination=APPQ threadId=25 msg=71]
2026-09-29 16:07:24,405 INFO  [23] com.example.mqproducer.ProducerWorker - Sent destination=APPQ threadId=23 msg=72 body=[destination=APPQ threadId=23 msg=72]
2026-09-29 16:07:24,604 INFO  [22] com.example.mqproducer.ProducerWorker - Sent destination=APPQ threadId=22 msg=72 body=[destination=APPQ threadId=22 msg=72]
2026-09-29 16:07:24,633 INFO  [25] com.example.mqproducer.ProducerWorker - Sent destination=APPQ threadId=25 msg=72 body=[destination=APPQ threadId=25 msg=72]
2026-09-29 16:07:24,634 INFO  [24] com.example.mqproducer.ProducerWorker - Sent destination=APPQ threadId=24 msg=72 body=[destination=APPQ threadId=24 msg=72]
2026-09-29 16:07:25,413 INFO  [23] com.example.mqproducer.ProducerWorker - Sent destination=APPQ threadId=23 msg=73 body=[destination=APPQ threadId=23 msg=73]
2026-09-29 16:07:25,617 INFO  [22] com.example.mqproducer.ProducerWorker - Sent destination=APPQ threadId=22 msg=73 body=[destination=APPQ threadId=22 msg=73]
2026-09-29 16:07:25,649 INFO  [24] com.example.mqproducer.ProducerWorker - Sent destination=APPQ threadId=24 msg=73 body=[destination=APPQ threadId=24 msg=73]
2026-09-29 16:07:25,649 INFO  [25] com.example.mqproducer.ProducerWorker - Sent destination=APPQ threadId=25 msg=73 body=[destination=APPQ threadId=25 msg=73]
2026-09-29 16:07:26,431 INFO  [23] com.example.mqproducer.ProducerWorker - Sent destination=APPQ threadId=23 msg=74 body=[destination=APPQ threadId=23 msg=74]
2026-09-29 16:07:26,621 INFO  [22] com.example.mqproducer.ProducerWorker - Sent destination=APPQ threadId=22 msg=74 body=[destination=APPQ threadId=22 msg=74]
2026-09-29 16:07:26,652 INFO  [24] com.example.mqproducer.ProducerWorker - Sent destination=APPQ threadId=24 msg=74 body=[destination=APPQ threadId=24 msg=74]
2026-09-29 16:07:26,652 INFO  [25] com.example.mqproducer.ProducerWorker - Sent destination=APPQ threadId=25 msg=74 body=[destination=APPQ threadId=25 msg=74]
2026-09-29 16:07:27,436 INFO  [23] com.example.mqproducer.ProducerWorker - Sent destination=APPQ threadId=23 msg=75 body=[destination=APPQ threadId=23 msg=75]
2026-09-29 16:07:27,636 INFO  [22] com.example.mqproducer.ProducerWorker - Sent destination=APPQ threadId=22 msg=75 body=[destination=APPQ threadId=22 msg=75]
2026-09-29 16:07:27,668 INFO  [25] com.example.mqproducer.ProducerWorker - Sent destination=APPQ threadId=25 msg=75 body=[destination=APPQ threadId=25 msg=75]
2026-09-29 16:07:27,668 INFO  [24] com.example.mqproducer.ProducerWorker - Sent destination=APPQ threadId=24 msg=75 body=[destination=APPQ threadId=24 msg=75]
2026-09-29 16:07:28,449 INFO  [23] com.example.mqproducer.ProducerWorker - Sent destination=APPQ threadId=23 msg=76 body=[destination=APPQ threadId=23 msg=76]
2026-09-29 16:07:28,656 INFO  [22] com.example.mqproducer.ProducerWorker - Sent destination=APPQ threadId=22 msg=76 body=[destination=APPQ threadId=22 msg=76]
2026-09-29 16:07:28,680 INFO  [25] com.example.mqproducer.ProducerWorker - Sent destination=APPQ threadId=25 msg=76 body=[destination=APPQ threadId=25 msg=76]
2026-09-29 16:07:28,682 INFO  [24] com.example.mqproducer.ProducerWorker - Sent destination=APPQ threadId=24 msg=76 body=[destination=APPQ threadId=24 msg=76]
2026-09-29 16:07:29,462 INFO  [23] com.example.mqproducer.ProducerWorker - Sent destination=APPQ threadId=23 msg=77 body=[destination=APPQ threadId=23 msg=77]
2026-09-29 16:07:29,669 INFO  [22] com.example.mqproducer.ProducerWorker - Sent destination=APPQ threadId=22 msg=77 body=[destination=APPQ threadId=22 msg=77]
2026-09-29 16:07:29,699 INFO  [25] com.example.mqproducer.ProducerWorker - Sent destination=APPQ threadId=25 msg=77 body=[destination=APPQ threadId=25 msg=77]
2026-09-29 16:07:29,700 INFO  [24] com.example.mqproducer.ProducerWorker - Sent destination=APPQ threadId=24 msg=77 body=[destination=APPQ threadId=24 msg=77]
2026-09-29 16:07:30,482 INFO  [23] com.example.mqproducer.ProducerWorker - Sent destination=APPQ threadId=23 msg=78 body=[destination=APPQ threadId=23 msg=78]
2026-09-29 16:07:30,681 INFO  [22] com.example.mqproducer.ProducerWorker - Sent destination=APPQ threadId=22 msg=78 body=[destination=APPQ threadId=22 msg=78]
2026-09-29 16:07:30,713 INFO  [24] com.example.mqproducer.ProducerWorker - Sent destination=APPQ threadId=24 msg=78 body=[destination=APPQ threadId=24 msg=78]
2026-09-29 16:07:30,713 INFO  [25] com.example.mqproducer.ProducerWorker - Sent destination=APPQ threadId=25 msg=78 body=[destination=APPQ threadId=25 msg=78]
2026-09-29 16:07:31,495 INFO  [23] com.example.mqproducer.ProducerWorker - Sent destination=APPQ threadId=23 msg=79 body=[destination=APPQ threadId=23 msg=79]
2026-09-29 16:07:31,695 INFO  [22] com.example.mqproducer.ProducerWorker - Sent destination=APPQ threadId=22 msg=79 body=[destination=APPQ threadId=22 msg=79]
2026-09-29 16:07:31,726 INFO  [25] com.example.mqproducer.ProducerWorker - Sent destination=APPQ threadId=25 msg=79 body=[destination=APPQ threadId=25 msg=79]
2026-09-29 16:07:31,726 INFO  [24] com.example.mqproducer.ProducerWorker - Sent destination=APPQ threadId=24 msg=79 body=[destination=APPQ threadId=24 msg=79]
2026-09-29 16:07:32,512 INFO  [23] com.example.mqproducer.ProducerWorker - Sent destination=APPQ threadId=23 msg=80 body=[destination=APPQ threadId=23 msg=80]
2026-09-29 16:07:32,699 INFO  [22] com.example.mqproducer.ProducerWorker - Sent destination=APPQ threadId=22 msg=80 body=[destination=APPQ threadId=22 msg=80]
2026-09-29 16:07:32,744 INFO  [25] com.example.mqproducer.ProducerWorker - Sent destination=APPQ threadId=25 msg=80 body=[destination=APPQ threadId=25 msg=80]
2026-09-29 16:07:32,745 INFO  [24] com.example.mqproducer.ProducerWorker - Sent destination=APPQ threadId=24 msg=80 body=[destination=APPQ threadId=24 msg=80]
2026-09-29 16:07:33,526 INFO  [23] com.example.mqproducer.ProducerWorker - Sent destination=APPQ threadId=23 msg=81 body=[destination=APPQ threadId=23 msg=81]
2026-09-29 16:07:33,713 INFO  [22] com.example.mqproducer.ProducerWorker - Sent destination=APPQ threadId=22 msg=81 body=[destination=APPQ threadId=22 msg=81]
2026-09-29 16:07:33,758 INFO  [24] com.example.mqproducer.ProducerWorker - Sent destination=APPQ threadId=24 msg=81 body=[destination=APPQ threadId=24 msg=81]
2026-09-29 16:07:33,760 INFO  [25] com.example.mqproducer.ProducerWorker - Sent destination=APPQ threadId=25 msg=81 body=[destination=APPQ threadId=25 msg=81]
2026-09-29 16:07:34,529 INFO  [23] com.example.mqproducer.ProducerWorker - Sent destination=APPQ threadId=23 msg=82 body=[destination=APPQ threadId=23 msg=82]
2026-09-29 16:07:34,730 INFO  [22] com.example.mqproducer.ProducerWorker - Sent destination=APPQ threadId=22 msg=82 body=[destination=APPQ threadId=22 msg=82]
2026-09-29 16:07:34,774 INFO  [24] com.example.mqproducer.ProducerWorker - Sent destination=APPQ threadId=24 msg=82 body=[destination=APPQ threadId=24 msg=82]
2026-09-29 16:07:34,774 INFO  [25] com.example.mqproducer.ProducerWorker - Sent destination=APPQ threadId=25 msg=82 body=[destination=APPQ threadId=25 msg=82]
2026-09-29 16:07:35,543 INFO  [23] com.example.mqproducer.ProducerWorker - Sent destination=APPQ threadId=23 msg=83 body=[destination=APPQ threadId=23 msg=83]
2026-09-29 16:07:35,743 INFO  [22] com.example.mqproducer.ProducerWorker - Sent destination=APPQ threadId=22 msg=83 body=[destination=APPQ threadId=22 msg=83]
2026-09-29 16:07:35,792 INFO  [25] com.example.mqproducer.ProducerWorker - Sent destination=APPQ threadId=25 msg=83 body=[destination=APPQ threadId=25 msg=83]
2026-09-29 16:07:35,792 INFO  [24] com.example.mqproducer.ProducerWorker - Sent destination=APPQ threadId=24 msg=83 body=[destination=APPQ threadId=24 msg=83]
2026-09-29 16:07:36,557 INFO  [23] com.example.mqproducer.ProducerWorker - Sent destination=APPQ threadId=23 msg=84 body=[destination=APPQ threadId=23 msg=84]
2026-09-29 16:07:36,764 INFO  [22] com.example.mqproducer.ProducerWorker - Sent destination=APPQ threadId=22 msg=84 body=[destination=APPQ threadId=22 msg=84]
2026-09-29 16:07:36,797 INFO  [24] com.example.mqproducer.ProducerWorker - Sent destination=APPQ threadId=24 msg=84 body=[destination=APPQ threadId=24 msg=84]
2026-09-29 16:07:36,797 INFO  [25] com.example.mqproducer.ProducerWorker - Sent destination=APPQ threadId=25 msg=84 body=[destination=APPQ threadId=25 msg=84]
2026-09-29 16:07:37,573 INFO  [23] com.example.mqproducer.ProducerWorker - Sent destination=APPQ threadId=23 msg=85 body=[destination=APPQ threadId=23 msg=85]
2026-09-29 16:07:37,775 INFO  [22] com.example.mqproducer.ProducerWorker - Sent destination=APPQ threadId=22 msg=85 body=[destination=APPQ threadId=22 msg=85]
2026-09-29 16:07:37,805 INFO  [24] com.example.mqproducer.ProducerWorker - Sent destination=APPQ threadId=24 msg=85 body=[destination=APPQ threadId=24 msg=85]
2026-09-29 16:07:37,807 INFO  [25] com.example.mqproducer.ProducerWorker - Sent destination=APPQ threadId=25 msg=85 body=[destination=APPQ threadId=25 msg=85]
2026-09-29 16:07:38,592 INFO  [23] com.example.mqproducer.ProducerWorker - Sent destination=APPQ threadId=23 msg=86 body=[destination=APPQ threadId=23 msg=86]
2026-09-29 16:07:38,781 INFO  [22] com.example.mqproducer.ProducerWorker - Sent destination=APPQ threadId=22 msg=86 body=[destination=APPQ threadId=22 msg=86]
2026-09-29 16:07:38,811 INFO  [24] com.example.mqproducer.ProducerWorker - Sent destination=APPQ threadId=24 msg=86 body=[destination=APPQ threadId=24 msg=86]
2026-09-29 16:07:38,826 INFO  [25] com.example.mqproducer.ProducerWorker - Sent destination=APPQ threadId=25 msg=86 body=[destination=APPQ threadId=25 msg=86]
2026-09-29 16:07:39,607 INFO  [23] com.example.mqproducer.ProducerWorker - Sent destination=APPQ threadId=23 msg=87 body=[destination=APPQ threadId=23 msg=87]
2026-09-29 16:07:39,796 INFO  [22] com.example.mqproducer.ProducerWorker - Sent destination=APPQ threadId=22 msg=87 body=[destination=APPQ threadId=22 msg=87]
2026-09-29 16:07:39,821 INFO  [24] com.example.mqproducer.ProducerWorker - Sent destination=APPQ threadId=24 msg=87 body=[destination=APPQ threadId=24 msg=87]
2026-09-29 16:07:39,837 INFO  [25] com.example.mqproducer.ProducerWorker - Sent destination=APPQ threadId=25 msg=87 body=[destination=APPQ threadId=25 msg=87]
2026-09-29 16:07:40,618 INFO  [23] com.example.mqproducer.ProducerWorker - Sent destination=APPQ threadId=23 msg=88 body=[destination=APPQ threadId=23 msg=88]
2026-09-29 16:07:40,808 INFO  [22] com.example.mqproducer.ProducerWorker - Sent destination=APPQ threadId=22 msg=88 body=[destination=APPQ threadId=22 msg=88]
2026-09-29 16:07:40,837 INFO  [24] com.example.mqproducer.ProducerWorker - Sent destination=APPQ threadId=24 msg=88 body=[destination=APPQ threadId=24 msg=88]
2026-09-29 16:07:40,852 INFO  [25] com.example.mqproducer.ProducerWorker - Sent destination=APPQ threadId=25 msg=88 body=[destination=APPQ threadId=25 msg=88]
2026-09-29 16:07:41,637 INFO  [23] com.example.mqproducer.ProducerWorker - Sent destination=APPQ threadId=23 msg=89 body=[destination=APPQ threadId=23 msg=89]
2026-09-29 16:07:41,813 INFO  [22] com.example.mqproducer.ProducerWorker - Sent destination=APPQ threadId=22 msg=89 body=[destination=APPQ threadId=22 msg=89]
2026-09-29 16:07:41,851 INFO  [24] com.example.mqproducer.ProducerWorker - Sent destination=APPQ threadId=24 msg=89 body=[destination=APPQ threadId=24 msg=89]
2026-09-29 16:07:41,867 INFO  [25] com.example.mqproducer.ProducerWorker - Sent destination=APPQ threadId=25 msg=89 body=[destination=APPQ threadId=25 msg=89]
2026-09-29 16:07:42,651 INFO  [23] com.example.mqproducer.ProducerWorker - Sent destination=APPQ threadId=23 msg=90 body=[destination=APPQ threadId=23 msg=90]
2026-09-29 16:07:42,824 INFO  [22] com.example.mqproducer.ProducerWorker - Sent destination=APPQ threadId=22 msg=90 body=[destination=APPQ threadId=22 msg=90]
2026-09-29 16:07:42,858 INFO  [24] com.example.mqproducer.ProducerWorker - Sent destination=APPQ threadId=24 msg=90 body=[destination=APPQ threadId=24 msg=90]
2026-09-29 16:07:42,872 INFO  [25] com.example.mqproducer.ProducerWorker - Sent destination=APPQ threadId=25 msg=90 body=[destination=APPQ threadId=25 msg=90]
2026-09-29 16:07:43,655 INFO  [23] com.example.mqproducer.ProducerWorker - Sent destination=APPQ threadId=23 msg=91 body=[destination=APPQ threadId=23 msg=91]
2026-09-29 16:07:43,838 INFO  [22] com.example.mqproducer.ProducerWorker - Sent destination=APPQ threadId=22 msg=91 body=[destination=APPQ threadId=22 msg=91]
2026-09-29 16:07:43,871 INFO  [24] com.example.mqproducer.ProducerWorker - Sent destination=APPQ threadId=24 msg=91 body=[destination=APPQ threadId=24 msg=91]
2026-09-29 16:07:43,887 INFO  [25] com.example.mqproducer.ProducerWorker - Sent destination=APPQ threadId=25 msg=91 body=[destination=APPQ threadId=25 msg=91]
2026-09-29 16:07:44,669 INFO  [23] com.example.mqproducer.ProducerWorker - Sent destination=APPQ threadId=23 msg=92 body=[destination=APPQ threadId=23 msg=92]
2026-09-29 16:07:44,855 INFO  [22] com.example.mqproducer.ProducerWorker - Sent destination=APPQ threadId=22 msg=92 body=[destination=APPQ threadId=22 msg=92]
2026-09-29 16:07:44,886 INFO  [24] com.example.mqproducer.ProducerWorker - Sent destination=APPQ threadId=24 msg=92 body=[destination=APPQ threadId=24 msg=92]
2026-09-29 16:07:44,901 INFO  [25] com.example.mqproducer.ProducerWorker - Sent destination=APPQ threadId=25 msg=92 body=[destination=APPQ threadId=25 msg=92]
2026-09-29 16:07:45,681 INFO  [23] com.example.mqproducer.ProducerWorker - Sent destination=APPQ threadId=23 msg=93 body=[destination=APPQ threadId=23 msg=93]
2026-09-29 16:07:45,871 INFO  [22] com.example.mqproducer.ProducerWorker - Sent destination=APPQ threadId=22 msg=93 body=[destination=APPQ threadId=22 msg=93]
2026-09-29 16:07:45,898 INFO  [24] com.example.mqproducer.ProducerWorker - Sent destination=APPQ threadId=24 msg=93 body=[destination=APPQ threadId=24 msg=93]
2026-09-29 16:07:45,919 INFO  [25] com.example.mqproducer.ProducerWorker - Sent destination=APPQ threadId=25 msg=93 body=[destination=APPQ threadId=25 msg=93]
2026-09-29 16:07:46,696 INFO  [23] com.example.mqproducer.ProducerWorker - Sent destination=APPQ threadId=23 msg=94 body=[destination=APPQ threadId=23 msg=94]
2026-09-29 16:07:46,887 INFO  [22] com.example.mqproducer.ProducerWorker - Sent destination=APPQ threadId=22 msg=94 body=[destination=APPQ threadId=22 msg=94]
2026-09-29 16:07:46,917 INFO  [24] com.example.mqproducer.ProducerWorker - Sent destination=APPQ threadId=24 msg=94 body=[destination=APPQ threadId=24 msg=94]
2026-09-29 16:07:46,933 INFO  [25] com.example.mqproducer.ProducerWorker - Sent destination=APPQ threadId=25 msg=94 body=[destination=APPQ threadId=25 msg=94]
2026-09-29 16:07:47,701 INFO  [23] com.example.mqproducer.ProducerWorker - Sent destination=APPQ threadId=23 msg=95 body=[destination=APPQ threadId=23 msg=95]
2026-09-29 16:07:47,904 INFO  [22] com.example.mqproducer.ProducerWorker - Sent destination=APPQ threadId=22 msg=95 body=[destination=APPQ threadId=22 msg=95]
2026-09-29 16:07:47,930 INFO  [24] com.example.mqproducer.ProducerWorker - Sent destination=APPQ threadId=24 msg=95 body=[destination=APPQ threadId=24 msg=95]
2026-09-29 16:07:47,946 INFO  [25] com.example.mqproducer.ProducerWorker - Sent destination=APPQ threadId=25 msg=95 body=[destination=APPQ threadId=25 msg=95]
2026-09-29 16:07:48,716 INFO  [23] com.example.mqproducer.ProducerWorker - Sent destination=APPQ threadId=23 msg=96 body=[destination=APPQ threadId=23 msg=96]
2026-09-29 16:07:48,918 INFO  [22] com.example.mqproducer.ProducerWorker - Sent destination=APPQ threadId=22 msg=96 body=[destination=APPQ threadId=22 msg=96]
2026-09-29 16:07:48,940 INFO  [24] com.example.mqproducer.ProducerWorker - Sent destination=APPQ threadId=24 msg=96 body=[destination=APPQ threadId=24 msg=96]
2026-09-29 16:07:48,952 INFO  [25] com.example.mqproducer.ProducerWorker - Sent destination=APPQ threadId=25 msg=96 body=[destination=APPQ threadId=25 msg=96]
2026-09-29 16:07:49,732 INFO  [23] com.example.mqproducer.ProducerWorker - Sent destination=APPQ threadId=23 msg=97 body=[destination=APPQ threadId=23 msg=97]
2026-09-29 16:07:49,931 INFO  [22] com.example.mqproducer.ProducerWorker - Sent destination=APPQ threadId=22 msg=97 body=[destination=APPQ threadId=22 msg=97]
2026-09-29 16:07:49,948 INFO  [24] com.example.mqproducer.ProducerWorker - Sent destination=APPQ threadId=24 msg=97 body=[destination=APPQ threadId=24 msg=97]
2026-09-29 16:07:49,961 INFO  [25] com.example.mqproducer.ProducerWorker - Sent destination=APPQ threadId=25 msg=97 body=[destination=APPQ threadId=25 msg=97]
2026-09-29 16:07:50,743 INFO  [23] com.example.mqproducer.ProducerWorker - Sent destination=APPQ threadId=23 msg=98 body=[destination=APPQ threadId=23 msg=98]
2026-09-29 16:07:50,949 INFO  [22] com.example.mqproducer.ProducerWorker - Sent destination=APPQ threadId=22 msg=98 body=[destination=APPQ threadId=22 msg=98]
2026-09-29 16:07:50,961 INFO  [24] com.example.mqproducer.ProducerWorker - Sent destination=APPQ threadId=24 msg=98 body=[destination=APPQ threadId=24 msg=98]
2026-09-29 16:07:50,978 INFO  [25] com.example.mqproducer.ProducerWorker - Sent destination=APPQ threadId=25 msg=98 body=[destination=APPQ threadId=25 msg=98]
2026-09-29 16:07:51,762 INFO  [23] com.example.mqproducer.ProducerWorker - Sent destination=APPQ threadId=23 msg=99 body=[destination=APPQ threadId=23 msg=99]
2026-09-29 16:07:51,961 INFO  [22] com.example.mqproducer.ProducerWorker - Sent destination=APPQ threadId=22 msg=99 body=[destination=APPQ threadId=22 msg=99]
2026-09-29 16:07:51,976 INFO  [24] com.example.mqproducer.ProducerWorker - Sent destination=APPQ threadId=24 msg=99 body=[destination=APPQ threadId=24 msg=99]
2026-09-29 16:07:51,992 INFO  [25] com.example.mqproducer.ProducerWorker - Sent destination=APPQ threadId=25 msg=99 body=[destination=APPQ threadId=25 msg=99]
2026-09-29 16:07:52,776 INFO  [23] com.example.mqproducer.ProducerWorker - Sent destination=APPQ threadId=23 msg=100 body=[destination=APPQ threadId=23 msg=100]
2026-09-29 16:07:52,965 INFO  [22] com.example.mqproducer.ProducerWorker - Sent destination=APPQ threadId=22 msg=100 body=[destination=APPQ threadId=22 msg=100]
2026-09-29 16:07:52,980 INFO  [24] com.example.mqproducer.ProducerWorker - Sent destination=APPQ threadId=24 msg=100 body=[destination=APPQ threadId=24 msg=100]
2026-09-29 16:07:53,008 INFO  [25] com.example.mqproducer.ProducerWorker - Sent destination=APPQ threadId=25 msg=100 body=[destination=APPQ threadId=25 msg=100]
2026-09-29 16:07:53,790 INFO  [23] com.example.mqproducer.ProducerWorker - Sent destination=APPQ threadId=23 msg=101 body=[destination=APPQ threadId=23 msg=101]
2026-09-29 16:07:53,982 INFO  [22] com.example.mqproducer.ProducerWorker - Sent destination=APPQ threadId=22 msg=101 body=[destination=APPQ threadId=22 msg=101]
2026-09-29 16:07:53,994 INFO  [24] com.example.mqproducer.ProducerWorker - Sent destination=APPQ threadId=24 msg=101 body=[destination=APPQ threadId=24 msg=101]
2026-09-29 16:07:54,025 INFO  [25] com.example.mqproducer.ProducerWorker - Sent destination=APPQ threadId=25 msg=101 body=[destination=APPQ threadId=25 msg=101]
2026-09-29 16:07:54,793 INFO  [23] com.example.mqproducer.ProducerWorker - Sent destination=APPQ threadId=23 msg=102 body=[destination=APPQ threadId=23 msg=102]
2026-09-29 16:07:54,993 INFO  [22] com.example.mqproducer.ProducerWorker - Sent destination=APPQ threadId=22 msg=102 body=[destination=APPQ threadId=22 msg=102]
2026-09-29 16:07:55,007 INFO  [24] com.example.mqproducer.ProducerWorker - Sent destination=APPQ threadId=24 msg=102 body=[destination=APPQ threadId=24 msg=102]
2026-09-29 16:07:55,040 INFO  [25] com.example.mqproducer.ProducerWorker - Sent destination=APPQ threadId=25 msg=102 body=[destination=APPQ threadId=25 msg=102]
2026-09-29 16:07:55,807 INFO  [23] com.example.mqproducer.ProducerWorker - Sent destination=APPQ threadId=23 msg=103 body=[destination=APPQ threadId=23 msg=103]
2026-09-29 16:07:56,007 INFO  [22] com.example.mqproducer.ProducerWorker - Sent destination=APPQ threadId=22 msg=103 body=[destination=APPQ threadId=22 msg=103]
2026-09-29 16:07:56,023 INFO  [24] com.example.mqproducer.ProducerWorker - Sent destination=APPQ threadId=24 msg=103 body=[destination=APPQ threadId=24 msg=103]
2026-09-29 16:07:56,055 INFO  [25] com.example.mqproducer.ProducerWorker - Sent destination=APPQ threadId=25 msg=103 body=[destination=APPQ threadId=25 msg=103]
2026-09-29 16:07:56,824 INFO  [23] com.example.mqproducer.ProducerWorker - Sent destination=APPQ threadId=23 msg=104 body=[destination=APPQ threadId=23 msg=104]
2026-09-29 16:07:57,024 INFO  [22] com.example.mqproducer.ProducerWorker - Sent destination=APPQ threadId=22 msg=104 body=[destination=APPQ threadId=22 msg=104]
2026-09-29 16:07:57,039 INFO  [24] com.example.mqproducer.ProducerWorker - Sent destination=APPQ threadId=24 msg=104 body=[destination=APPQ threadId=24 msg=104]
2026-09-29 16:07:57,069 INFO  [25] com.example.mqproducer.ProducerWorker - Sent destination=APPQ threadId=25 msg=104 body=[destination=APPQ threadId=25 msg=104]
2026-09-29 16:07:57,838 INFO  [23] com.example.mqproducer.ProducerWorker - Sent destination=APPQ threadId=23 msg=105 body=[destination=APPQ threadId=23 msg=105]
2026-09-29 16:07:58,037 INFO  [22] com.example.mqproducer.ProducerWorker - Sent destination=APPQ threadId=22 msg=105 body=[destination=APPQ threadId=22 msg=105]
2026-09-29 16:07:58,054 INFO  [24] com.example.mqproducer.ProducerWorker - Sent destination=APPQ threadId=24 msg=105 body=[destination=APPQ threadId=24 msg=105]
2026-09-29 16:07:58,085 INFO  [25] com.example.mqproducer.ProducerWorker - Sent destination=APPQ threadId=25 msg=105 body=[destination=APPQ threadId=25 msg=105]
2026-09-29 16:07:58,854 INFO  [23] com.example.mqproducer.ProducerWorker - Sent destination=APPQ threadId=23 msg=106 body=[destination=APPQ threadId=23 msg=106]
2026-09-29 16:07:59,053 INFO  [22] com.example.mqproducer.ProducerWorker - Sent destination=APPQ threadId=22 msg=106 body=[destination=APPQ threadId=22 msg=106]
2026-09-29 16:07:59,071 INFO  [24] com.example.mqproducer.ProducerWorker - Sent destination=APPQ threadId=24 msg=106 body=[destination=APPQ threadId=24 msg=106]
2026-09-29 16:07:59,102 INFO  [25] com.example.mqproducer.ProducerWorker - Sent destination=APPQ threadId=25 msg=106 body=[destination=APPQ threadId=25 msg=106]
2026-09-29 16:07:59,870 INFO  [23] com.example.mqproducer.ProducerWorker - Sent destination=APPQ threadId=23 msg=107 body=[destination=APPQ threadId=23 msg=107]
2026-09-29 16:08:00,059 INFO  [22] com.example.mqproducer.ProducerWorker - Sent destination=APPQ threadId=22 msg=107 body=[destination=APPQ threadId=22 msg=107]
2026-09-29 16:08:00,074 INFO  [24] com.example.mqproducer.ProducerWorker - Sent destination=APPQ threadId=24 msg=107 body=[destination=APPQ threadId=24 msg=107]
2026-09-29 16:08:00,117 INFO  [25] com.example.mqproducer.ProducerWorker - Sent destination=APPQ threadId=25 msg=107 body=[destination=APPQ threadId=25 msg=107]
2026-09-29 16:08:00,884 INFO  [23] com.example.mqproducer.ProducerWorker - Sent destination=APPQ threadId=23 msg=108 body=[destination=APPQ threadId=23 msg=108]
2026-09-29 16:08:01,069 INFO  [22] com.example.mqproducer.ProducerWorker - Sent destination=APPQ threadId=22 msg=108 body=[destination=APPQ threadId=22 msg=108]
2026-09-29 16:08:01,085 INFO  [24] com.example.mqproducer.ProducerWorker - Sent destination=APPQ threadId=24 msg=108 body=[destination=APPQ threadId=24 msg=108]
2026-09-29 16:08:01,120 INFO  [25] com.example.mqproducer.ProducerWorker - Sent destination=APPQ threadId=25 msg=108 body=[destination=APPQ threadId=25 msg=108]
2026-09-29 16:08:01,899 INFO  [23] com.example.mqproducer.ProducerWorker - Sent destination=APPQ threadId=23 msg=109 body=[destination=APPQ threadId=23 msg=109]
2026-09-29 16:08:02,087 INFO  [22] com.example.mqproducer.ProducerWorker - Sent destination=APPQ threadId=22 msg=109 body=[destination=APPQ threadId=22 msg=109]
2026-09-29 16:08:02,101 INFO  [24] com.example.mqproducer.ProducerWorker - Sent destination=APPQ threadId=24 msg=109 body=[destination=APPQ threadId=24 msg=109]
2026-09-29 16:08:02,137 INFO  [25] com.example.mqproducer.ProducerWorker - Sent destination=APPQ threadId=25 msg=109 body=[destination=APPQ threadId=25 msg=109]
2026-09-29 16:08:02,903 INFO  [23] com.example.mqproducer.ProducerWorker - Sent destination=APPQ threadId=23 msg=110 body=[destination=APPQ threadId=23 msg=110]
2026-09-29 16:08:03,104 INFO  [22] com.example.mqproducer.ProducerWorker - Sent destination=APPQ threadId=22 msg=110 body=[destination=APPQ threadId=22 msg=110]
2026-09-29 16:08:03,117 INFO  [24] com.example.mqproducer.ProducerWorker - Sent destination=APPQ threadId=24 msg=110 body=[destination=APPQ threadId=24 msg=110]
2026-09-29 16:08:03,150 INFO  [25] com.example.mqproducer.ProducerWorker - Sent destination=APPQ threadId=25 msg=110 body=[destination=APPQ threadId=25 msg=110]
2026-09-29 16:08:03,918 INFO  [23] com.example.mqproducer.ProducerWorker - Sent destination=APPQ threadId=23 msg=111 body=[destination=APPQ threadId=23 msg=111]
2026-09-29 16:08:04,118 INFO  [22] com.example.mqproducer.ProducerWorker - Sent destination=APPQ threadId=22 msg=111 body=[destination=APPQ threadId=22 msg=111]
2026-09-29 16:08:04,135 INFO  [24] com.example.mqproducer.ProducerWorker - Sent destination=APPQ threadId=24 msg=111 body=[destination=APPQ threadId=24 msg=111]
2026-09-29 16:08:04,168 INFO  [25] com.example.mqproducer.ProducerWorker - Sent destination=APPQ threadId=25 msg=111 body=[destination=APPQ threadId=25 msg=111]
2026-09-29 16:08:04,934 INFO  [23] com.example.mqproducer.ProducerWorker - Sent destination=APPQ threadId=23 msg=112 body=[destination=APPQ threadId=23 msg=112]
2026-09-29 16:08:05,135 INFO  [22] com.example.mqproducer.ProducerWorker - Sent destination=APPQ threadId=22 msg=112 body=[destination=APPQ threadId=22 msg=112]
2026-09-29 16:08:05,149 INFO  [24] com.example.mqproducer.ProducerWorker - Sent destination=APPQ threadId=24 msg=112 body=[destination=APPQ threadId=24 msg=112]
2026-09-29 16:08:05,181 INFO  [25] com.example.mqproducer.ProducerWorker - Sent destination=APPQ threadId=25 msg=112 body=[destination=APPQ threadId=25 msg=112]
2026-09-29 16:08:05,949 INFO  [23] com.example.mqproducer.ProducerWorker - Sent destination=APPQ threadId=23 msg=113 body=[destination=APPQ threadId=23 msg=113]
2026-09-29 16:08:06,151 INFO  [22] com.example.mqproducer.ProducerWorker - Sent destination=APPQ threadId=22 msg=113 body=[destination=APPQ threadId=22 msg=113]
2026-09-29 16:08:06,155 INFO  [24] com.example.mqproducer.ProducerWorker - Sent destination=APPQ threadId=24 msg=113 body=[destination=APPQ threadId=24 msg=113]
2026-09-29 16:08:06,197 INFO  [25] com.example.mqproducer.ProducerWorker - Sent destination=APPQ threadId=25 msg=113 body=[destination=APPQ threadId=25 msg=113]
2026-09-29 16:08:06,961 INFO  [23] com.example.mqproducer.ProducerWorker - Sent destination=APPQ threadId=23 msg=114 body=[destination=APPQ threadId=23 msg=114]
2026-09-29 16:08:07,168 INFO  [24] com.example.mqproducer.ProducerWorker - Sent destination=APPQ threadId=24 msg=114 body=[destination=APPQ threadId=24 msg=114]
2026-09-29 16:08:07,169 INFO  [22] com.example.mqproducer.ProducerWorker - Sent destination=APPQ threadId=22 msg=114 body=[destination=APPQ threadId=22 msg=114]
2026-09-29 16:08:07,213 INFO  [25] com.example.mqproducer.ProducerWorker - Sent destination=APPQ threadId=25 msg=114 body=[destination=APPQ threadId=25 msg=114]
2026-09-29 16:08:07,976 INFO  [23] com.example.mqproducer.ProducerWorker - Sent destination=APPQ threadId=23 msg=115 body=[destination=APPQ threadId=23 msg=115]
2026-09-29 16:08:08,180 INFO  [24] com.example.mqproducer.ProducerWorker - Sent destination=APPQ threadId=24 msg=115 body=[destination=APPQ threadId=24 msg=115]
2026-09-29 16:08:08,181 INFO  [22] com.example.mqproducer.ProducerWorker - Sent destination=APPQ threadId=22 msg=115 body=[destination=APPQ threadId=22 msg=115]
2026-09-29 16:08:08,221 INFO  [25] com.example.mqproducer.ProducerWorker - Sent destination=APPQ threadId=25 msg=115 body=[destination=APPQ threadId=25 msg=115]
2026-09-29 16:08:08,978 INFO  [23] com.example.mqproducer.ProducerWorker - Sent destination=APPQ threadId=23 msg=116 body=[destination=APPQ threadId=23 msg=116]
2026-09-29 16:08:09,197 INFO  [24] com.example.mqproducer.ProducerWorker - Sent destination=APPQ threadId=24 msg=116 body=[destination=APPQ threadId=24 msg=116]
2026-09-29 16:08:09,197 INFO  [22] com.example.mqproducer.ProducerWorker - Sent destination=APPQ threadId=22 msg=116 body=[destination=APPQ threadId=22 msg=116]
2026-09-29 16:08:09,227 INFO  [25] com.example.mqproducer.ProducerWorker - Sent destination=APPQ threadId=25 msg=116 body=[destination=APPQ threadId=25 msg=116]
2026-09-29 16:08:09,990 INFO  [23] com.example.mqproducer.ProducerWorker - Sent destination=APPQ threadId=23 msg=117 body=[destination=APPQ threadId=23 msg=117]
2026-09-29 16:08:10,212 INFO  [22] com.example.mqproducer.ProducerWorker - Sent destination=APPQ threadId=22 msg=117 body=[destination=APPQ threadId=22 msg=117]
2026-09-29 16:08:10,212 INFO  [24] com.example.mqproducer.ProducerWorker - Sent destination=APPQ threadId=24 msg=117 body=[destination=APPQ threadId=24 msg=117]
2026-09-29 16:08:10,245 INFO  [25] com.example.mqproducer.ProducerWorker - Sent destination=APPQ threadId=25 msg=117 body=[destination=APPQ threadId=25 msg=117]
2026-09-29 16:08:10,993 INFO  [23] com.example.mqproducer.ProducerWorker - Sent destination=APPQ threadId=23 msg=118 body=[destination=APPQ threadId=23 msg=118]
2026-09-29 16:08:11,216 INFO  [24] com.example.mqproducer.ProducerWorker - Sent destination=APPQ threadId=24 msg=118 body=[destination=APPQ threadId=24 msg=118]
2026-09-29 16:08:11,217 INFO  [22] com.example.mqproducer.ProducerWorker - Sent destination=APPQ threadId=22 msg=118 body=[destination=APPQ threadId=22 msg=118]
2026-09-29 16:08:11,259 INFO  [25] com.example.mqproducer.ProducerWorker - Sent destination=APPQ threadId=25 msg=118 body=[destination=APPQ threadId=25 msg=118]
2026-09-29 16:08:12,010 INFO  [23] com.example.mqproducer.ProducerWorker - Sent destination=APPQ threadId=23 msg=119 body=[destination=APPQ threadId=23 msg=119]
2026-09-29 16:08:12,231 INFO  [24] com.example.mqproducer.ProducerWorker - Sent destination=APPQ threadId=24 msg=119 body=[destination=APPQ threadId=24 msg=119]
2026-09-29 16:08:12,234 INFO  [22] com.example.mqproducer.ProducerWorker - Sent destination=APPQ threadId=22 msg=119 body=[destination=APPQ threadId=22 msg=119]
2026-09-29 16:08:12,276 INFO  [25] com.example.mqproducer.ProducerWorker - Sent destination=APPQ threadId=25 msg=119 body=[destination=APPQ threadId=25 msg=119]
2026-09-29 16:08:13,023 INFO  [23] com.example.mqproducer.ProducerWorker - Sent destination=APPQ threadId=23 msg=120 body=[destination=APPQ threadId=23 msg=120]
2026-09-29 16:08:13,245 INFO  [24] com.example.mqproducer.ProducerWorker - Sent destination=APPQ threadId=24 msg=120 body=[destination=APPQ threadId=24 msg=120]
2026-09-29 16:08:13,245 INFO  [22] com.example.mqproducer.ProducerWorker - Sent destination=APPQ threadId=22 msg=120 body=[destination=APPQ threadId=22 msg=120]
2026-09-29 16:08:13,289 INFO  [25] com.example.mqproducer.ProducerWorker - Sent destination=APPQ threadId=25 msg=120 body=[destination=APPQ threadId=25 msg=120]
2026-09-29 16:08:14,039 INFO  [23] com.example.mqproducer.ProducerWorker - Sent destination=APPQ threadId=23 msg=121 body=[destination=APPQ threadId=23 msg=121]
2026-09-29 16:08:14,265 INFO  [22] com.example.mqproducer.ProducerWorker - Sent destination=APPQ threadId=22 msg=121 body=[destination=APPQ threadId=22 msg=121]
2026-09-29 16:08:14,265 INFO  [24] com.example.mqproducer.ProducerWorker - Sent destination=APPQ threadId=24 msg=121 body=[destination=APPQ threadId=24 msg=121]
2026-09-29 16:08:14,291 INFO  [25] com.example.mqproducer.ProducerWorker - Sent destination=APPQ threadId=25 msg=121 body=[destination=APPQ threadId=25 msg=121]
2026-09-29 16:08:15,055 INFO  [23] com.example.mqproducer.ProducerWorker - Sent destination=APPQ threadId=23 msg=122 body=[destination=APPQ threadId=23 msg=122]
2026-09-29 16:08:15,278 INFO  [22] com.example.mqproducer.ProducerWorker - Sent destination=APPQ threadId=22 msg=122 body=[destination=APPQ threadId=22 msg=122]
2026-09-29 16:08:15,278 INFO  [24] com.example.mqproducer.ProducerWorker - Sent destination=APPQ threadId=24 msg=122 body=[destination=APPQ threadId=24 msg=122]
2026-09-29 16:08:15,306 INFO  [25] com.example.mqproducer.ProducerWorker - Sent destination=APPQ threadId=25 msg=122 body=[destination=APPQ threadId=25 msg=122]
2026-09-29 16:08:16,083 INFO  [23] com.example.mqproducer.ProducerWorker - Sent destination=APPQ threadId=23 msg=123 body=[destination=APPQ threadId=23 msg=123]
2026-09-29 16:08:16,289 INFO  [24] com.example.mqproducer.ProducerWorker - Sent destination=APPQ threadId=24 msg=123 body=[destination=APPQ threadId=24 msg=123]
2026-09-29 16:08:16,289 INFO  [22] com.example.mqproducer.ProducerWorker - Sent destination=APPQ threadId=22 msg=123 body=[destination=APPQ threadId=22 msg=123]
2026-09-29 16:08:16,320 INFO  [25] com.example.mqproducer.ProducerWorker - Sent destination=APPQ threadId=25 msg=123 body=[destination=APPQ threadId=25 msg=123]
2026-09-29 16:08:17,086 INFO  [23] com.example.mqproducer.ProducerWorker - Sent destination=APPQ threadId=23 msg=124 body=[destination=APPQ threadId=23 msg=124]
2026-09-29 16:08:17,297 INFO  [24] com.example.mqproducer.ProducerWorker - Sent destination=APPQ threadId=24 msg=124 body=[destination=APPQ threadId=24 msg=124]
2026-09-29 16:08:17,297 INFO  [22] com.example.mqproducer.ProducerWorker - Sent destination=APPQ threadId=22 msg=124 body=[destination=APPQ threadId=22 msg=124]
2026-09-29 16:08:17,336 INFO  [25] com.example.mqproducer.ProducerWorker - Sent destination=APPQ threadId=25 msg=124 body=[destination=APPQ threadId=25 msg=124]
2026-09-29 16:08:17,965 FINE  [48] java.lang.Runtime - Runtime.exit() called with status: 130
java.lang.Throwable: Runtime.exit(130)
	at java.base/java.lang.Shutdown.logRuntimeExit(Shutdown.java:179)
	at java.base/java.lang.Shutdown.exit(Shutdown.java:160)
	at java.base/java.lang.Terminator$1.handle(Terminator.java:51)
	at java.base/jdk.internal.misc.Signal$1.run(Signal.java:218)
	at java.base/java.lang.Thread.run(Thread.java:1570)
2026-09-29 16:18:12,869 INFO  [1] com.example.mqproducer.Main - Starting MQ producer harness — threads=4  messagesPerThread=150  totalMessages=600  queue=APPQ
2026-09-29 16:18:12,875 INFO  [22] com.example.mqproducer.ProducerWorker - Producer 1 starting
2026-09-29 16:18:12,875 INFO  [25] com.example.mqproducer.ProducerWorker - Producer 4 starting
2026-09-29 16:18:12,875 INFO  [24] com.example.mqproducer.ProducerWorker - Producer 3 starting
2026-09-29 16:18:12,875 INFO  [23] com.example.mqproducer.ProducerWorker - Producer 2 starting
2026-09-29 16:18:12,916 FINER [23] javax.management.mbeanserver - ObjectName = JMImplementation:type=MBeanServerDelegate
2026-09-29 16:18:12,917 FINER [23] javax.management.mbeanserver - name = JMImplementation:type=MBeanServerDelegate
2026-09-29 16:18:12,917 FINER [23] javax.management.mbeanserver - Send create notification of object JMImplementation:type=MBeanServerDelegate
2026-09-29 16:18:12,919 FINER [23] javax.management.mbeanserver - JMX.mbean.registered JMImplementation:type=MBeanServerDelegate
2026-09-29 16:18:12,930 FINER [23] javax.management.misc - Building MBeanInfo for sun.management.RuntimeImpl
2026-09-29 16:18:12,931 FINER [23] javax.management.mbeanserver - ObjectName = java.lang:type=Runtime
2026-09-29 16:18:12,931 FINER [23] javax.management.mbeanserver - name = java.lang:type=Runtime
2026-09-29 16:18:12,931 FINER [23] javax.management.mbeanserver - Send create notification of object java.lang:type=Runtime
2026-09-29 16:18:12,931 FINER [23] javax.management.mbeanserver - JMX.mbean.registered java.lang:type=Runtime
2026-09-29 16:18:12,934 FINER [23] javax.management.misc - Building MBeanInfo for com.sun.management.internal.HotSpotThreadImpl
2026-09-29 16:18:12,934 FINER [23] javax.management.mbeanserver - ObjectName = java.lang:type=Threading
2026-09-29 16:18:12,934 FINER [23] javax.management.mbeanserver - name = java.lang:type=Threading
2026-09-29 16:18:12,934 FINER [23] javax.management.mbeanserver - Send create notification of object java.lang:type=Threading
2026-09-29 16:18:12,935 FINER [23] javax.management.mbeanserver - JMX.mbean.registered java.lang:type=Threading
2026-09-29 16:18:12,941 FINER [23] javax.management.misc - Building MBeanInfo for com.sun.management.internal.OperatingSystemImpl
2026-09-29 16:18:12,941 FINER [23] javax.management.mbeanserver - ObjectName = java.lang:type=OperatingSystem
2026-09-29 16:18:12,941 FINER [23] javax.management.mbeanserver - name = java.lang:type=OperatingSystem
2026-09-29 16:18:12,941 FINER [23] javax.management.mbeanserver - Send create notification of object java.lang:type=OperatingSystem
2026-09-29 16:18:12,941 FINER [23] javax.management.mbeanserver - JMX.mbean.registered java.lang:type=OperatingSystem
2026-09-29 16:18:12,943 FINER [23] javax.management.misc - Building MBeanInfo for sun.management.MemoryManagerImpl
2026-09-29 16:18:12,943 FINER [23] javax.management.mbeanserver - ObjectName = java.lang:name=CodeCacheManager,type=MemoryManager
2026-09-29 16:18:12,945 FINER [23] javax.management.mbeanserver - name = java.lang:name=CodeCacheManager,type=MemoryManager
2026-09-29 16:18:12,945 FINER [23] javax.management.mbeanserver - Send create notification of object java.lang:name=CodeCacheManager,type=MemoryManager
2026-09-29 16:18:12,945 FINER [23] javax.management.mbeanserver - JMX.mbean.registered java.lang:name=CodeCacheManager,type=MemoryManager
2026-09-29 16:18:12,945 FINER [23] javax.management.misc - Building MBeanInfo for sun.management.MemoryManagerImpl
2026-09-29 16:18:12,945 FINER [23] javax.management.mbeanserver - ObjectName = java.lang:name=Metaspace Manager,type=MemoryManager
2026-09-29 16:18:12,945 FINER [23] javax.management.mbeanserver - name = java.lang:name=Metaspace Manager,type=MemoryManager
2026-09-29 16:18:12,945 FINER [23] javax.management.mbeanserver - Send create notification of object java.lang:name=Metaspace Manager,type=MemoryManager
2026-09-29 16:18:12,945 FINER [23] javax.management.mbeanserver - JMX.mbean.registered java.lang:name=Metaspace Manager,type=MemoryManager
2026-09-29 16:18:12,948 FINER [23] javax.management.misc - Building MBeanInfo for sun.management.MemoryPoolImpl
2026-09-29 16:18:12,948 FINER [23] javax.management.mbeanserver - ObjectName = java.lang:name=CodeHeap 'non-nmethods',type=MemoryPool
2026-09-29 16:18:12,948 FINER [23] javax.management.mbeanserver - name = java.lang:name=CodeHeap 'non-nmethods',type=MemoryPool
2026-09-29 16:18:12,948 FINER [23] javax.management.mbeanserver - Send create notification of object java.lang:name=CodeHeap 'non-nmethods',type=MemoryPool
2026-09-29 16:18:12,948 FINER [23] javax.management.mbeanserver - JMX.mbean.registered java.lang:name=CodeHeap 'non-nmethods',type=MemoryPool
2026-09-29 16:18:12,948 FINER [23] javax.management.misc - Building MBeanInfo for sun.management.MemoryPoolImpl
2026-09-29 16:18:12,948 FINER [23] javax.management.mbeanserver - ObjectName = java.lang:name=Metaspace,type=MemoryPool
2026-09-29 16:18:12,948 FINER [23] javax.management.mbeanserver - name = java.lang:name=Metaspace,type=MemoryPool
2026-09-29 16:18:12,948 FINER [23] javax.management.mbeanserver - Send create notification of object java.lang:name=Metaspace,type=MemoryPool
2026-09-29 16:18:12,950 FINER [23] javax.management.mbeanserver - JMX.mbean.registered java.lang:name=Metaspace,type=MemoryPool
2026-09-29 16:18:12,950 FINER [23] javax.management.misc - Building MBeanInfo for sun.management.MemoryPoolImpl
2026-09-29 16:18:12,950 FINER [23] javax.management.mbeanserver - ObjectName = java.lang:name=CodeHeap 'profiled nmethods',type=MemoryPool
2026-09-29 16:18:12,950 FINER [23] javax.management.mbeanserver - name = java.lang:name=CodeHeap 'profiled nmethods',type=MemoryPool
2026-09-29 16:18:12,951 FINER [23] javax.management.mbeanserver - Send create notification of object java.lang:name=CodeHeap 'profiled nmethods',type=MemoryPool
2026-09-29 16:18:12,951 FINER [23] javax.management.mbeanserver - JMX.mbean.registered java.lang:name=CodeHeap 'profiled nmethods',type=MemoryPool
2026-09-29 16:18:12,951 FINER [23] javax.management.misc - Building MBeanInfo for sun.management.MemoryPoolImpl
2026-09-29 16:18:12,951 FINER [23] javax.management.mbeanserver - ObjectName = java.lang:name=Compressed Class Space,type=MemoryPool
2026-09-29 16:18:12,951 FINER [23] javax.management.mbeanserver - name = java.lang:name=Compressed Class Space,type=MemoryPool
2026-09-29 16:18:12,951 FINER [23] javax.management.mbeanserver - Send create notification of object java.lang:name=Compressed Class Space,type=MemoryPool
2026-09-29 16:18:12,951 FINER [23] javax.management.mbeanserver - JMX.mbean.registered java.lang:name=Compressed Class Space,type=MemoryPool
2026-09-29 16:18:12,952 FINER [23] javax.management.misc - Building MBeanInfo for sun.management.MemoryPoolImpl
2026-09-29 16:18:12,952 FINER [23] javax.management.mbeanserver - ObjectName = java.lang:name=G1 Eden Space,type=MemoryPool
2026-09-29 16:18:12,952 FINER [23] javax.management.mbeanserver - name = java.lang:name=G1 Eden Space,type=MemoryPool
2026-09-29 16:18:12,952 FINER [23] javax.management.mbeanserver - Send create notification of object java.lang:name=G1 Eden Space,type=MemoryPool
2026-09-29 16:18:12,952 FINER [23] javax.management.mbeanserver - JMX.mbean.registered java.lang:name=G1 Eden Space,type=MemoryPool
2026-09-29 16:18:12,952 FINER [23] javax.management.misc - Building MBeanInfo for sun.management.MemoryPoolImpl
2026-09-29 16:18:12,952 FINER [23] javax.management.mbeanserver - ObjectName = java.lang:name=G1 Old Gen,type=MemoryPool
2026-09-29 16:18:12,952 FINER [23] javax.management.mbeanserver - name = java.lang:name=G1 Old Gen,type=MemoryPool
2026-09-29 16:18:12,952 FINER [23] javax.management.mbeanserver - Send create notification of object java.lang:name=G1 Old Gen,type=MemoryPool
2026-09-29 16:18:12,952 FINER [23] javax.management.mbeanserver - JMX.mbean.registered java.lang:name=G1 Old Gen,type=MemoryPool
2026-09-29 16:18:12,952 FINER [23] javax.management.misc - Building MBeanInfo for sun.management.MemoryPoolImpl
2026-09-29 16:18:12,952 FINER [23] javax.management.mbeanserver - ObjectName = java.lang:name=G1 Survivor Space,type=MemoryPool
2026-09-29 16:18:12,952 FINER [23] javax.management.mbeanserver - name = java.lang:name=G1 Survivor Space,type=MemoryPool
2026-09-29 16:18:12,952 FINER [23] javax.management.mbeanserver - Send create notification of object java.lang:name=G1 Survivor Space,type=MemoryPool
2026-09-29 16:18:12,952 FINER [23] javax.management.mbeanserver - JMX.mbean.registered java.lang:name=G1 Survivor Space,type=MemoryPool
2026-09-29 16:18:12,952 FINER [23] javax.management.misc - Building MBeanInfo for sun.management.MemoryPoolImpl
2026-09-29 16:18:12,953 FINER [23] javax.management.mbeanserver - ObjectName = java.lang:name=CodeHeap 'non-profiled nmethods',type=MemoryPool
2026-09-29 16:18:12,953 FINER [23] javax.management.mbeanserver - name = java.lang:name=CodeHeap 'non-profiled nmethods',type=MemoryPool
2026-09-29 16:18:12,953 FINER [23] javax.management.mbeanserver - Send create notification of object java.lang:name=CodeHeap 'non-profiled nmethods',type=MemoryPool
2026-09-29 16:18:12,953 FINER [23] javax.management.mbeanserver - JMX.mbean.registered java.lang:name=CodeHeap 'non-profiled nmethods',type=MemoryPool
2026-09-29 16:18:12,953 FINER [23] javax.management.misc - Building MBeanInfo for sun.management.CompilationImpl
2026-09-29 16:18:12,953 FINER [23] javax.management.mbeanserver - ObjectName = java.lang:type=Compilation
2026-09-29 16:18:12,953 FINER [23] javax.management.mbeanserver - name = java.lang:type=Compilation
2026-09-29 16:18:12,953 FINER [23] javax.management.mbeanserver - Send create notification of object java.lang:type=Compilation
2026-09-29 16:18:12,954 FINER [23] javax.management.mbeanserver - JMX.mbean.registered java.lang:type=Compilation
2026-09-29 16:18:12,954 FINER [23] javax.management.misc - Building MBeanInfo for sun.management.MemoryImpl
2026-09-29 16:18:12,954 FINER [23] javax.management.mbeanserver - ObjectName = java.lang:type=Memory
2026-09-29 16:18:12,954 FINER [23] javax.management.mbeanserver - name = java.lang:type=Memory
2026-09-29 16:18:12,954 FINER [23] javax.management.mbeanserver - Send create notification of object java.lang:type=Memory
2026-09-29 16:18:12,954 FINER [23] javax.management.mbeanserver - JMX.mbean.registered java.lang:type=Memory
2026-09-29 16:18:12,955 FINER [23] javax.management.misc - Building MBeanInfo for sun.management.ManagementFactoryHelper$PlatformLoggingImpl
2026-09-29 16:18:12,955 FINER [23] javax.management.mbeanserver - ObjectName = java.util.logging:type=Logging
2026-09-29 16:18:12,957 FINER [23] javax.management.mbeanserver - name = java.util.logging:type=Logging
2026-09-29 16:18:12,957 FINER [23] javax.management.mbeanserver - Send create notification of object java.util.logging:type=Logging
2026-09-29 16:18:12,957 FINER [23] javax.management.mbeanserver - JMX.mbean.registered java.util.logging:type=Logging
2026-09-29 16:18:12,957 FINER [23] javax.management.misc - Building MBeanInfo for sun.management.ClassLoadingImpl
2026-09-29 16:18:12,957 FINER [23] javax.management.mbeanserver - ObjectName = java.lang:type=ClassLoading
2026-09-29 16:18:12,957 FINER [23] javax.management.mbeanserver - name = java.lang:type=ClassLoading
2026-09-29 16:18:12,957 FINER [23] javax.management.mbeanserver - Send create notification of object java.lang:type=ClassLoading
2026-09-29 16:18:12,957 FINER [23] javax.management.mbeanserver - JMX.mbean.registered java.lang:type=ClassLoading
2026-09-29 16:18:12,997 FINER [23] javax.management.mbeanserver - ObjectName = com.sun.management:type=DiagnosticCommand
2026-09-29 16:18:12,997 FINER [23] javax.management.mbeanserver - name = com.sun.management:type=DiagnosticCommand
2026-09-29 16:18:12,998 FINER [23] javax.management.mbeanserver - Send create notification of object com.sun.management:type=DiagnosticCommand
2026-09-29 16:18:12,998 FINER [23] javax.management.mbeanserver - JMX.mbean.registered com.sun.management:type=DiagnosticCommand
2026-09-29 16:18:12,999 FINER [23] javax.management.misc - Building MBeanInfo for com.sun.management.internal.GarbageCollectorExtImpl
2026-09-29 16:18:12,999 FINER [23] javax.management.mbeanserver - ObjectName = java.lang:name=G1 Young Generation,type=GarbageCollector
2026-09-29 16:18:12,999 FINER [23] javax.management.mbeanserver - name = java.lang:name=G1 Young Generation,type=GarbageCollector
2026-09-29 16:18:12,999 FINER [23] javax.management.mbeanserver - Send create notification of object java.lang:name=G1 Young Generation,type=GarbageCollector
2026-09-29 16:18:12,999 FINER [23] javax.management.mbeanserver - JMX.mbean.registered java.lang:name=G1 Young Generation,type=GarbageCollector
2026-09-29 16:18:13,000 FINER [23] javax.management.misc - Building MBeanInfo for com.sun.management.internal.GarbageCollectorExtImpl
2026-09-29 16:18:13,000 FINER [23] javax.management.mbeanserver - ObjectName = java.lang:name=G1 Concurrent GC,type=GarbageCollector
2026-09-29 16:18:13,000 FINER [23] javax.management.mbeanserver - name = java.lang:name=G1 Concurrent GC,type=GarbageCollector
2026-09-29 16:18:13,000 FINER [23] javax.management.mbeanserver - Send create notification of object java.lang:name=G1 Concurrent GC,type=GarbageCollector
2026-09-29 16:18:13,000 FINER [23] javax.management.mbeanserver - JMX.mbean.registered java.lang:name=G1 Concurrent GC,type=GarbageCollector
2026-09-29 16:18:13,000 FINER [23] javax.management.misc - Building MBeanInfo for com.sun.management.internal.GarbageCollectorExtImpl
2026-09-29 16:18:13,000 FINER [23] javax.management.mbeanserver - ObjectName = java.lang:name=G1 Old Generation,type=GarbageCollector
2026-09-29 16:18:13,000 FINER [23] javax.management.mbeanserver - name = java.lang:name=G1 Old Generation,type=GarbageCollector
2026-09-29 16:18:13,000 FINER [23] javax.management.mbeanserver - Send create notification of object java.lang:name=G1 Old Generation,type=GarbageCollector
2026-09-29 16:18:13,000 FINER [23] javax.management.mbeanserver - JMX.mbean.registered java.lang:name=G1 Old Generation,type=GarbageCollector
2026-09-29 16:18:13,001 FINER [23] javax.management.misc - Building MBeanInfo for com.sun.management.internal.HotSpotDiagnostic
2026-09-29 16:18:13,002 FINER [23] javax.management.mbeanserver - ObjectName = com.sun.management:type=HotSpotDiagnostic
2026-09-29 16:18:13,002 FINER [23] javax.management.mbeanserver - name = com.sun.management:type=HotSpotDiagnostic
2026-09-29 16:18:13,002 FINER [23] javax.management.mbeanserver - Send create notification of object com.sun.management:type=HotSpotDiagnostic
2026-09-29 16:18:13,002 FINER [23] javax.management.mbeanserver - JMX.mbean.registered com.sun.management:type=HotSpotDiagnostic
2026-09-29 16:18:13,005 FINER [23] javax.management.misc - Building MBeanInfo for sun.management.ManagementFactoryHelper$1
2026-09-29 16:18:13,005 FINER [23] javax.management.mbeanserver - ObjectName = java.nio:name=mapped,type=BufferPool
2026-09-29 16:18:13,005 FINER [23] javax.management.mbeanserver - name = java.nio:name=mapped,type=BufferPool
2026-09-29 16:18:13,005 FINER [23] javax.management.mbeanserver - Send create notification of object java.nio:name=mapped,type=BufferPool
2026-09-29 16:18:13,005 FINER [23] javax.management.mbeanserver - JMX.mbean.registered java.nio:name=mapped,type=BufferPool
2026-09-29 16:18:13,005 FINER [23] javax.management.misc - Building MBeanInfo for sun.management.ManagementFactoryHelper$1
2026-09-29 16:18:13,005 FINER [23] javax.management.mbeanserver - ObjectName = java.nio:name=direct,type=BufferPool
2026-09-29 16:18:13,005 FINER [23] javax.management.mbeanserver - name = java.nio:name=direct,type=BufferPool
2026-09-29 16:18:13,005 FINER [23] javax.management.mbeanserver - Send create notification of object java.nio:name=direct,type=BufferPool
2026-09-29 16:18:13,005 FINER [23] javax.management.mbeanserver - JMX.mbean.registered java.nio:name=direct,type=BufferPool
2026-09-29 16:18:13,005 FINER [23] javax.management.misc - Building MBeanInfo for sun.management.ManagementFactoryHelper$1
2026-09-29 16:18:13,006 FINER [23] javax.management.mbeanserver - ObjectName = java.nio:name=mapped - 'non-volatile memory',type=BufferPool
2026-09-29 16:18:13,006 FINER [23] javax.management.mbeanserver - name = java.nio:name=mapped - 'non-volatile memory',type=BufferPool
2026-09-29 16:18:13,006 FINER [23] javax.management.mbeanserver - Send create notification of object java.nio:name=mapped - 'non-volatile memory',type=BufferPool
2026-09-29 16:18:13,006 FINER [23] javax.management.mbeanserver - JMX.mbean.registered java.nio:name=mapped - 'non-volatile memory',type=BufferPool
2026-09-29 16:18:13,010 FINER [23] javax.management.misc - Building MBeanInfo for jdk.management.jfr.FlightRecorderMXBeanImpl
2026-09-29 16:18:13,012 FINER [23] javax.management.mbeanserver - ObjectName = jdk.management.jfr:type=FlightRecorder
2026-09-29 16:18:13,012 FINER [23] javax.management.mbeanserver - name = jdk.management.jfr:type=FlightRecorder
2026-09-29 16:18:13,012 FINER [23] javax.management.mbeanserver - Send create notification of object jdk.management.jfr:type=FlightRecorder
2026-09-29 16:18:13,012 FINER [23] javax.management.mbeanserver - JMX.mbean.registered jdk.management.jfr:type=FlightRecorder
2026-09-29 16:18:13,012 FINER [23] javax.management.misc - Building MBeanInfo for com.ibm.msg.client.commonservices.propertystore.PropertyStoreControlImpl
2026-09-29 16:18:13,014 FINER [23] javax.management.mbeanserver - ObjectName = IBM MQ:type=CommonServices,name=PropertyStoreControl
2026-09-29 16:18:13,014 FINER [23] javax.management.mbeanserver - name = IBM MQ:type=CommonServices,name=PropertyStoreControl
2026-09-29 16:18:13,014 FINER [23] javax.management.mbeanserver - Send create notification of object IBM MQ:name=PropertyStoreControl,type=CommonServices
2026-09-29 16:18:13,014 FINER [23] javax.management.mbeanserver - JMX.mbean.registered IBM MQ:type=CommonServices,name=PropertyStoreControl
2026-09-29 16:18:13,044 FINER [23] javax.management.misc - Building MBeanInfo for com.ibm.msg.client.commonservices.propertystore.PropertyStoreControlImpl
2026-09-29 16:18:13,044 FINER [23] javax.management.mbeanserver - ObjectName = IBM MQ:type=CommonServices,name=PropertyStoreControl
2026-09-29 16:18:13,044 FINER [23] javax.management.mbeanserver - name = IBM MQ:type=CommonServices,name=PropertyStoreControl
2026-09-29 16:18:13,619 INFO  [24] com.example.mqproducer.ProducerWorker - Sent destination=APPQ threadId=24 msg=1 body=[destination=APPQ threadId=24 msg=1]
2026-09-29 16:18:13,620 INFO  [22] com.example.mqproducer.ProducerWorker - Sent destination=APPQ threadId=22 msg=1 body=[destination=APPQ threadId=22 msg=1]
2026-09-29 16:18:13,620 INFO  [25] com.example.mqproducer.ProducerWorker - Sent destination=APPQ threadId=25 msg=1 body=[destination=APPQ threadId=25 msg=1]
2026-09-29 16:18:13,627 INFO  [23] com.example.mqproducer.ProducerWorker - Sent destination=APPQ threadId=23 msg=1 body=[destination=APPQ threadId=23 msg=1]
2026-09-29 16:18:14,637 INFO  [23] com.example.mqproducer.ProducerWorker - Sent destination=APPQ threadId=23 msg=2 body=[destination=APPQ threadId=23 msg=2]
2026-09-29 16:18:14,637 INFO  [24] com.example.mqproducer.ProducerWorker - Sent destination=APPQ threadId=24 msg=2 body=[destination=APPQ threadId=24 msg=2]
2026-09-29 16:18:14,638 INFO  [22] com.example.mqproducer.ProducerWorker - Sent destination=APPQ threadId=22 msg=2 body=[destination=APPQ threadId=22 msg=2]
2026-09-29 16:18:14,638 INFO  [25] com.example.mqproducer.ProducerWorker - Sent destination=APPQ threadId=25 msg=2 body=[destination=APPQ threadId=25 msg=2]
2026-09-29 16:18:15,653 INFO  [22] com.example.mqproducer.ProducerWorker - Sent destination=APPQ threadId=22 msg=3 body=[destination=APPQ threadId=22 msg=3]
2026-09-29 16:18:15,653 INFO  [25] com.example.mqproducer.ProducerWorker - Sent destination=APPQ threadId=25 msg=3 body=[destination=APPQ threadId=25 msg=3]
2026-09-29 16:18:15,653 INFO  [24] com.example.mqproducer.ProducerWorker - Sent destination=APPQ threadId=24 msg=3 body=[destination=APPQ threadId=24 msg=3]
2026-09-29 16:18:15,654 INFO  [23] com.example.mqproducer.ProducerWorker - Sent destination=APPQ threadId=23 msg=3 body=[destination=APPQ threadId=23 msg=3]
2026-09-29 16:18:16,666 INFO  [23] com.example.mqproducer.ProducerWorker - Sent destination=APPQ threadId=23 msg=4 body=[destination=APPQ threadId=23 msg=4]
2026-09-29 16:18:16,666 INFO  [22] com.example.mqproducer.ProducerWorker - Sent destination=APPQ threadId=22 msg=4 body=[destination=APPQ threadId=22 msg=4]
2026-09-29 16:18:16,666 INFO  [24] com.example.mqproducer.ProducerWorker - Sent destination=APPQ threadId=24 msg=4 body=[destination=APPQ threadId=24 msg=4]
2026-09-29 16:18:16,668 INFO  [25] com.example.mqproducer.ProducerWorker - Sent destination=APPQ threadId=25 msg=4 body=[destination=APPQ threadId=25 msg=4]
2026-09-29 16:18:17,680 INFO  [25] com.example.mqproducer.ProducerWorker - Sent destination=APPQ threadId=25 msg=5 body=[destination=APPQ threadId=25 msg=5]
2026-09-29 16:18:17,680 INFO  [23] com.example.mqproducer.ProducerWorker - Sent destination=APPQ threadId=23 msg=5 body=[destination=APPQ threadId=23 msg=5]
2026-09-29 16:18:17,680 INFO  [24] com.example.mqproducer.ProducerWorker - Sent destination=APPQ threadId=24 msg=5 body=[destination=APPQ threadId=24 msg=5]
2026-09-29 16:18:17,683 INFO  [22] com.example.mqproducer.ProducerWorker - Sent destination=APPQ threadId=22 msg=5 body=[destination=APPQ threadId=22 msg=5]
2026-09-29 16:18:18,696 INFO  [22] com.example.mqproducer.ProducerWorker - Sent destination=APPQ threadId=22 msg=6 body=[destination=APPQ threadId=22 msg=6]
2026-09-29 16:18:18,696 INFO  [24] com.example.mqproducer.ProducerWorker - Sent destination=APPQ threadId=24 msg=6 body=[destination=APPQ threadId=24 msg=6]
2026-09-29 16:18:18,696 INFO  [23] com.example.mqproducer.ProducerWorker - Sent destination=APPQ threadId=23 msg=6 body=[destination=APPQ threadId=23 msg=6]
2026-09-29 16:18:18,697 INFO  [25] com.example.mqproducer.ProducerWorker - Sent destination=APPQ threadId=25 msg=6 body=[destination=APPQ threadId=25 msg=6]
2026-09-29 16:18:19,711 INFO  [24] com.example.mqproducer.ProducerWorker - Sent destination=APPQ threadId=24 msg=7 body=[destination=APPQ threadId=24 msg=7]
2026-09-29 16:18:19,712 INFO  [25] com.example.mqproducer.ProducerWorker - Sent destination=APPQ threadId=25 msg=7 body=[destination=APPQ threadId=25 msg=7]
2026-09-29 16:18:19,712 INFO  [23] com.example.mqproducer.ProducerWorker - Sent destination=APPQ threadId=23 msg=7 body=[destination=APPQ threadId=23 msg=7]
2026-09-29 16:18:19,712 INFO  [22] com.example.mqproducer.ProducerWorker - Sent destination=APPQ threadId=22 msg=7 body=[destination=APPQ threadId=22 msg=7]
2026-09-29 16:18:20,731 INFO  [23] com.example.mqproducer.ProducerWorker - Sent destination=APPQ threadId=23 msg=8 body=[destination=APPQ threadId=23 msg=8]
2026-09-29 16:18:20,731 INFO  [24] com.example.mqproducer.ProducerWorker - Sent destination=APPQ threadId=24 msg=8 body=[destination=APPQ threadId=24 msg=8]
2026-09-29 16:18:20,731 INFO  [22] com.example.mqproducer.ProducerWorker - Sent destination=APPQ threadId=22 msg=8 body=[destination=APPQ threadId=22 msg=8]
2026-09-29 16:18:20,732 INFO  [25] com.example.mqproducer.ProducerWorker - Sent destination=APPQ threadId=25 msg=8 body=[destination=APPQ threadId=25 msg=8]
2026-09-29 16:18:21,745 INFO  [23] com.example.mqproducer.ProducerWorker - Sent destination=APPQ threadId=23 msg=9 body=[destination=APPQ threadId=23 msg=9]
2026-09-29 16:18:21,745 INFO  [25] com.example.mqproducer.ProducerWorker - Sent destination=APPQ threadId=25 msg=9 body=[destination=APPQ threadId=25 msg=9]
2026-09-29 16:18:21,746 INFO  [22] com.example.mqproducer.ProducerWorker - Sent destination=APPQ threadId=22 msg=9 body=[destination=APPQ threadId=22 msg=9]
2026-09-29 16:18:21,746 INFO  [24] com.example.mqproducer.ProducerWorker - Sent destination=APPQ threadId=24 msg=9 body=[destination=APPQ threadId=24 msg=9]
2026-09-29 16:18:22,761 INFO  [23] com.example.mqproducer.ProducerWorker - Sent destination=APPQ threadId=23 msg=10 body=[destination=APPQ threadId=23 msg=10]
2026-09-29 16:18:22,761 INFO  [24] com.example.mqproducer.ProducerWorker - Sent destination=APPQ threadId=24 msg=10 body=[destination=APPQ threadId=24 msg=10]
2026-09-29 16:18:22,764 INFO  [25] com.example.mqproducer.ProducerWorker - Sent destination=APPQ threadId=25 msg=10 body=[destination=APPQ threadId=25 msg=10]
2026-09-29 16:18:22,764 INFO  [22] com.example.mqproducer.ProducerWorker - Sent destination=APPQ threadId=22 msg=10 body=[destination=APPQ threadId=22 msg=10]
2026-09-29 16:18:23,779 INFO  [23] com.example.mqproducer.ProducerWorker - Sent destination=APPQ threadId=23 msg=11 body=[destination=APPQ threadId=23 msg=11]
2026-09-29 16:18:23,779 INFO  [25] com.example.mqproducer.ProducerWorker - Sent destination=APPQ threadId=25 msg=11 body=[destination=APPQ threadId=25 msg=11]
2026-09-29 16:18:23,779 INFO  [22] com.example.mqproducer.ProducerWorker - Sent destination=APPQ threadId=22 msg=11 body=[destination=APPQ threadId=22 msg=11]
2026-09-29 16:18:23,782 INFO  [24] com.example.mqproducer.ProducerWorker - Sent destination=APPQ threadId=24 msg=11 body=[destination=APPQ threadId=24 msg=11]
2026-09-29 16:18:24,792 INFO  [23] com.example.mqproducer.ProducerWorker - Sent destination=APPQ threadId=23 msg=12 body=[destination=APPQ threadId=23 msg=12]
2026-09-29 16:18:24,793 INFO  [25] com.example.mqproducer.ProducerWorker - Sent destination=APPQ threadId=25 msg=12 body=[destination=APPQ threadId=25 msg=12]
2026-09-29 16:18:24,793 INFO  [22] com.example.mqproducer.ProducerWorker - Sent destination=APPQ threadId=22 msg=12 body=[destination=APPQ threadId=22 msg=12]
2026-09-29 16:18:24,794 INFO  [24] com.example.mqproducer.ProducerWorker - Sent destination=APPQ threadId=24 msg=12 body=[destination=APPQ threadId=24 msg=12]
2026-09-29 16:18:25,809 INFO  [23] com.example.mqproducer.ProducerWorker - Sent destination=APPQ threadId=23 msg=13 body=[destination=APPQ threadId=23 msg=13]
2026-09-29 16:18:25,809 INFO  [24] com.example.mqproducer.ProducerWorker - Sent destination=APPQ threadId=24 msg=13 body=[destination=APPQ threadId=24 msg=13]
2026-09-29 16:18:25,809 INFO  [25] com.example.mqproducer.ProducerWorker - Sent destination=APPQ threadId=25 msg=13 body=[destination=APPQ threadId=25 msg=13]
2026-09-29 16:18:25,810 INFO  [22] com.example.mqproducer.ProducerWorker - Sent destination=APPQ threadId=22 msg=13 body=[destination=APPQ threadId=22 msg=13]
2026-09-29 16:18:26,822 INFO  [24] com.example.mqproducer.ProducerWorker - Sent destination=APPQ threadId=24 msg=14 body=[destination=APPQ threadId=24 msg=14]
2026-09-29 16:18:26,822 INFO  [25] com.example.mqproducer.ProducerWorker - Sent destination=APPQ threadId=25 msg=14 body=[destination=APPQ threadId=25 msg=14]
2026-09-29 16:18:26,822 INFO  [22] com.example.mqproducer.ProducerWorker - Sent destination=APPQ threadId=22 msg=14 body=[destination=APPQ threadId=22 msg=14]
2026-09-29 16:18:26,822 INFO  [23] com.example.mqproducer.ProducerWorker - Sent destination=APPQ threadId=23 msg=14 body=[destination=APPQ threadId=23 msg=14]
2026-09-29 16:18:27,836 INFO  [24] com.example.mqproducer.ProducerWorker - Sent destination=APPQ threadId=24 msg=15 body=[destination=APPQ threadId=24 msg=15]
2026-09-29 16:18:27,838 INFO  [23] com.example.mqproducer.ProducerWorker - Sent destination=APPQ threadId=23 msg=15 body=[destination=APPQ threadId=23 msg=15]
2026-09-29 16:18:27,839 INFO  [25] com.example.mqproducer.ProducerWorker - Sent destination=APPQ threadId=25 msg=15 body=[destination=APPQ threadId=25 msg=15]
2026-09-29 16:18:27,839 INFO  [22] com.example.mqproducer.ProducerWorker - Sent destination=APPQ threadId=22 msg=15 body=[destination=APPQ threadId=22 msg=15]
2026-09-29 16:18:28,855 INFO  [25] com.example.mqproducer.ProducerWorker - Sent destination=APPQ threadId=25 msg=16 body=[destination=APPQ threadId=25 msg=16]
2026-09-29 16:18:28,855 INFO  [22] com.example.mqproducer.ProducerWorker - Sent destination=APPQ threadId=22 msg=16 body=[destination=APPQ threadId=22 msg=16]
2026-09-29 16:18:28,855 INFO  [24] com.example.mqproducer.ProducerWorker - Sent destination=APPQ threadId=24 msg=16 body=[destination=APPQ threadId=24 msg=16]
2026-09-29 16:18:28,856 INFO  [23] com.example.mqproducer.ProducerWorker - Sent destination=APPQ threadId=23 msg=16 body=[destination=APPQ threadId=23 msg=16]
2026-09-29 16:18:29,868 INFO  [23] com.example.mqproducer.ProducerWorker - Sent destination=APPQ threadId=23 msg=17 body=[destination=APPQ threadId=23 msg=17]
2026-09-29 16:18:29,869 INFO  [25] com.example.mqproducer.ProducerWorker - Sent destination=APPQ threadId=25 msg=17 body=[destination=APPQ threadId=25 msg=17]
2026-09-29 16:18:29,869 INFO  [22] com.example.mqproducer.ProducerWorker - Sent destination=APPQ threadId=22 msg=17 body=[destination=APPQ threadId=22 msg=17]
2026-09-29 16:18:29,871 INFO  [24] com.example.mqproducer.ProducerWorker - Sent destination=APPQ threadId=24 msg=17 body=[destination=APPQ threadId=24 msg=17]
2026-09-29 16:18:30,874 INFO  [23] com.example.mqproducer.ProducerWorker - Sent destination=APPQ threadId=23 msg=18 body=[destination=APPQ threadId=23 msg=18]
2026-09-29 16:18:30,874 INFO  [25] com.example.mqproducer.ProducerWorker - Sent destination=APPQ threadId=25 msg=18 body=[destination=APPQ threadId=25 msg=18]
2026-09-29 16:18:30,874 INFO  [22] com.example.mqproducer.ProducerWorker - Sent destination=APPQ threadId=22 msg=18 body=[destination=APPQ threadId=22 msg=18]
2026-09-29 16:18:30,889 INFO  [24] com.example.mqproducer.ProducerWorker - Sent destination=APPQ threadId=24 msg=18 body=[destination=APPQ threadId=24 msg=18]
2026-09-29 16:18:31,884 INFO  [25] com.example.mqproducer.ProducerWorker - Sent destination=APPQ threadId=25 msg=19 body=[destination=APPQ threadId=25 msg=19]
2026-09-29 16:18:31,884 INFO  [23] com.example.mqproducer.ProducerWorker - Sent destination=APPQ threadId=23 msg=19 body=[destination=APPQ threadId=23 msg=19]
2026-09-29 16:18:31,884 INFO  [22] com.example.mqproducer.ProducerWorker - Sent destination=APPQ threadId=22 msg=19 body=[destination=APPQ threadId=22 msg=19]
2026-09-29 16:18:31,899 INFO  [24] com.example.mqproducer.ProducerWorker - Sent destination=APPQ threadId=24 msg=19 body=[destination=APPQ threadId=24 msg=19]
2026-09-29 16:18:32,898 INFO  [22] com.example.mqproducer.ProducerWorker - Sent destination=APPQ threadId=22 msg=20 body=[destination=APPQ threadId=22 msg=20]
2026-09-29 16:18:32,898 INFO  [23] com.example.mqproducer.ProducerWorker - Sent destination=APPQ threadId=23 msg=20 body=[destination=APPQ threadId=23 msg=20]
2026-09-29 16:18:32,901 INFO  [25] com.example.mqproducer.ProducerWorker - Sent destination=APPQ threadId=25 msg=20 body=[destination=APPQ threadId=25 msg=20]
2026-09-29 16:18:32,916 INFO  [24] com.example.mqproducer.ProducerWorker - Sent destination=APPQ threadId=24 msg=20 body=[destination=APPQ threadId=24 msg=20]
2026-09-29 16:18:33,904 INFO  [23] com.example.mqproducer.ProducerWorker - Sent destination=APPQ threadId=23 msg=21 body=[destination=APPQ threadId=23 msg=21]
2026-09-29 16:18:33,905 INFO  [22] com.example.mqproducer.ProducerWorker - Sent destination=APPQ threadId=22 msg=21 body=[destination=APPQ threadId=22 msg=21]
2026-09-29 16:18:33,917 INFO  [25] com.example.mqproducer.ProducerWorker - Sent destination=APPQ threadId=25 msg=21 body=[destination=APPQ threadId=25 msg=21]
2026-09-29 16:18:33,930 INFO  [24] com.example.mqproducer.ProducerWorker - Sent destination=APPQ threadId=24 msg=21 body=[destination=APPQ threadId=24 msg=21]
2026-09-29 16:18:34,919 INFO  [23] com.example.mqproducer.ProducerWorker - Sent destination=APPQ threadId=23 msg=22 body=[destination=APPQ threadId=23 msg=22]
2026-09-29 16:18:34,921 INFO  [22] com.example.mqproducer.ProducerWorker - Sent destination=APPQ threadId=22 msg=22 body=[destination=APPQ threadId=22 msg=22]
2026-09-29 16:18:34,933 INFO  [25] com.example.mqproducer.ProducerWorker - Sent destination=APPQ threadId=25 msg=22 body=[destination=APPQ threadId=25 msg=22]
2026-09-29 16:18:34,933 INFO  [24] com.example.mqproducer.ProducerWorker - Sent destination=APPQ threadId=24 msg=22 body=[destination=APPQ threadId=24 msg=22]
2026-09-29 16:18:35,927 INFO  [22] com.example.mqproducer.ProducerWorker - Sent destination=APPQ threadId=22 msg=23 body=[destination=APPQ threadId=22 msg=23]
2026-09-29 16:18:35,927 INFO  [23] com.example.mqproducer.ProducerWorker - Sent destination=APPQ threadId=23 msg=23 body=[destination=APPQ threadId=23 msg=23]
2026-09-29 16:18:35,945 INFO  [24] com.example.mqproducer.ProducerWorker - Sent destination=APPQ threadId=24 msg=23 body=[destination=APPQ threadId=24 msg=23]
2026-09-29 16:18:35,945 INFO  [25] com.example.mqproducer.ProducerWorker - Sent destination=APPQ threadId=25 msg=23 body=[destination=APPQ threadId=25 msg=23]
2026-09-29 16:18:36,934 INFO  [22] com.example.mqproducer.ProducerWorker - Sent destination=APPQ threadId=22 msg=24 body=[destination=APPQ threadId=22 msg=24]
2026-09-29 16:18:36,934 INFO  [23] com.example.mqproducer.ProducerWorker - Sent destination=APPQ threadId=23 msg=24 body=[destination=APPQ threadId=23 msg=24]
2026-09-29 16:18:36,960 INFO  [25] com.example.mqproducer.ProducerWorker - Sent destination=APPQ threadId=25 msg=24 body=[destination=APPQ threadId=25 msg=24]
2026-09-29 16:18:36,961 INFO  [24] com.example.mqproducer.ProducerWorker - Sent destination=APPQ threadId=24 msg=24 body=[destination=APPQ threadId=24 msg=24]
2026-09-29 16:18:37,951 INFO  [23] com.example.mqproducer.ProducerWorker - Sent destination=APPQ threadId=23 msg=25 body=[destination=APPQ threadId=23 msg=25]
2026-09-29 16:18:37,951 INFO  [22] com.example.mqproducer.ProducerWorker - Sent destination=APPQ threadId=22 msg=25 body=[destination=APPQ threadId=22 msg=25]
2026-09-29 16:18:37,978 INFO  [24] com.example.mqproducer.ProducerWorker - Sent destination=APPQ threadId=24 msg=25 body=[destination=APPQ threadId=24 msg=25]
2026-09-29 16:18:37,978 INFO  [25] com.example.mqproducer.ProducerWorker - Sent destination=APPQ threadId=25 msg=25 body=[destination=APPQ threadId=25 msg=25]
2026-09-29 16:18:38,963 INFO  [22] com.example.mqproducer.ProducerWorker - Sent destination=APPQ threadId=22 msg=26 body=[destination=APPQ threadId=22 msg=26]
2026-09-29 16:18:38,963 INFO  [23] com.example.mqproducer.ProducerWorker - Sent destination=APPQ threadId=23 msg=26 body=[destination=APPQ threadId=23 msg=26]
2026-09-29 16:18:38,993 INFO  [24] com.example.mqproducer.ProducerWorker - Sent destination=APPQ threadId=24 msg=26 body=[destination=APPQ threadId=24 msg=26]
2026-09-29 16:18:38,994 INFO  [25] com.example.mqproducer.ProducerWorker - Sent destination=APPQ threadId=25 msg=26 body=[destination=APPQ threadId=25 msg=26]
2026-09-29 16:18:39,979 INFO  [22] com.example.mqproducer.ProducerWorker - Sent destination=APPQ threadId=22 msg=27 body=[destination=APPQ threadId=22 msg=27]
2026-09-29 16:18:39,980 INFO  [23] com.example.mqproducer.ProducerWorker - Sent destination=APPQ threadId=23 msg=27 body=[destination=APPQ threadId=23 msg=27]
2026-09-29 16:18:40,012 INFO  [24] com.example.mqproducer.ProducerWorker - Sent destination=APPQ threadId=24 msg=27 body=[destination=APPQ threadId=24 msg=27]
2026-09-29 16:18:40,013 INFO  [25] com.example.mqproducer.ProducerWorker - Sent destination=APPQ threadId=25 msg=27 body=[destination=APPQ threadId=25 msg=27]
2026-09-29 16:18:40,997 INFO  [22] com.example.mqproducer.ProducerWorker - Sent destination=APPQ threadId=22 msg=28 body=[destination=APPQ threadId=22 msg=28]
2026-09-29 16:18:40,997 INFO  [23] com.example.mqproducer.ProducerWorker - Sent destination=APPQ threadId=23 msg=28 body=[destination=APPQ threadId=23 msg=28]
2026-09-29 16:18:41,027 INFO  [24] com.example.mqproducer.ProducerWorker - Sent destination=APPQ threadId=24 msg=28 body=[destination=APPQ threadId=24 msg=28]
2026-09-29 16:18:41,028 INFO  [25] com.example.mqproducer.ProducerWorker - Sent destination=APPQ threadId=25 msg=28 body=[destination=APPQ threadId=25 msg=28]
2026-09-29 16:18:42,012 INFO  [22] com.example.mqproducer.ProducerWorker - Sent destination=APPQ threadId=22 msg=29 body=[destination=APPQ threadId=22 msg=29]
2026-09-29 16:18:42,012 INFO  [23] com.example.mqproducer.ProducerWorker - Sent destination=APPQ threadId=23 msg=29 body=[destination=APPQ threadId=23 msg=29]
2026-09-29 16:18:42,042 INFO  [24] com.example.mqproducer.ProducerWorker - Sent destination=APPQ threadId=24 msg=29 body=[destination=APPQ threadId=24 msg=29]
2026-09-29 16:18:42,046 INFO  [25] com.example.mqproducer.ProducerWorker - Sent destination=APPQ threadId=25 msg=29 body=[destination=APPQ threadId=25 msg=29]
2026-09-29 16:18:43,027 INFO  [23] com.example.mqproducer.ProducerWorker - Sent destination=APPQ threadId=23 msg=30 body=[destination=APPQ threadId=23 msg=30]
2026-09-29 16:18:43,054 INFO  [24] com.example.mqproducer.ProducerWorker - Sent destination=APPQ threadId=24 msg=30 body=[destination=APPQ threadId=24 msg=30]
2026-09-29 16:18:43,054 INFO  [25] com.example.mqproducer.ProducerWorker - Sent destination=APPQ threadId=25 msg=30 body=[destination=APPQ threadId=25 msg=30]
2026-09-29 16:18:43,214 INFO  [22] com.example.mqproducer.ProducerWorker - Sent destination=APPQ threadId=22 msg=30 body=[destination=APPQ threadId=22 msg=30]
2026-09-29 16:18:44,035 INFO  [23] com.example.mqproducer.ProducerWorker - Sent destination=APPQ threadId=23 msg=31 body=[destination=APPQ threadId=23 msg=31]
2026-09-29 16:18:44,065 INFO  [24] com.example.mqproducer.ProducerWorker - Sent destination=APPQ threadId=24 msg=31 body=[destination=APPQ threadId=24 msg=31]
2026-09-29 16:18:44,066 INFO  [25] com.example.mqproducer.ProducerWorker - Sent destination=APPQ threadId=25 msg=31 body=[destination=APPQ threadId=25 msg=31]
2026-09-29 16:18:44,224 INFO  [22] com.example.mqproducer.ProducerWorker - Sent destination=APPQ threadId=22 msg=31 body=[destination=APPQ threadId=22 msg=31]
2026-09-29 16:18:45,041 INFO  [23] com.example.mqproducer.ProducerWorker - Sent destination=APPQ threadId=23 msg=32 body=[destination=APPQ threadId=23 msg=32]
2026-09-29 16:18:45,075 INFO  [25] com.example.mqproducer.ProducerWorker - Sent destination=APPQ threadId=25 msg=32 body=[destination=APPQ threadId=25 msg=32]
2026-09-29 16:18:45,075 INFO  [24] com.example.mqproducer.ProducerWorker - Sent destination=APPQ threadId=24 msg=32 body=[destination=APPQ threadId=24 msg=32]
2026-09-29 16:18:45,229 INFO  [22] com.example.mqproducer.ProducerWorker - Sent destination=APPQ threadId=22 msg=32 body=[destination=APPQ threadId=22 msg=32]
2026-09-29 16:18:46,056 INFO  [23] com.example.mqproducer.ProducerWorker - Sent destination=APPQ threadId=23 msg=33 body=[destination=APPQ threadId=23 msg=33]
2026-09-29 16:18:46,087 INFO  [25] com.example.mqproducer.ProducerWorker - Sent destination=APPQ threadId=25 msg=33 body=[destination=APPQ threadId=25 msg=33]
2026-09-29 16:18:46,088 INFO  [24] com.example.mqproducer.ProducerWorker - Sent destination=APPQ threadId=24 msg=33 body=[destination=APPQ threadId=24 msg=33]
2026-09-29 16:18:46,243 INFO  [22] com.example.mqproducer.ProducerWorker - Sent destination=APPQ threadId=22 msg=33 body=[destination=APPQ threadId=22 msg=33]
2026-09-29 16:18:47,071 INFO  [23] com.example.mqproducer.ProducerWorker - Sent destination=APPQ threadId=23 msg=34 body=[destination=APPQ threadId=23 msg=34]
2026-09-29 16:18:47,102 INFO  [24] com.example.mqproducer.ProducerWorker - Sent destination=APPQ threadId=24 msg=34 body=[destination=APPQ threadId=24 msg=34]
2026-09-29 16:18:47,102 INFO  [25] com.example.mqproducer.ProducerWorker - Sent destination=APPQ threadId=25 msg=34 body=[destination=APPQ threadId=25 msg=34]
2026-09-29 16:18:47,256 INFO  [22] com.example.mqproducer.ProducerWorker - Sent destination=APPQ threadId=22 msg=34 body=[destination=APPQ threadId=22 msg=34]
2026-09-29 16:18:48,090 INFO  [23] com.example.mqproducer.ProducerWorker - Sent destination=APPQ threadId=23 msg=35 body=[destination=APPQ threadId=23 msg=35]
2026-09-29 16:18:48,118 INFO  [25] com.example.mqproducer.ProducerWorker - Sent destination=APPQ threadId=25 msg=35 body=[destination=APPQ threadId=25 msg=35]
2026-09-29 16:18:48,119 INFO  [24] com.example.mqproducer.ProducerWorker - Sent destination=APPQ threadId=24 msg=35 body=[destination=APPQ threadId=24 msg=35]
2026-09-29 16:18:48,259 INFO  [22] com.example.mqproducer.ProducerWorker - Sent destination=APPQ threadId=22 msg=35 body=[destination=APPQ threadId=22 msg=35]
2026-09-29 16:18:49,099 INFO  [23] com.example.mqproducer.ProducerWorker - Sent destination=APPQ threadId=23 msg=36 body=[destination=APPQ threadId=23 msg=36]
2026-09-29 16:18:49,129 INFO  [25] com.example.mqproducer.ProducerWorker - Sent destination=APPQ threadId=25 msg=36 body=[destination=APPQ threadId=25 msg=36]
2026-09-29 16:18:49,129 INFO  [24] com.example.mqproducer.ProducerWorker - Sent destination=APPQ threadId=24 msg=36 body=[destination=APPQ threadId=24 msg=36]
2026-09-29 16:18:49,269 INFO  [22] com.example.mqproducer.ProducerWorker - Sent destination=APPQ threadId=22 msg=36 body=[destination=APPQ threadId=22 msg=36]
2026-09-29 16:18:50,104 INFO  [23] com.example.mqproducer.ProducerWorker - Sent destination=APPQ threadId=23 msg=37 body=[destination=APPQ threadId=23 msg=37]
2026-09-29 16:18:50,133 INFO  [24] com.example.mqproducer.ProducerWorker - Sent destination=APPQ threadId=24 msg=37 body=[destination=APPQ threadId=24 msg=37]
2026-09-29 16:18:50,133 INFO  [25] com.example.mqproducer.ProducerWorker - Sent destination=APPQ threadId=25 msg=37 body=[destination=APPQ threadId=25 msg=37]
2026-09-29 16:18:50,275 INFO  [22] com.example.mqproducer.ProducerWorker - Sent destination=APPQ threadId=22 msg=37 body=[destination=APPQ threadId=22 msg=37]
2026-09-29 16:18:51,118 INFO  [23] com.example.mqproducer.ProducerWorker - Sent destination=APPQ threadId=23 msg=38 body=[destination=APPQ threadId=23 msg=38]
2026-09-29 16:18:51,147 INFO  [25] com.example.mqproducer.ProducerWorker - Sent destination=APPQ threadId=25 msg=38 body=[destination=APPQ threadId=25 msg=38]
2026-09-29 16:18:51,148 INFO  [24] com.example.mqproducer.ProducerWorker - Sent destination=APPQ threadId=24 msg=38 body=[destination=APPQ threadId=24 msg=38]
2026-09-29 16:18:51,289 INFO  [22] com.example.mqproducer.ProducerWorker - Sent destination=APPQ threadId=22 msg=38 body=[destination=APPQ threadId=22 msg=38]
2026-09-29 16:18:52,132 INFO  [23] com.example.mqproducer.ProducerWorker - Sent destination=APPQ threadId=23 msg=39 body=[destination=APPQ threadId=23 msg=39]
2026-09-29 16:18:52,164 INFO  [24] com.example.mqproducer.ProducerWorker - Sent destination=APPQ threadId=24 msg=39 body=[destination=APPQ threadId=24 msg=39]
2026-09-29 16:18:52,164 INFO  [25] com.example.mqproducer.ProducerWorker - Sent destination=APPQ threadId=25 msg=39 body=[destination=APPQ threadId=25 msg=39]
2026-09-29 16:18:52,333 INFO  [22] com.example.mqproducer.ProducerWorker - Sent destination=APPQ threadId=22 msg=39 body=[destination=APPQ threadId=22 msg=39]
2026-09-29 16:18:53,148 INFO  [23] com.example.mqproducer.ProducerWorker - Sent destination=APPQ threadId=23 msg=40 body=[destination=APPQ threadId=23 msg=40]
2026-09-29 16:18:53,179 INFO  [25] com.example.mqproducer.ProducerWorker - Sent destination=APPQ threadId=25 msg=40 body=[destination=APPQ threadId=25 msg=40]
2026-09-29 16:18:53,180 INFO  [24] com.example.mqproducer.ProducerWorker - Sent destination=APPQ threadId=24 msg=40 body=[destination=APPQ threadId=24 msg=40]
2026-09-29 16:18:53,336 INFO  [22] com.example.mqproducer.ProducerWorker - Sent destination=APPQ threadId=22 msg=40 body=[destination=APPQ threadId=22 msg=40]
2026-09-29 16:18:54,159 INFO  [23] com.example.mqproducer.ProducerWorker - Sent destination=APPQ threadId=23 msg=41 body=[destination=APPQ threadId=23 msg=41]
2026-09-29 16:18:54,192 INFO  [25] com.example.mqproducer.ProducerWorker - Sent destination=APPQ threadId=25 msg=41 body=[destination=APPQ threadId=25 msg=41]
2026-09-29 16:18:54,192 INFO  [24] com.example.mqproducer.ProducerWorker - Sent destination=APPQ threadId=24 msg=41 body=[destination=APPQ threadId=24 msg=41]
2026-09-29 16:18:54,346 INFO  [22] com.example.mqproducer.ProducerWorker - Sent destination=APPQ threadId=22 msg=41 body=[destination=APPQ threadId=22 msg=41]
2026-09-29 16:18:55,162 INFO  [23] com.example.mqproducer.ProducerWorker - Sent destination=APPQ threadId=23 msg=42 body=[destination=APPQ threadId=23 msg=42]
2026-09-29 16:18:55,210 INFO  [24] com.example.mqproducer.ProducerWorker - Sent destination=APPQ threadId=24 msg=42 body=[destination=APPQ threadId=24 msg=42]
2026-09-29 16:18:55,210 INFO  [25] com.example.mqproducer.ProducerWorker - Sent destination=APPQ threadId=25 msg=42 body=[destination=APPQ threadId=25 msg=42]
2026-09-29 16:18:55,352 INFO  [22] com.example.mqproducer.ProducerWorker - Sent destination=APPQ threadId=22 msg=42 body=[destination=APPQ threadId=22 msg=42]
2026-09-29 16:18:56,173 INFO  [23] com.example.mqproducer.ProducerWorker - Sent destination=APPQ threadId=23 msg=43 body=[destination=APPQ threadId=23 msg=43]
2026-09-29 16:18:56,222 INFO  [25] com.example.mqproducer.ProducerWorker - Sent destination=APPQ threadId=25 msg=43 body=[destination=APPQ threadId=25 msg=43]
2026-09-29 16:18:56,223 INFO  [24] com.example.mqproducer.ProducerWorker - Sent destination=APPQ threadId=24 msg=43 body=[destination=APPQ threadId=24 msg=43]
2026-09-29 16:18:56,359 INFO  [22] com.example.mqproducer.ProducerWorker - Sent destination=APPQ threadId=22 msg=43 body=[destination=APPQ threadId=22 msg=43]
2026-09-29 16:18:57,177 INFO  [23] com.example.mqproducer.ProducerWorker - Sent destination=APPQ threadId=23 msg=44 body=[destination=APPQ threadId=23 msg=44]
2026-09-29 16:18:57,242 INFO  [25] com.example.mqproducer.ProducerWorker - Sent destination=APPQ threadId=25 msg=44 body=[destination=APPQ threadId=25 msg=44]
2026-09-29 16:18:57,243 INFO  [24] com.example.mqproducer.ProducerWorker - Sent destination=APPQ threadId=24 msg=44 body=[destination=APPQ threadId=24 msg=44]
2026-09-29 16:18:57,362 INFO  [22] com.example.mqproducer.ProducerWorker - Sent destination=APPQ threadId=22 msg=44 body=[destination=APPQ threadId=22 msg=44]
2026-09-29 16:18:58,196 INFO  [23] com.example.mqproducer.ProducerWorker - Sent destination=APPQ threadId=23 msg=45 body=[destination=APPQ threadId=23 msg=45]
2026-09-29 16:18:58,255 INFO  [24] com.example.mqproducer.ProducerWorker - Sent destination=APPQ threadId=24 msg=45 body=[destination=APPQ threadId=24 msg=45]
2026-09-29 16:18:58,256 INFO  [25] com.example.mqproducer.ProducerWorker - Sent destination=APPQ threadId=25 msg=45 body=[destination=APPQ threadId=25 msg=45]
2026-09-29 16:18:58,381 INFO  [22] com.example.mqproducer.ProducerWorker - Sent destination=APPQ threadId=22 msg=45 body=[destination=APPQ threadId=22 msg=45]
2026-09-29 16:18:59,202 INFO  [23] com.example.mqproducer.ProducerWorker - Sent destination=APPQ threadId=23 msg=46 body=[destination=APPQ threadId=23 msg=46]
2026-09-29 16:18:59,263 INFO  [25] com.example.mqproducer.ProducerWorker - Sent destination=APPQ threadId=25 msg=46 body=[destination=APPQ threadId=25 msg=46]
2026-09-29 16:18:59,265 INFO  [24] com.example.mqproducer.ProducerWorker - Sent destination=APPQ threadId=24 msg=46 body=[destination=APPQ threadId=24 msg=46]
2026-09-29 16:18:59,386 INFO  [22] com.example.mqproducer.ProducerWorker - Sent destination=APPQ threadId=22 msg=46 body=[destination=APPQ threadId=22 msg=46]
2026-09-29 16:19:00,211 INFO  [23] com.example.mqproducer.ProducerWorker - Sent destination=APPQ threadId=23 msg=47 body=[destination=APPQ threadId=23 msg=47]
2026-09-29 16:19:00,271 INFO  [25] com.example.mqproducer.ProducerWorker - Sent destination=APPQ threadId=25 msg=47 body=[destination=APPQ threadId=25 msg=47]
2026-09-29 16:19:00,272 INFO  [24] com.example.mqproducer.ProducerWorker - Sent destination=APPQ threadId=24 msg=47 body=[destination=APPQ threadId=24 msg=47]
2026-09-29 16:19:00,393 INFO  [22] com.example.mqproducer.ProducerWorker - Sent destination=APPQ threadId=22 msg=47 body=[destination=APPQ threadId=22 msg=47]
2026-09-29 16:19:01,223 INFO  [23] com.example.mqproducer.ProducerWorker - Sent destination=APPQ threadId=23 msg=48 body=[destination=APPQ threadId=23 msg=48]
2026-09-29 16:19:01,283 INFO  [24] com.example.mqproducer.ProducerWorker - Sent destination=APPQ threadId=24 msg=48 body=[destination=APPQ threadId=24 msg=48]
2026-09-29 16:19:01,284 INFO  [25] com.example.mqproducer.ProducerWorker - Sent destination=APPQ threadId=25 msg=48 body=[destination=APPQ threadId=25 msg=48]
2026-09-29 16:19:01,408 INFO  [22] com.example.mqproducer.ProducerWorker - Sent destination=APPQ threadId=22 msg=48 body=[destination=APPQ threadId=22 msg=48]
2026-09-29 16:19:02,228 INFO  [23] com.example.mqproducer.ProducerWorker - Sent destination=APPQ threadId=23 msg=49 body=[destination=APPQ threadId=23 msg=49]
2026-09-29 16:19:02,289 INFO  [25] com.example.mqproducer.ProducerWorker - Sent destination=APPQ threadId=25 msg=49 body=[destination=APPQ threadId=25 msg=49]
2026-09-29 16:19:02,290 INFO  [24] com.example.mqproducer.ProducerWorker - Sent destination=APPQ threadId=24 msg=49 body=[destination=APPQ threadId=24 msg=49]
2026-09-29 16:19:02,412 INFO  [22] com.example.mqproducer.ProducerWorker - Sent destination=APPQ threadId=22 msg=49 body=[destination=APPQ threadId=22 msg=49]
2026-09-29 16:19:03,240 INFO  [23] com.example.mqproducer.ProducerWorker - Sent destination=APPQ threadId=23 msg=50 body=[destination=APPQ threadId=23 msg=50]
2026-09-29 16:19:03,301 INFO  [24] com.example.mqproducer.ProducerWorker - Sent destination=APPQ threadId=24 msg=50 body=[destination=APPQ threadId=24 msg=50]
2026-09-29 16:19:03,301 INFO  [25] com.example.mqproducer.ProducerWorker - Sent destination=APPQ threadId=25 msg=50 body=[destination=APPQ threadId=25 msg=50]
2026-09-29 16:19:03,426 INFO  [22] com.example.mqproducer.ProducerWorker - Sent destination=APPQ threadId=22 msg=50 body=[destination=APPQ threadId=22 msg=50]
2026-09-29 16:19:04,245 INFO  [23] com.example.mqproducer.ProducerWorker - Sent destination=APPQ threadId=23 msg=51 body=[destination=APPQ threadId=23 msg=51]
2026-09-29 16:19:04,306 INFO  [24] com.example.mqproducer.ProducerWorker - Sent destination=APPQ threadId=24 msg=51 body=[destination=APPQ threadId=24 msg=51]
2026-09-29 16:19:04,306 INFO  [25] com.example.mqproducer.ProducerWorker - Sent destination=APPQ threadId=25 msg=51 body=[destination=APPQ threadId=25 msg=51]
2026-09-29 16:19:04,434 INFO  [22] com.example.mqproducer.ProducerWorker - Sent destination=APPQ threadId=22 msg=51 body=[destination=APPQ threadId=22 msg=51]
2026-09-29 16:19:05,261 INFO  [23] com.example.mqproducer.ProducerWorker - Sent destination=APPQ threadId=23 msg=52 body=[destination=APPQ threadId=23 msg=52]
2026-09-29 16:19:05,320 INFO  [25] com.example.mqproducer.ProducerWorker - Sent destination=APPQ threadId=25 msg=52 body=[destination=APPQ threadId=25 msg=52]
2026-09-29 16:19:05,321 INFO  [24] com.example.mqproducer.ProducerWorker - Sent destination=APPQ threadId=24 msg=52 body=[destination=APPQ threadId=24 msg=52]
2026-09-29 16:19:05,446 INFO  [22] com.example.mqproducer.ProducerWorker - Sent destination=APPQ threadId=22 msg=52 body=[destination=APPQ threadId=22 msg=52]
2026-09-29 16:19:06,276 INFO  [23] com.example.mqproducer.ProducerWorker - Sent destination=APPQ threadId=23 msg=53 body=[destination=APPQ threadId=23 msg=53]
2026-09-29 16:19:06,325 INFO  [25] com.example.mqproducer.ProducerWorker - Sent destination=APPQ threadId=25 msg=53 body=[destination=APPQ threadId=25 msg=53]
2026-09-29 16:19:06,325 INFO  [24] com.example.mqproducer.ProducerWorker - Sent destination=APPQ threadId=24 msg=53 body=[destination=APPQ threadId=24 msg=53]
2026-09-29 16:19:06,462 INFO  [22] com.example.mqproducer.ProducerWorker - Sent destination=APPQ threadId=22 msg=53 body=[destination=APPQ threadId=22 msg=53]
2026-09-29 16:19:07,286 INFO  [23] com.example.mqproducer.ProducerWorker - Sent destination=APPQ threadId=23 msg=54 body=[destination=APPQ threadId=23 msg=54]
2026-09-29 16:19:07,332 INFO  [25] com.example.mqproducer.ProducerWorker - Sent destination=APPQ threadId=25 msg=54 body=[destination=APPQ threadId=25 msg=54]
2026-09-29 16:19:07,332 INFO  [24] com.example.mqproducer.ProducerWorker - Sent destination=APPQ threadId=24 msg=54 body=[destination=APPQ threadId=24 msg=54]
2026-09-29 16:19:07,472 INFO  [22] com.example.mqproducer.ProducerWorker - Sent destination=APPQ threadId=22 msg=54 body=[destination=APPQ threadId=22 msg=54]
2026-09-29 16:19:08,291 INFO  [23] com.example.mqproducer.ProducerWorker - Sent destination=APPQ threadId=23 msg=55 body=[destination=APPQ threadId=23 msg=55]
2026-09-29 16:19:08,351 INFO  [25] com.example.mqproducer.ProducerWorker - Sent destination=APPQ threadId=25 msg=55 body=[destination=APPQ threadId=25 msg=55]
2026-09-29 16:19:08,351 INFO  [24] com.example.mqproducer.ProducerWorker - Sent destination=APPQ threadId=24 msg=55 body=[destination=APPQ threadId=24 msg=55]
2026-09-29 16:19:08,483 INFO  [22] com.example.mqproducer.ProducerWorker - Sent destination=APPQ threadId=22 msg=55 body=[destination=APPQ threadId=22 msg=55]
2026-09-29 16:19:09,309 INFO  [23] com.example.mqproducer.ProducerWorker - Sent destination=APPQ threadId=23 msg=56 body=[destination=APPQ threadId=23 msg=56]
2026-09-29 16:19:09,368 INFO  [24] com.example.mqproducer.ProducerWorker - Sent destination=APPQ threadId=24 msg=56 body=[destination=APPQ threadId=24 msg=56]
2026-09-29 16:19:09,369 INFO  [25] com.example.mqproducer.ProducerWorker - Sent destination=APPQ threadId=25 msg=56 body=[destination=APPQ threadId=25 msg=56]
2026-09-29 16:19:09,492 INFO  [22] com.example.mqproducer.ProducerWorker - Sent destination=APPQ threadId=22 msg=56 body=[destination=APPQ threadId=22 msg=56]
2026-09-29 16:19:10,321 INFO  [23] com.example.mqproducer.ProducerWorker - Sent destination=APPQ threadId=23 msg=57 body=[destination=APPQ threadId=23 msg=57]
2026-09-29 16:19:10,380 INFO  [24] com.example.mqproducer.ProducerWorker - Sent destination=APPQ threadId=24 msg=57 body=[destination=APPQ threadId=24 msg=57]
2026-09-29 16:19:10,380 INFO  [25] com.example.mqproducer.ProducerWorker - Sent destination=APPQ threadId=25 msg=57 body=[destination=APPQ threadId=25 msg=57]
2026-09-29 16:19:10,508 INFO  [22] com.example.mqproducer.ProducerWorker - Sent destination=APPQ threadId=22 msg=57 body=[destination=APPQ threadId=22 msg=57]
2026-09-29 16:19:11,340 INFO  [23] com.example.mqproducer.ProducerWorker - Sent destination=APPQ threadId=23 msg=58 body=[destination=APPQ threadId=23 msg=58]
2026-09-29 16:19:11,389 INFO  [25] com.example.mqproducer.ProducerWorker - Sent destination=APPQ threadId=25 msg=58 body=[destination=APPQ threadId=25 msg=58]
2026-09-29 16:19:11,389 INFO  [24] com.example.mqproducer.ProducerWorker - Sent destination=APPQ threadId=24 msg=58 body=[destination=APPQ threadId=24 msg=58]
2026-09-29 16:19:11,517 INFO  [22] com.example.mqproducer.ProducerWorker - Sent destination=APPQ threadId=22 msg=58 body=[destination=APPQ threadId=22 msg=58]
2026-09-29 16:19:12,357 INFO  [23] com.example.mqproducer.ProducerWorker - Sent destination=APPQ threadId=23 msg=59 body=[destination=APPQ threadId=23 msg=59]
2026-09-29 16:19:12,402 INFO  [25] com.example.mqproducer.ProducerWorker - Sent destination=APPQ threadId=25 msg=59 body=[destination=APPQ threadId=25 msg=59]
2026-09-29 16:19:12,402 INFO  [24] com.example.mqproducer.ProducerWorker - Sent destination=APPQ threadId=24 msg=59 body=[destination=APPQ threadId=24 msg=59]
2026-09-29 16:19:12,525 INFO  [22] com.example.mqproducer.ProducerWorker - Sent destination=APPQ threadId=22 msg=59 body=[destination=APPQ threadId=22 msg=59]
2026-09-29 16:19:13,371 INFO  [23] com.example.mqproducer.ProducerWorker - Sent destination=APPQ threadId=23 msg=60 body=[destination=APPQ threadId=23 msg=60]
2026-09-29 16:19:13,419 INFO  [24] com.example.mqproducer.ProducerWorker - Sent destination=APPQ threadId=24 msg=60 body=[destination=APPQ threadId=24 msg=60]
2026-09-29 16:19:13,419 INFO  [25] com.example.mqproducer.ProducerWorker - Sent destination=APPQ threadId=25 msg=60 body=[destination=APPQ threadId=25 msg=60]
2026-09-29 16:19:13,529 INFO  [22] com.example.mqproducer.ProducerWorker - Sent destination=APPQ threadId=22 msg=60 body=[destination=APPQ threadId=22 msg=60]
2026-09-29 16:19:14,385 INFO  [23] com.example.mqproducer.ProducerWorker - Sent destination=APPQ threadId=23 msg=61 body=[destination=APPQ threadId=23 msg=61]
2026-09-29 16:19:14,435 INFO  [25] com.example.mqproducer.ProducerWorker - Sent destination=APPQ threadId=25 msg=61 body=[destination=APPQ threadId=25 msg=61]
2026-09-29 16:19:14,436 INFO  [24] com.example.mqproducer.ProducerWorker - Sent destination=APPQ threadId=24 msg=61 body=[destination=APPQ threadId=24 msg=61]
2026-09-29 16:19:14,544 INFO  [22] com.example.mqproducer.ProducerWorker - Sent destination=APPQ threadId=22 msg=61 body=[destination=APPQ threadId=22 msg=61]
2026-09-29 16:19:15,397 INFO  [23] com.example.mqproducer.ProducerWorker - Sent destination=APPQ threadId=23 msg=62 body=[destination=APPQ threadId=23 msg=62]
2026-09-29 16:19:15,447 INFO  [24] com.example.mqproducer.ProducerWorker - Sent destination=APPQ threadId=24 msg=62 body=[destination=APPQ threadId=24 msg=62]
2026-09-29 16:19:15,448 INFO  [25] com.example.mqproducer.ProducerWorker - Sent destination=APPQ threadId=25 msg=62 body=[destination=APPQ threadId=25 msg=62]
2026-09-29 16:19:15,557 INFO  [22] com.example.mqproducer.ProducerWorker - Sent destination=APPQ threadId=22 msg=62 body=[destination=APPQ threadId=22 msg=62]
2026-09-29 16:19:16,399 INFO  [23] com.example.mqproducer.ProducerWorker - Sent destination=APPQ threadId=23 msg=63 body=[destination=APPQ threadId=23 msg=63]
2026-09-29 16:19:16,464 INFO  [24] com.example.mqproducer.ProducerWorker - Sent destination=APPQ threadId=24 msg=63 body=[destination=APPQ threadId=24 msg=63]
2026-09-29 16:19:16,464 INFO  [25] com.example.mqproducer.ProducerWorker - Sent destination=APPQ threadId=25 msg=63 body=[destination=APPQ threadId=25 msg=63]
2026-09-29 16:19:16,576 INFO  [22] com.example.mqproducer.ProducerWorker - Sent destination=APPQ threadId=22 msg=63 body=[destination=APPQ threadId=22 msg=63]
2026-09-29 16:19:17,414 INFO  [23] com.example.mqproducer.ProducerWorker - Sent destination=APPQ threadId=23 msg=64 body=[destination=APPQ threadId=23 msg=64]
2026-09-29 16:19:17,477 INFO  [25] com.example.mqproducer.ProducerWorker - Sent destination=APPQ threadId=25 msg=64 body=[destination=APPQ threadId=25 msg=64]
2026-09-29 16:19:17,477 INFO  [24] com.example.mqproducer.ProducerWorker - Sent destination=APPQ threadId=24 msg=64 body=[destination=APPQ threadId=24 msg=64]
2026-09-29 16:19:17,586 INFO  [22] com.example.mqproducer.ProducerWorker - Sent destination=APPQ threadId=22 msg=64 body=[destination=APPQ threadId=22 msg=64]
2026-09-29 16:19:18,432 INFO  [23] com.example.mqproducer.ProducerWorker - Sent destination=APPQ threadId=23 msg=65 body=[destination=APPQ threadId=23 msg=65]
2026-09-29 16:19:18,484 INFO  [24] com.example.mqproducer.ProducerWorker - Sent destination=APPQ threadId=24 msg=65 body=[destination=APPQ threadId=24 msg=65]
2026-09-29 16:19:18,484 INFO  [25] com.example.mqproducer.ProducerWorker - Sent destination=APPQ threadId=25 msg=65 body=[destination=APPQ threadId=25 msg=65]
2026-09-29 16:19:18,593 INFO  [22] com.example.mqproducer.ProducerWorker - Sent destination=APPQ threadId=22 msg=65 body=[destination=APPQ threadId=22 msg=65]
2026-09-29 16:19:19,446 INFO  [23] com.example.mqproducer.ProducerWorker - Sent destination=APPQ threadId=23 msg=66 body=[destination=APPQ threadId=23 msg=66]
2026-09-29 16:19:19,493 INFO  [24] com.example.mqproducer.ProducerWorker - Sent destination=APPQ threadId=24 msg=66 body=[destination=APPQ threadId=24 msg=66]
2026-09-29 16:19:19,493 INFO  [25] com.example.mqproducer.ProducerWorker - Sent destination=APPQ threadId=25 msg=66 body=[destination=APPQ threadId=25 msg=66]
2026-09-29 16:19:19,600 INFO  [22] com.example.mqproducer.ProducerWorker - Sent destination=APPQ threadId=22 msg=66 body=[destination=APPQ threadId=22 msg=66]
2026-09-29 16:19:20,464 INFO  [23] com.example.mqproducer.ProducerWorker - Sent destination=APPQ threadId=23 msg=67 body=[destination=APPQ threadId=23 msg=67]
2026-09-29 16:19:20,508 INFO  [24] com.example.mqproducer.ProducerWorker - Sent destination=APPQ threadId=24 msg=67 body=[destination=APPQ threadId=24 msg=67]
2026-09-29 16:19:20,508 INFO  [25] com.example.mqproducer.ProducerWorker - Sent destination=APPQ threadId=25 msg=67 body=[destination=APPQ threadId=25 msg=67]
2026-09-29 16:19:20,619 INFO  [22] com.example.mqproducer.ProducerWorker - Sent destination=APPQ threadId=22 msg=67 body=[destination=APPQ threadId=22 msg=67]
2026-09-29 16:19:21,473 INFO  [23] com.example.mqproducer.ProducerWorker - Sent destination=APPQ threadId=23 msg=68 body=[destination=APPQ threadId=23 msg=68]
2026-09-29 16:19:21,521 INFO  [25] com.example.mqproducer.ProducerWorker - Sent destination=APPQ threadId=25 msg=68 body=[destination=APPQ threadId=25 msg=68]
2026-09-29 16:19:21,521 INFO  [24] com.example.mqproducer.ProducerWorker - Sent destination=APPQ threadId=24 msg=68 body=[destination=APPQ threadId=24 msg=68]
2026-09-29 16:19:21,628 INFO  [22] com.example.mqproducer.ProducerWorker - Sent destination=APPQ threadId=22 msg=68 body=[destination=APPQ threadId=22 msg=68]
2026-09-29 16:19:22,477 INFO  [23] com.example.mqproducer.ProducerWorker - Sent destination=APPQ threadId=23 msg=69 body=[destination=APPQ threadId=23 msg=69]
2026-09-29 16:19:22,525 INFO  [24] com.example.mqproducer.ProducerWorker - Sent destination=APPQ threadId=24 msg=69 body=[destination=APPQ threadId=24 msg=69]
2026-09-29 16:19:22,526 INFO  [25] com.example.mqproducer.ProducerWorker - Sent destination=APPQ threadId=25 msg=69 body=[destination=APPQ threadId=25 msg=69]
2026-09-29 16:19:22,636 INFO  [22] com.example.mqproducer.ProducerWorker - Sent destination=APPQ threadId=22 msg=69 body=[destination=APPQ threadId=22 msg=69]
2026-09-29 16:19:23,496 INFO  [23] com.example.mqproducer.ProducerWorker - Sent destination=APPQ threadId=23 msg=70 body=[destination=APPQ threadId=23 msg=70]
2026-09-29 16:19:23,539 INFO  [25] com.example.mqproducer.ProducerWorker - Sent destination=APPQ threadId=25 msg=70 body=[destination=APPQ threadId=25 msg=70]
2026-09-29 16:19:23,540 INFO  [24] com.example.mqproducer.ProducerWorker - Sent destination=APPQ threadId=24 msg=70 body=[destination=APPQ threadId=24 msg=70]
2026-09-29 16:19:23,651 INFO  [22] com.example.mqproducer.ProducerWorker - Sent destination=APPQ threadId=22 msg=70 body=[destination=APPQ threadId=22 msg=70]
2026-09-29 16:19:24,512 INFO  [23] com.example.mqproducer.ProducerWorker - Sent destination=APPQ threadId=23 msg=71 body=[destination=APPQ threadId=23 msg=71]
2026-09-29 16:19:24,554 INFO  [25] com.example.mqproducer.ProducerWorker - Sent destination=APPQ threadId=25 msg=71 body=[destination=APPQ threadId=25 msg=71]
2026-09-29 16:19:24,554 INFO  [24] com.example.mqproducer.ProducerWorker - Sent destination=APPQ threadId=24 msg=71 body=[destination=APPQ threadId=24 msg=71]
2026-09-29 16:19:24,665 INFO  [22] com.example.mqproducer.ProducerWorker - Sent destination=APPQ threadId=22 msg=71 body=[destination=APPQ threadId=22 msg=71]
2026-09-29 16:19:25,523 INFO  [23] com.example.mqproducer.ProducerWorker - Sent destination=APPQ threadId=23 msg=72 body=[destination=APPQ threadId=23 msg=72]
2026-09-29 16:19:25,566 INFO  [25] com.example.mqproducer.ProducerWorker - Sent destination=APPQ threadId=25 msg=72 body=[destination=APPQ threadId=25 msg=72]
2026-09-29 16:19:25,566 INFO  [24] com.example.mqproducer.ProducerWorker - Sent destination=APPQ threadId=24 msg=72 body=[destination=APPQ threadId=24 msg=72]
2026-09-29 16:19:25,678 INFO  [22] com.example.mqproducer.ProducerWorker - Sent destination=APPQ threadId=22 msg=72 body=[destination=APPQ threadId=22 msg=72]
2026-09-29 16:19:26,539 INFO  [23] com.example.mqproducer.ProducerWorker - Sent destination=APPQ threadId=23 msg=73 body=[destination=APPQ threadId=23 msg=73]
2026-09-29 16:19:26,571 INFO  [24] com.example.mqproducer.ProducerWorker - Sent destination=APPQ threadId=24 msg=73 body=[destination=APPQ threadId=24 msg=73]
2026-09-29 16:19:26,572 INFO  [25] com.example.mqproducer.ProducerWorker - Sent destination=APPQ threadId=25 msg=73 body=[destination=APPQ threadId=25 msg=73]
2026-09-29 16:19:26,680 INFO  [22] com.example.mqproducer.ProducerWorker - Sent destination=APPQ threadId=22 msg=73 body=[destination=APPQ threadId=22 msg=73]
2026-09-29 16:19:27,556 INFO  [23] com.example.mqproducer.ProducerWorker - Sent destination=APPQ threadId=23 msg=74 body=[destination=APPQ threadId=23 msg=74]
2026-09-29 16:19:27,587 INFO  [25] com.example.mqproducer.ProducerWorker - Sent destination=APPQ threadId=25 msg=74 body=[destination=APPQ threadId=25 msg=74]
2026-09-29 16:19:27,587 INFO  [24] com.example.mqproducer.ProducerWorker - Sent destination=APPQ threadId=24 msg=74 body=[destination=APPQ threadId=24 msg=74]
2026-09-29 16:19:27,697 INFO  [22] com.example.mqproducer.ProducerWorker - Sent destination=APPQ threadId=22 msg=74 body=[destination=APPQ threadId=22 msg=74]
2026-09-29 16:19:28,571 INFO  [23] com.example.mqproducer.ProducerWorker - Sent destination=APPQ threadId=23 msg=75 body=[destination=APPQ threadId=23 msg=75]
2026-09-29 16:19:28,601 INFO  [24] com.example.mqproducer.ProducerWorker - Sent destination=APPQ threadId=24 msg=75 body=[destination=APPQ threadId=24 msg=75]
2026-09-29 16:19:28,602 INFO  [25] com.example.mqproducer.ProducerWorker - Sent destination=APPQ threadId=25 msg=75 body=[destination=APPQ threadId=25 msg=75]
2026-09-29 16:19:28,716 INFO  [22] com.example.mqproducer.ProducerWorker - Sent destination=APPQ threadId=22 msg=75 body=[destination=APPQ threadId=22 msg=75]
2026-09-29 16:19:29,589 INFO  [23] com.example.mqproducer.ProducerWorker - Sent destination=APPQ threadId=23 msg=76 body=[destination=APPQ threadId=23 msg=76]
2026-09-29 16:19:29,609 INFO  [24] com.example.mqproducer.ProducerWorker - Sent destination=APPQ threadId=24 msg=76 body=[destination=APPQ threadId=24 msg=76]
2026-09-29 16:19:29,609 INFO  [25] com.example.mqproducer.ProducerWorker - Sent destination=APPQ threadId=25 msg=76 body=[destination=APPQ threadId=25 msg=76]
2026-09-29 16:19:29,732 INFO  [22] com.example.mqproducer.ProducerWorker - Sent destination=APPQ threadId=22 msg=76 body=[destination=APPQ threadId=22 msg=76]
2026-09-29 16:19:30,594 INFO  [23] com.example.mqproducer.ProducerWorker - Sent destination=APPQ threadId=23 msg=77 body=[destination=APPQ threadId=23 msg=77]
2026-09-29 16:19:30,625 INFO  [24] com.example.mqproducer.ProducerWorker - Sent destination=APPQ threadId=24 msg=77 body=[destination=APPQ threadId=24 msg=77]
2026-09-29 16:19:30,625 INFO  [25] com.example.mqproducer.ProducerWorker - Sent destination=APPQ threadId=25 msg=77 body=[destination=APPQ threadId=25 msg=77]
2026-09-29 16:19:30,735 INFO  [22] com.example.mqproducer.ProducerWorker - Sent destination=APPQ threadId=22 msg=77 body=[destination=APPQ threadId=22 msg=77]
2026-09-29 16:19:31,604 INFO  [23] com.example.mqproducer.ProducerWorker - Sent destination=APPQ threadId=23 msg=78 body=[destination=APPQ threadId=23 msg=78]
2026-09-29 16:19:31,634 INFO  [24] com.example.mqproducer.ProducerWorker - Sent destination=APPQ threadId=24 msg=78 body=[destination=APPQ threadId=24 msg=78]
2026-09-29 16:19:31,635 INFO  [25] com.example.mqproducer.ProducerWorker - Sent destination=APPQ threadId=25 msg=78 body=[destination=APPQ threadId=25 msg=78]
2026-09-29 16:19:31,745 INFO  [22] com.example.mqproducer.ProducerWorker - Sent destination=APPQ threadId=22 msg=78 body=[destination=APPQ threadId=22 msg=78]
2026-09-29 16:19:32,617 INFO  [23] com.example.mqproducer.ProducerWorker - Sent destination=APPQ threadId=23 msg=79 body=[destination=APPQ threadId=23 msg=79]
2026-09-29 16:19:32,647 INFO  [24] com.example.mqproducer.ProducerWorker - Sent destination=APPQ threadId=24 msg=79 body=[destination=APPQ threadId=24 msg=79]
2026-09-29 16:19:32,648 INFO  [25] com.example.mqproducer.ProducerWorker - Sent destination=APPQ threadId=25 msg=79 body=[destination=APPQ threadId=25 msg=79]
2026-09-29 16:19:32,757 INFO  [22] com.example.mqproducer.ProducerWorker - Sent destination=APPQ threadId=22 msg=79 body=[destination=APPQ threadId=22 msg=79]
2026-09-29 16:19:33,636 INFO  [23] com.example.mqproducer.ProducerWorker - Sent destination=APPQ threadId=23 msg=80 body=[destination=APPQ threadId=23 msg=80]
2026-09-29 16:19:33,664 INFO  [24] com.example.mqproducer.ProducerWorker - Sent destination=APPQ threadId=24 msg=80 body=[destination=APPQ threadId=24 msg=80]
2026-09-29 16:19:33,664 INFO  [25] com.example.mqproducer.ProducerWorker - Sent destination=APPQ threadId=25 msg=80 body=[destination=APPQ threadId=25 msg=80]
2026-09-29 16:19:33,774 INFO  [22] com.example.mqproducer.ProducerWorker - Sent destination=APPQ threadId=22 msg=80 body=[destination=APPQ threadId=22 msg=80]
2026-09-29 16:19:34,649 INFO  [23] com.example.mqproducer.ProducerWorker - Sent destination=APPQ threadId=23 msg=81 body=[destination=APPQ threadId=23 msg=81]
2026-09-29 16:19:34,680 INFO  [25] com.example.mqproducer.ProducerWorker - Sent destination=APPQ threadId=25 msg=81 body=[destination=APPQ threadId=25 msg=81]
2026-09-29 16:19:34,680 INFO  [24] com.example.mqproducer.ProducerWorker - Sent destination=APPQ threadId=24 msg=81 body=[destination=APPQ threadId=24 msg=81]
2026-09-29 16:19:34,787 INFO  [22] com.example.mqproducer.ProducerWorker - Sent destination=APPQ threadId=22 msg=81 body=[destination=APPQ threadId=22 msg=81]
2026-09-29 16:19:35,664 INFO  [23] com.example.mqproducer.ProducerWorker - Sent destination=APPQ threadId=23 msg=82 body=[destination=APPQ threadId=23 msg=82]
2026-09-29 16:19:35,695 INFO  [25] com.example.mqproducer.ProducerWorker - Sent destination=APPQ threadId=25 msg=82 body=[destination=APPQ threadId=25 msg=82]
2026-09-29 16:19:35,695 INFO  [24] com.example.mqproducer.ProducerWorker - Sent destination=APPQ threadId=24 msg=82 body=[destination=APPQ threadId=24 msg=82]
2026-09-29 16:19:35,790 INFO  [22] com.example.mqproducer.ProducerWorker - Sent destination=APPQ threadId=22 msg=82 body=[destination=APPQ threadId=22 msg=82]
2026-09-29 16:19:36,669 INFO  [23] com.example.mqproducer.ProducerWorker - Sent destination=APPQ threadId=23 msg=83 body=[destination=APPQ threadId=23 msg=83]
2026-09-29 16:19:36,712 INFO  [24] com.example.mqproducer.ProducerWorker - Sent destination=APPQ threadId=24 msg=83 body=[destination=APPQ threadId=24 msg=83]
2026-09-29 16:19:36,712 INFO  [25] com.example.mqproducer.ProducerWorker - Sent destination=APPQ threadId=25 msg=83 body=[destination=APPQ threadId=25 msg=83]
2026-09-29 16:19:36,796 INFO  [22] com.example.mqproducer.ProducerWorker - Sent destination=APPQ threadId=22 msg=83 body=[destination=APPQ threadId=22 msg=83]
2026-09-29 16:19:37,681 INFO  [23] com.example.mqproducer.ProducerWorker - Sent destination=APPQ threadId=23 msg=84 body=[destination=APPQ threadId=23 msg=84]
2026-09-29 16:19:37,732 INFO  [24] com.example.mqproducer.ProducerWorker - Sent destination=APPQ threadId=24 msg=84 body=[destination=APPQ threadId=24 msg=84]
2026-09-29 16:19:37,732 INFO  [25] com.example.mqproducer.ProducerWorker - Sent destination=APPQ threadId=25 msg=84 body=[destination=APPQ threadId=25 msg=84]
2026-09-29 16:19:37,805 INFO  [22] com.example.mqproducer.ProducerWorker - Sent destination=APPQ threadId=22 msg=84 body=[destination=APPQ threadId=22 msg=84]
2026-09-29 16:19:38,699 INFO  [23] com.example.mqproducer.ProducerWorker - Sent destination=APPQ threadId=23 msg=85 body=[destination=APPQ threadId=23 msg=85]
2026-09-29 16:19:38,745 INFO  [24] com.example.mqproducer.ProducerWorker - Sent destination=APPQ threadId=24 msg=85 body=[destination=APPQ threadId=24 msg=85]
2026-09-29 16:19:38,745 INFO  [25] com.example.mqproducer.ProducerWorker - Sent destination=APPQ threadId=25 msg=85 body=[destination=APPQ threadId=25 msg=85]
2026-09-29 16:19:38,815 INFO  [22] com.example.mqproducer.ProducerWorker - Sent destination=APPQ threadId=22 msg=85 body=[destination=APPQ threadId=22 msg=85]
2026-09-29 16:19:39,711 INFO  [23] com.example.mqproducer.ProducerWorker - Sent destination=APPQ threadId=23 msg=86 body=[destination=APPQ threadId=23 msg=86]
2026-09-29 16:19:39,759 INFO  [24] com.example.mqproducer.ProducerWorker - Sent destination=APPQ threadId=24 msg=86 body=[destination=APPQ threadId=24 msg=86]
2026-09-29 16:19:39,760 INFO  [25] com.example.mqproducer.ProducerWorker - Sent destination=APPQ threadId=25 msg=86 body=[destination=APPQ threadId=25 msg=86]
2026-09-29 16:19:39,819 INFO  [22] com.example.mqproducer.ProducerWorker - Sent destination=APPQ threadId=22 msg=86 body=[destination=APPQ threadId=22 msg=86]
2026-09-29 16:19:40,727 INFO  [23] com.example.mqproducer.ProducerWorker - Sent destination=APPQ threadId=23 msg=87 body=[destination=APPQ threadId=23 msg=87]
2026-09-29 16:19:40,772 INFO  [25] com.example.mqproducer.ProducerWorker - Sent destination=APPQ threadId=25 msg=87 body=[destination=APPQ threadId=25 msg=87]
2026-09-29 16:19:40,772 INFO  [24] com.example.mqproducer.ProducerWorker - Sent destination=APPQ threadId=24 msg=87 body=[destination=APPQ threadId=24 msg=87]
2026-09-29 16:19:40,833 INFO  [22] com.example.mqproducer.ProducerWorker - Sent destination=APPQ threadId=22 msg=87 body=[destination=APPQ threadId=22 msg=87]
2026-09-29 16:19:41,746 INFO  [23] com.example.mqproducer.ProducerWorker - Sent destination=APPQ threadId=23 msg=88 body=[destination=APPQ threadId=23 msg=88]
2026-09-29 16:19:41,777 INFO  [25] com.example.mqproducer.ProducerWorker - Sent destination=APPQ threadId=25 msg=88 body=[destination=APPQ threadId=25 msg=88]
2026-09-29 16:19:41,777 INFO  [24] com.example.mqproducer.ProducerWorker - Sent destination=APPQ threadId=24 msg=88 body=[destination=APPQ threadId=24 msg=88]
2026-09-29 16:19:41,841 INFO  [22] com.example.mqproducer.ProducerWorker - Sent destination=APPQ threadId=22 msg=88 body=[destination=APPQ threadId=22 msg=88]
2026-09-29 16:19:42,766 INFO  [23] com.example.mqproducer.ProducerWorker - Sent destination=APPQ threadId=23 msg=89 body=[destination=APPQ threadId=23 msg=89]
2026-09-29 16:19:42,794 INFO  [25] com.example.mqproducer.ProducerWorker - Sent destination=APPQ threadId=25 msg=89 body=[destination=APPQ threadId=25 msg=89]
2026-09-29 16:19:42,794 INFO  [24] com.example.mqproducer.ProducerWorker - Sent destination=APPQ threadId=24 msg=89 body=[destination=APPQ threadId=24 msg=89]
2026-09-29 16:19:42,853 INFO  [22] com.example.mqproducer.ProducerWorker - Sent destination=APPQ threadId=22 msg=89 body=[destination=APPQ threadId=22 msg=89]
2026-09-29 16:19:43,774 INFO  [23] com.example.mqproducer.ProducerWorker - Sent destination=APPQ threadId=23 msg=90 body=[destination=APPQ threadId=23 msg=90]
2026-09-29 16:19:43,803 INFO  [24] com.example.mqproducer.ProducerWorker - Sent destination=APPQ threadId=24 msg=90 body=[destination=APPQ threadId=24 msg=90]
2026-09-29 16:19:43,805 INFO  [25] com.example.mqproducer.ProducerWorker - Sent destination=APPQ threadId=25 msg=90 body=[destination=APPQ threadId=25 msg=90]
2026-09-29 16:19:43,865 INFO  [22] com.example.mqproducer.ProducerWorker - Sent destination=APPQ threadId=22 msg=90 body=[destination=APPQ threadId=22 msg=90]
2026-09-29 16:19:44,786 INFO  [23] com.example.mqproducer.ProducerWorker - Sent destination=APPQ threadId=23 msg=91 body=[destination=APPQ threadId=23 msg=91]
2026-09-29 16:19:44,815 INFO  [25] com.example.mqproducer.ProducerWorker - Sent destination=APPQ threadId=25 msg=91 body=[destination=APPQ threadId=25 msg=91]
2026-09-29 16:19:44,815 INFO  [24] com.example.mqproducer.ProducerWorker - Sent destination=APPQ threadId=24 msg=91 body=[destination=APPQ threadId=24 msg=91]
2026-09-29 16:19:44,881 INFO  [22] com.example.mqproducer.ProducerWorker - Sent destination=APPQ threadId=22 msg=91 body=[destination=APPQ threadId=22 msg=91]
2026-09-29 16:19:45,793 INFO  [23] com.example.mqproducer.ProducerWorker - Sent destination=APPQ threadId=23 msg=92 body=[destination=APPQ threadId=23 msg=92]
2026-09-29 16:19:45,821 INFO  [25] com.example.mqproducer.ProducerWorker - Sent destination=APPQ threadId=25 msg=92 body=[destination=APPQ threadId=25 msg=92]
2026-09-29 16:19:45,821 INFO  [24] com.example.mqproducer.ProducerWorker - Sent destination=APPQ threadId=24 msg=92 body=[destination=APPQ threadId=24 msg=92]
2026-09-29 16:19:45,886 INFO  [22] com.example.mqproducer.ProducerWorker - Sent destination=APPQ threadId=22 msg=92 body=[destination=APPQ threadId=22 msg=92]
2026-09-29 16:19:46,805 INFO  [23] com.example.mqproducer.ProducerWorker - Sent destination=APPQ threadId=23 msg=93 body=[destination=APPQ threadId=23 msg=93]
2026-09-29 16:19:46,827 INFO  [25] com.example.mqproducer.ProducerWorker - Sent destination=APPQ threadId=25 msg=93 body=[destination=APPQ threadId=25 msg=93]
2026-09-29 16:19:46,828 INFO  [24] com.example.mqproducer.ProducerWorker - Sent destination=APPQ threadId=24 msg=93 body=[destination=APPQ threadId=24 msg=93]
2026-09-29 16:19:46,897 INFO  [22] com.example.mqproducer.ProducerWorker - Sent destination=APPQ threadId=22 msg=93 body=[destination=APPQ threadId=22 msg=93]
2026-09-29 16:19:47,821 INFO  [23] com.example.mqproducer.ProducerWorker - Sent destination=APPQ threadId=23 msg=94 body=[destination=APPQ threadId=23 msg=94]
2026-09-29 16:19:47,834 INFO  [25] com.example.mqproducer.ProducerWorker - Sent destination=APPQ threadId=25 msg=94 body=[destination=APPQ threadId=25 msg=94]
2026-09-29 16:19:47,835 INFO  [24] com.example.mqproducer.ProducerWorker - Sent destination=APPQ threadId=24 msg=94 body=[destination=APPQ threadId=24 msg=94]
2026-09-29 16:19:47,902 INFO  [22] com.example.mqproducer.ProducerWorker - Sent destination=APPQ threadId=22 msg=94 body=[destination=APPQ threadId=22 msg=94]
2026-09-29 16:19:48,840 INFO  [24] com.example.mqproducer.ProducerWorker - Sent destination=APPQ threadId=24 msg=95 body=[destination=APPQ threadId=24 msg=95]
2026-09-29 16:19:48,843 INFO  [25] com.example.mqproducer.ProducerWorker - Sent destination=APPQ threadId=25 msg=95 body=[destination=APPQ threadId=25 msg=95]
2026-09-29 16:19:48,843 INFO  [23] com.example.mqproducer.ProducerWorker - Sent destination=APPQ threadId=23 msg=95 body=[destination=APPQ threadId=23 msg=95]
2026-09-29 16:19:48,914 INFO  [22] com.example.mqproducer.ProducerWorker - Sent destination=APPQ threadId=22 msg=95 body=[destination=APPQ threadId=22 msg=95]
2026-09-29 16:19:49,855 INFO  [23] com.example.mqproducer.ProducerWorker - Sent destination=APPQ threadId=23 msg=96 body=[destination=APPQ threadId=23 msg=96]
2026-09-29 16:19:49,855 INFO  [24] com.example.mqproducer.ProducerWorker - Sent destination=APPQ threadId=24 msg=96 body=[destination=APPQ threadId=24 msg=96]
2026-09-29 16:19:49,855 INFO  [25] com.example.mqproducer.ProducerWorker - Sent destination=APPQ threadId=25 msg=96 body=[destination=APPQ threadId=25 msg=96]
2026-09-29 16:19:49,929 INFO  [22] com.example.mqproducer.ProducerWorker - Sent destination=APPQ threadId=22 msg=96 body=[destination=APPQ threadId=22 msg=96]
2026-09-29 16:19:50,860 INFO  [23] com.example.mqproducer.ProducerWorker - Sent destination=APPQ threadId=23 msg=97 body=[destination=APPQ threadId=23 msg=97]
2026-09-29 16:19:50,860 INFO  [25] com.example.mqproducer.ProducerWorker - Sent destination=APPQ threadId=25 msg=97 body=[destination=APPQ threadId=25 msg=97]
2026-09-29 16:19:50,863 INFO  [24] com.example.mqproducer.ProducerWorker - Sent destination=APPQ threadId=24 msg=97 body=[destination=APPQ threadId=24 msg=97]
2026-09-29 16:19:50,938 INFO  [22] com.example.mqproducer.ProducerWorker - Sent destination=APPQ threadId=22 msg=97 body=[destination=APPQ threadId=22 msg=97]
2026-09-29 16:19:51,869 INFO  [23] com.example.mqproducer.ProducerWorker - Sent destination=APPQ threadId=23 msg=98 body=[destination=APPQ threadId=23 msg=98]
2026-09-29 16:19:51,869 INFO  [25] com.example.mqproducer.ProducerWorker - Sent destination=APPQ threadId=25 msg=98 body=[destination=APPQ threadId=25 msg=98]
2026-09-29 16:19:51,872 INFO  [24] com.example.mqproducer.ProducerWorker - Sent destination=APPQ threadId=24 msg=98 body=[destination=APPQ threadId=24 msg=98]
2026-09-29 16:19:51,950 INFO  [22] com.example.mqproducer.ProducerWorker - Sent destination=APPQ threadId=22 msg=98 body=[destination=APPQ threadId=22 msg=98]
2026-09-29 16:19:52,882 INFO  [25] com.example.mqproducer.ProducerWorker - Sent destination=APPQ threadId=25 msg=99 body=[destination=APPQ threadId=25 msg=99]
2026-09-29 16:19:52,882 INFO  [24] com.example.mqproducer.ProducerWorker - Sent destination=APPQ threadId=24 msg=99 body=[destination=APPQ threadId=24 msg=99]
2026-09-29 16:19:52,882 INFO  [23] com.example.mqproducer.ProducerWorker - Sent destination=APPQ threadId=23 msg=99 body=[destination=APPQ threadId=23 msg=99]
2026-09-29 16:19:52,960 INFO  [22] com.example.mqproducer.ProducerWorker - Sent destination=APPQ threadId=22 msg=99 body=[destination=APPQ threadId=22 msg=99]
2026-09-29 16:19:53,899 INFO  [24] com.example.mqproducer.ProducerWorker - Sent destination=APPQ threadId=24 msg=100 body=[destination=APPQ threadId=24 msg=100]
2026-09-29 16:19:53,900 INFO  [25] com.example.mqproducer.ProducerWorker - Sent destination=APPQ threadId=25 msg=100 body=[destination=APPQ threadId=25 msg=100]
2026-09-29 16:19:53,900 INFO  [23] com.example.mqproducer.ProducerWorker - Sent destination=APPQ threadId=23 msg=100 body=[destination=APPQ threadId=23 msg=100]
2026-09-29 16:19:53,976 INFO  [22] com.example.mqproducer.ProducerWorker - Sent destination=APPQ threadId=22 msg=100 body=[destination=APPQ threadId=22 msg=100]
2026-09-29 16:19:54,907 INFO  [23] com.example.mqproducer.ProducerWorker - Sent destination=APPQ threadId=23 msg=101 body=[destination=APPQ threadId=23 msg=101]
2026-09-29 16:19:54,907 INFO  [24] com.example.mqproducer.ProducerWorker - Sent destination=APPQ threadId=24 msg=101 body=[destination=APPQ threadId=24 msg=101]
2026-09-29 16:19:54,907 INFO  [25] com.example.mqproducer.ProducerWorker - Sent destination=APPQ threadId=25 msg=101 body=[destination=APPQ threadId=25 msg=101]
2026-09-29 16:19:54,985 INFO  [22] com.example.mqproducer.ProducerWorker - Sent destination=APPQ threadId=22 msg=101 body=[destination=APPQ threadId=22 msg=101]
2026-09-29 16:19:55,914 INFO  [25] com.example.mqproducer.ProducerWorker - Sent destination=APPQ threadId=25 msg=102 body=[destination=APPQ threadId=25 msg=102]
2026-09-29 16:19:55,916 INFO  [23] com.example.mqproducer.ProducerWorker - Sent destination=APPQ threadId=23 msg=102 body=[destination=APPQ threadId=23 msg=102]
2026-09-29 16:19:55,916 INFO  [24] com.example.mqproducer.ProducerWorker - Sent destination=APPQ threadId=24 msg=102 body=[destination=APPQ threadId=24 msg=102]
2026-09-29 16:19:55,991 INFO  [22] com.example.mqproducer.ProducerWorker - Sent destination=APPQ threadId=22 msg=102 body=[destination=APPQ threadId=22 msg=102]
2026-09-29 16:19:56,932 INFO  [25] com.example.mqproducer.ProducerWorker - Sent destination=APPQ threadId=25 msg=103 body=[destination=APPQ threadId=25 msg=103]
2026-09-29 16:19:56,932 INFO  [23] com.example.mqproducer.ProducerWorker - Sent destination=APPQ threadId=23 msg=103 body=[destination=APPQ threadId=23 msg=103]
2026-09-29 16:19:56,932 INFO  [24] com.example.mqproducer.ProducerWorker - Sent destination=APPQ threadId=24 msg=103 body=[destination=APPQ threadId=24 msg=103]
2026-09-29 16:19:56,995 INFO  [22] com.example.mqproducer.ProducerWorker - Sent destination=APPQ threadId=22 msg=103 body=[destination=APPQ threadId=22 msg=103]
2026-09-29 16:19:57,945 INFO  [24] com.example.mqproducer.ProducerWorker - Sent destination=APPQ threadId=24 msg=104 body=[destination=APPQ threadId=24 msg=104]
2026-09-29 16:19:57,945 INFO  [23] com.example.mqproducer.ProducerWorker - Sent destination=APPQ threadId=23 msg=104 body=[destination=APPQ threadId=23 msg=104]
2026-09-29 16:19:57,945 INFO  [25] com.example.mqproducer.ProducerWorker - Sent destination=APPQ threadId=25 msg=104 body=[destination=APPQ threadId=25 msg=104]
2026-09-29 16:19:58,009 INFO  [22] com.example.mqproducer.ProducerWorker - Sent destination=APPQ threadId=22 msg=104 body=[destination=APPQ threadId=22 msg=104]
2026-09-29 16:19:58,950 INFO  [25] com.example.mqproducer.ProducerWorker - Sent destination=APPQ threadId=25 msg=105 body=[destination=APPQ threadId=25 msg=105]
2026-09-29 16:19:58,950 INFO  [24] com.example.mqproducer.ProducerWorker - Sent destination=APPQ threadId=24 msg=105 body=[destination=APPQ threadId=24 msg=105]
2026-09-29 16:19:58,952 INFO  [23] com.example.mqproducer.ProducerWorker - Sent destination=APPQ threadId=23 msg=105 body=[destination=APPQ threadId=23 msg=105]
2026-09-29 16:19:59,014 INFO  [22] com.example.mqproducer.ProducerWorker - Sent destination=APPQ threadId=22 msg=105 body=[destination=APPQ threadId=22 msg=105]
2026-09-29 16:19:59,961 INFO  [24] com.example.mqproducer.ProducerWorker - Sent destination=APPQ threadId=24 msg=106 body=[destination=APPQ threadId=24 msg=106]
2026-09-29 16:19:59,962 INFO  [25] com.example.mqproducer.ProducerWorker - Sent destination=APPQ threadId=25 msg=106 body=[destination=APPQ threadId=25 msg=106]
2026-09-29 16:19:59,965 INFO  [23] com.example.mqproducer.ProducerWorker - Sent destination=APPQ threadId=23 msg=106 body=[destination=APPQ threadId=23 msg=106]
2026-09-29 16:20:00,029 INFO  [22] com.example.mqproducer.ProducerWorker - Sent destination=APPQ threadId=22 msg=106 body=[destination=APPQ threadId=22 msg=106]
2026-09-29 16:20:00,973 INFO  [23] com.example.mqproducer.ProducerWorker - Sent destination=APPQ threadId=23 msg=107 body=[destination=APPQ threadId=23 msg=107]
2026-09-29 16:20:00,973 INFO  [24] com.example.mqproducer.ProducerWorker - Sent destination=APPQ threadId=24 msg=107 body=[destination=APPQ threadId=24 msg=107]
2026-09-29 16:20:00,973 INFO  [25] com.example.mqproducer.ProducerWorker - Sent destination=APPQ threadId=25 msg=107 body=[destination=APPQ threadId=25 msg=107]
2026-09-29 16:20:01,034 INFO  [22] com.example.mqproducer.ProducerWorker - Sent destination=APPQ threadId=22 msg=107 body=[destination=APPQ threadId=22 msg=107]
2026-09-29 16:20:01,979 INFO  [25] com.example.mqproducer.ProducerWorker - Sent destination=APPQ threadId=25 msg=108 body=[destination=APPQ threadId=25 msg=108]
2026-09-29 16:20:01,979 INFO  [24] com.example.mqproducer.ProducerWorker - Sent destination=APPQ threadId=24 msg=108 body=[destination=APPQ threadId=24 msg=108]
2026-09-29 16:20:01,979 INFO  [23] com.example.mqproducer.ProducerWorker - Sent destination=APPQ threadId=23 msg=108 body=[destination=APPQ threadId=23 msg=108]
2026-09-29 16:20:02,039 INFO  [22] com.example.mqproducer.ProducerWorker - Sent destination=APPQ threadId=22 msg=108 body=[destination=APPQ threadId=22 msg=108]
2026-09-29 16:20:02,992 INFO  [25] com.example.mqproducer.ProducerWorker - Sent destination=APPQ threadId=25 msg=109 body=[destination=APPQ threadId=25 msg=109]
2026-09-29 16:20:02,992 INFO  [23] com.example.mqproducer.ProducerWorker - Sent destination=APPQ threadId=23 msg=109 body=[destination=APPQ threadId=23 msg=109]
2026-09-29 16:20:02,994 INFO  [24] com.example.mqproducer.ProducerWorker - Sent destination=APPQ threadId=24 msg=109 body=[destination=APPQ threadId=24 msg=109]
2026-09-29 16:20:03,057 INFO  [22] com.example.mqproducer.ProducerWorker - Sent destination=APPQ threadId=22 msg=109 body=[destination=APPQ threadId=22 msg=109]
2026-09-29 16:20:03,997 INFO  [25] com.example.mqproducer.ProducerWorker - Sent destination=APPQ threadId=25 msg=110 body=[destination=APPQ threadId=25 msg=110]
2026-09-29 16:20:03,999 INFO  [24] com.example.mqproducer.ProducerWorker - Sent destination=APPQ threadId=24 msg=110 body=[destination=APPQ threadId=24 msg=110]
2026-09-29 16:20:04,000 INFO  [23] com.example.mqproducer.ProducerWorker - Sent destination=APPQ threadId=23 msg=110 body=[destination=APPQ threadId=23 msg=110]
2026-09-29 16:20:04,071 INFO  [22] com.example.mqproducer.ProducerWorker - Sent destination=APPQ threadId=22 msg=110 body=[destination=APPQ threadId=22 msg=110]
2026-09-29 16:20:05,006 INFO  [23] com.example.mqproducer.ProducerWorker - Sent destination=APPQ threadId=23 msg=111 body=[destination=APPQ threadId=23 msg=111]
2026-09-29 16:20:05,007 INFO  [24] com.example.mqproducer.ProducerWorker - Sent destination=APPQ threadId=24 msg=111 body=[destination=APPQ threadId=24 msg=111]
2026-09-29 16:20:05,008 INFO  [25] com.example.mqproducer.ProducerWorker - Sent destination=APPQ threadId=25 msg=111 body=[destination=APPQ threadId=25 msg=111]
2026-09-29 16:20:05,085 INFO  [22] com.example.mqproducer.ProducerWorker - Sent destination=APPQ threadId=22 msg=111 body=[destination=APPQ threadId=22 msg=111]
2026-09-29 16:20:06,011 INFO  [23] com.example.mqproducer.ProducerWorker - Sent destination=APPQ threadId=23 msg=112 body=[destination=APPQ threadId=23 msg=112]
2026-09-29 16:20:06,011 INFO  [24] com.example.mqproducer.ProducerWorker - Sent destination=APPQ threadId=24 msg=112 body=[destination=APPQ threadId=24 msg=112]
2026-09-29 16:20:06,027 INFO  [25] com.example.mqproducer.ProducerWorker - Sent destination=APPQ threadId=25 msg=112 body=[destination=APPQ threadId=25 msg=112]
2026-09-29 16:20:06,100 INFO  [22] com.example.mqproducer.ProducerWorker - Sent destination=APPQ threadId=22 msg=112 body=[destination=APPQ threadId=22 msg=112]
2026-09-29 16:20:07,024 INFO  [23] com.example.mqproducer.ProducerWorker - Sent destination=APPQ threadId=23 msg=113 body=[destination=APPQ threadId=23 msg=113]
2026-09-29 16:20:07,025 INFO  [24] com.example.mqproducer.ProducerWorker - Sent destination=APPQ threadId=24 msg=113 body=[destination=APPQ threadId=24 msg=113]
2026-09-29 16:20:07,042 INFO  [25] com.example.mqproducer.ProducerWorker - Sent destination=APPQ threadId=25 msg=113 body=[destination=APPQ threadId=25 msg=113]
2026-09-29 16:20:07,117 INFO  [22] com.example.mqproducer.ProducerWorker - Sent destination=APPQ threadId=22 msg=113 body=[destination=APPQ threadId=22 msg=113]
2026-09-29 16:20:08,037 INFO  [24] com.example.mqproducer.ProducerWorker - Sent destination=APPQ threadId=24 msg=114 body=[destination=APPQ threadId=24 msg=114]
2026-09-29 16:20:08,040 INFO  [23] com.example.mqproducer.ProducerWorker - Sent destination=APPQ threadId=23 msg=114 body=[destination=APPQ threadId=23 msg=114]
2026-09-29 16:20:08,055 INFO  [25] com.example.mqproducer.ProducerWorker - Sent destination=APPQ threadId=25 msg=114 body=[destination=APPQ threadId=25 msg=114]
2026-09-29 16:20:08,133 INFO  [22] com.example.mqproducer.ProducerWorker - Sent destination=APPQ threadId=22 msg=114 body=[destination=APPQ threadId=22 msg=114]
2026-09-29 16:20:09,042 INFO  [24] com.example.mqproducer.ProducerWorker - Sent destination=APPQ threadId=24 msg=115 body=[destination=APPQ threadId=24 msg=115]
2026-09-29 16:20:09,056 INFO  [23] com.example.mqproducer.ProducerWorker - Sent destination=APPQ threadId=23 msg=115 body=[destination=APPQ threadId=23 msg=115]
2026-09-29 16:20:09,071 INFO  [25] com.example.mqproducer.ProducerWorker - Sent destination=APPQ threadId=25 msg=115 body=[destination=APPQ threadId=25 msg=115]
2026-09-29 16:20:09,150 INFO  [22] com.example.mqproducer.ProducerWorker - Sent destination=APPQ threadId=22 msg=115 body=[destination=APPQ threadId=22 msg=115]
2026-09-29 16:20:10,055 INFO  [24] com.example.mqproducer.ProducerWorker - Sent destination=APPQ threadId=24 msg=116 body=[destination=APPQ threadId=24 msg=116]
2026-09-29 16:20:10,073 INFO  [23] com.example.mqproducer.ProducerWorker - Sent destination=APPQ threadId=23 msg=116 body=[destination=APPQ threadId=23 msg=116]
2026-09-29 16:20:10,086 INFO  [25] com.example.mqproducer.ProducerWorker - Sent destination=APPQ threadId=25 msg=116 body=[destination=APPQ threadId=25 msg=116]
2026-09-29 16:20:10,163 INFO  [22] com.example.mqproducer.ProducerWorker - Sent destination=APPQ threadId=22 msg=116 body=[destination=APPQ threadId=22 msg=116]
2026-09-29 16:20:11,063 INFO  [24] com.example.mqproducer.ProducerWorker - Sent destination=APPQ threadId=24 msg=117 body=[destination=APPQ threadId=24 msg=117]
2026-09-29 16:20:11,077 INFO  [23] com.example.mqproducer.ProducerWorker - Sent destination=APPQ threadId=23 msg=117 body=[destination=APPQ threadId=23 msg=117]
2026-09-29 16:20:11,093 INFO  [25] com.example.mqproducer.ProducerWorker - Sent destination=APPQ threadId=25 msg=117 body=[destination=APPQ threadId=25 msg=117]
2026-09-29 16:20:11,170 INFO  [22] com.example.mqproducer.ProducerWorker - Sent destination=APPQ threadId=22 msg=117 body=[destination=APPQ threadId=22 msg=117]
2026-09-29 16:20:12,073 INFO  [24] com.example.mqproducer.ProducerWorker - Sent destination=APPQ threadId=24 msg=118 body=[destination=APPQ threadId=24 msg=118]
2026-09-29 16:20:12,085 INFO  [23] com.example.mqproducer.ProducerWorker - Sent destination=APPQ threadId=23 msg=118 body=[destination=APPQ threadId=23 msg=118]
2026-09-29 16:20:12,101 INFO  [25] com.example.mqproducer.ProducerWorker - Sent destination=APPQ threadId=25 msg=118 body=[destination=APPQ threadId=25 msg=118]
2026-09-29 16:20:12,179 INFO  [22] com.example.mqproducer.ProducerWorker - Sent destination=APPQ threadId=22 msg=118 body=[destination=APPQ threadId=22 msg=118]
2026-09-29 16:20:13,085 INFO  [24] com.example.mqproducer.ProducerWorker - Sent destination=APPQ threadId=24 msg=119 body=[destination=APPQ threadId=24 msg=119]
2026-09-29 16:20:13,092 INFO  [23] com.example.mqproducer.ProducerWorker - Sent destination=APPQ threadId=23 msg=119 body=[destination=APPQ threadId=23 msg=119]
2026-09-29 16:20:13,105 INFO  [25] com.example.mqproducer.ProducerWorker - Sent destination=APPQ threadId=25 msg=119 body=[destination=APPQ threadId=25 msg=119]
2026-09-29 16:20:13,193 INFO  [22] com.example.mqproducer.ProducerWorker - Sent destination=APPQ threadId=22 msg=119 body=[destination=APPQ threadId=22 msg=119]
2026-09-29 16:20:14,091 INFO  [24] com.example.mqproducer.ProducerWorker - Sent destination=APPQ threadId=24 msg=120 body=[destination=APPQ threadId=24 msg=120]
2026-09-29 16:20:14,103 INFO  [23] com.example.mqproducer.ProducerWorker - Sent destination=APPQ threadId=23 msg=120 body=[destination=APPQ threadId=23 msg=120]
2026-09-29 16:20:14,120 INFO  [25] com.example.mqproducer.ProducerWorker - Sent destination=APPQ threadId=25 msg=120 body=[destination=APPQ threadId=25 msg=120]
2026-09-29 16:20:14,197 INFO  [22] com.example.mqproducer.ProducerWorker - Sent destination=APPQ threadId=22 msg=120 body=[destination=APPQ threadId=22 msg=120]
2026-09-29 16:20:15,103 INFO  [24] com.example.mqproducer.ProducerWorker - Sent destination=APPQ threadId=24 msg=121 body=[destination=APPQ threadId=24 msg=121]
2026-09-29 16:20:15,118 INFO  [23] com.example.mqproducer.ProducerWorker - Sent destination=APPQ threadId=23 msg=121 body=[destination=APPQ threadId=23 msg=121]
2026-09-29 16:20:15,133 INFO  [25] com.example.mqproducer.ProducerWorker - Sent destination=APPQ threadId=25 msg=121 body=[destination=APPQ threadId=25 msg=121]
2026-09-29 16:20:15,211 INFO  [22] com.example.mqproducer.ProducerWorker - Sent destination=APPQ threadId=22 msg=121 body=[destination=APPQ threadId=22 msg=121]
2026-09-29 16:20:16,116 INFO  [24] com.example.mqproducer.ProducerWorker - Sent destination=APPQ threadId=24 msg=122 body=[destination=APPQ threadId=24 msg=122]
2026-09-29 16:20:16,132 INFO  [23] com.example.mqproducer.ProducerWorker - Sent destination=APPQ threadId=23 msg=122 body=[destination=APPQ threadId=23 msg=122]
2026-09-29 16:20:16,146 INFO  [25] com.example.mqproducer.ProducerWorker - Sent destination=APPQ threadId=25 msg=122 body=[destination=APPQ threadId=25 msg=122]
2026-09-29 16:20:16,229 INFO  [22] com.example.mqproducer.ProducerWorker - Sent destination=APPQ threadId=22 msg=122 body=[destination=APPQ threadId=22 msg=122]
2026-09-29 16:20:17,132 INFO  [24] com.example.mqproducer.ProducerWorker - Sent destination=APPQ threadId=24 msg=123 body=[destination=APPQ threadId=24 msg=123]
2026-09-29 16:20:17,147 INFO  [25] com.example.mqproducer.ProducerWorker - Sent destination=APPQ threadId=25 msg=123 body=[destination=APPQ threadId=25 msg=123]
2026-09-29 16:20:17,148 INFO  [23] com.example.mqproducer.ProducerWorker - Sent destination=APPQ threadId=23 msg=123 body=[destination=APPQ threadId=23 msg=123]
2026-09-29 16:20:17,241 INFO  [22] com.example.mqproducer.ProducerWorker - Sent destination=APPQ threadId=22 msg=123 body=[destination=APPQ threadId=22 msg=123]
2026-09-29 16:20:18,148 INFO  [24] com.example.mqproducer.ProducerWorker - Sent destination=APPQ threadId=24 msg=124 body=[destination=APPQ threadId=24 msg=124]
2026-09-29 16:20:18,163 INFO  [25] com.example.mqproducer.ProducerWorker - Sent destination=APPQ threadId=25 msg=124 body=[destination=APPQ threadId=25 msg=124]
2026-09-29 16:20:18,163 INFO  [23] com.example.mqproducer.ProducerWorker - Sent destination=APPQ threadId=23 msg=124 body=[destination=APPQ threadId=23 msg=124]
2026-09-29 16:20:18,242 INFO  [22] com.example.mqproducer.ProducerWorker - Sent destination=APPQ threadId=22 msg=124 body=[destination=APPQ threadId=22 msg=124]
2026-09-29 16:20:19,162 INFO  [24] com.example.mqproducer.ProducerWorker - Sent destination=APPQ threadId=24 msg=125 body=[destination=APPQ threadId=24 msg=125]
2026-09-29 16:20:19,180 INFO  [23] com.example.mqproducer.ProducerWorker - Sent destination=APPQ threadId=23 msg=125 body=[destination=APPQ threadId=23 msg=125]
2026-09-29 16:20:19,180 INFO  [25] com.example.mqproducer.ProducerWorker - Sent destination=APPQ threadId=25 msg=125 body=[destination=APPQ threadId=25 msg=125]
2026-09-29 16:20:19,259 INFO  [22] com.example.mqproducer.ProducerWorker - Sent destination=APPQ threadId=22 msg=125 body=[destination=APPQ threadId=22 msg=125]
2026-09-29 16:20:20,181 INFO  [24] com.example.mqproducer.ProducerWorker - Sent destination=APPQ threadId=24 msg=126 body=[destination=APPQ threadId=24 msg=126]
2026-09-29 16:20:20,198 INFO  [23] com.example.mqproducer.ProducerWorker - Sent destination=APPQ threadId=23 msg=126 body=[destination=APPQ threadId=23 msg=126]
2026-09-29 16:20:20,199 INFO  [25] com.example.mqproducer.ProducerWorker - Sent destination=APPQ threadId=25 msg=126 body=[destination=APPQ threadId=25 msg=126]
2026-09-29 16:20:20,274 INFO  [22] com.example.mqproducer.ProducerWorker - Sent destination=APPQ threadId=22 msg=126 body=[destination=APPQ threadId=22 msg=126]
2026-09-29 16:20:21,190 INFO  [24] com.example.mqproducer.ProducerWorker - Sent destination=APPQ threadId=24 msg=127 body=[destination=APPQ threadId=24 msg=127]
2026-09-29 16:20:21,204 INFO  [23] com.example.mqproducer.ProducerWorker - Sent destination=APPQ threadId=23 msg=127 body=[destination=APPQ threadId=23 msg=127]
2026-09-29 16:20:21,204 INFO  [25] com.example.mqproducer.ProducerWorker - Sent destination=APPQ threadId=25 msg=127 body=[destination=APPQ threadId=25 msg=127]
2026-09-29 16:20:21,283 INFO  [22] com.example.mqproducer.ProducerWorker - Sent destination=APPQ threadId=22 msg=127 body=[destination=APPQ threadId=22 msg=127]
2026-09-29 16:20:22,207 INFO  [23] com.example.mqproducer.ProducerWorker - Sent destination=APPQ threadId=23 msg=128 body=[destination=APPQ threadId=23 msg=128]
2026-09-29 16:20:22,207 INFO  [24] com.example.mqproducer.ProducerWorker - Sent destination=APPQ threadId=24 msg=128 body=[destination=APPQ threadId=24 msg=128]
2026-09-29 16:20:22,207 INFO  [25] com.example.mqproducer.ProducerWorker - Sent destination=APPQ threadId=25 msg=128 body=[destination=APPQ threadId=25 msg=128]
2026-09-29 16:20:22,301 INFO  [22] com.example.mqproducer.ProducerWorker - Sent destination=APPQ threadId=22 msg=128 body=[destination=APPQ threadId=22 msg=128]
2026-09-29 16:20:23,211 INFO  [24] com.example.mqproducer.ProducerWorker - Sent destination=APPQ threadId=24 msg=129 body=[destination=APPQ threadId=24 msg=129]
2026-09-29 16:20:23,211 INFO  [25] com.example.mqproducer.ProducerWorker - Sent destination=APPQ threadId=25 msg=129 body=[destination=APPQ threadId=25 msg=129]
2026-09-29 16:20:23,211 INFO  [23] com.example.mqproducer.ProducerWorker - Sent destination=APPQ threadId=23 msg=129 body=[destination=APPQ threadId=23 msg=129]
2026-09-29 16:20:23,310 INFO  [22] com.example.mqproducer.ProducerWorker - Sent destination=APPQ threadId=22 msg=129 body=[destination=APPQ threadId=22 msg=129]
2026-09-29 16:20:24,214 INFO  [24] com.example.mqproducer.ProducerWorker - Sent destination=APPQ threadId=24 msg=130 body=[destination=APPQ threadId=24 msg=130]
2026-09-29 16:20:24,214 INFO  [25] com.example.mqproducer.ProducerWorker - Sent destination=APPQ threadId=25 msg=130 body=[destination=APPQ threadId=25 msg=130]
2026-09-29 16:20:24,214 INFO  [23] com.example.mqproducer.ProducerWorker - Sent destination=APPQ threadId=23 msg=130 body=[destination=APPQ threadId=23 msg=130]
2026-09-29 16:20:24,321 INFO  [22] com.example.mqproducer.ProducerWorker - Sent destination=APPQ threadId=22 msg=130 body=[destination=APPQ threadId=22 msg=130]
2026-09-29 16:20:25,223 INFO  [25] com.example.mqproducer.ProducerWorker - Sent destination=APPQ threadId=25 msg=131 body=[destination=APPQ threadId=25 msg=131]
2026-09-29 16:20:25,223 INFO  [24] com.example.mqproducer.ProducerWorker - Sent destination=APPQ threadId=24 msg=131 body=[destination=APPQ threadId=24 msg=131]
2026-09-29 16:20:25,223 INFO  [23] com.example.mqproducer.ProducerWorker - Sent destination=APPQ threadId=23 msg=131 body=[destination=APPQ threadId=23 msg=131]
2026-09-29 16:20:25,333 INFO  [22] com.example.mqproducer.ProducerWorker - Sent destination=APPQ threadId=22 msg=131 body=[destination=APPQ threadId=22 msg=131]
2026-09-29 16:20:26,234 INFO  [25] com.example.mqproducer.ProducerWorker - Sent destination=APPQ threadId=25 msg=132 body=[destination=APPQ threadId=25 msg=132]
2026-09-29 16:20:26,236 INFO  [23] com.example.mqproducer.ProducerWorker - Sent destination=APPQ threadId=23 msg=132 body=[destination=APPQ threadId=23 msg=132]
2026-09-29 16:20:26,236 INFO  [24] com.example.mqproducer.ProducerWorker - Sent destination=APPQ threadId=24 msg=132 body=[destination=APPQ threadId=24 msg=132]
2026-09-29 16:20:26,337 INFO  [22] com.example.mqproducer.ProducerWorker - Sent destination=APPQ threadId=22 msg=132 body=[destination=APPQ threadId=22 msg=132]
2026-09-29 16:20:27,244 INFO  [24] com.example.mqproducer.ProducerWorker - Sent destination=APPQ threadId=24 msg=133 body=[destination=APPQ threadId=24 msg=133]
2026-09-29 16:20:27,244 INFO  [25] com.example.mqproducer.ProducerWorker - Sent destination=APPQ threadId=25 msg=133 body=[destination=APPQ threadId=25 msg=133]
2026-09-29 16:20:27,244 INFO  [23] com.example.mqproducer.ProducerWorker - Sent destination=APPQ threadId=23 msg=133 body=[destination=APPQ threadId=23 msg=133]
2026-09-29 16:20:27,351 INFO  [22] com.example.mqproducer.ProducerWorker - Sent destination=APPQ threadId=22 msg=133 body=[destination=APPQ threadId=22 msg=133]
2026-09-29 16:20:28,253 INFO  [25] com.example.mqproducer.ProducerWorker - Sent destination=APPQ threadId=25 msg=134 body=[destination=APPQ threadId=25 msg=134]
2026-09-29 16:20:28,253 INFO  [24] com.example.mqproducer.ProducerWorker - Sent destination=APPQ threadId=24 msg=134 body=[destination=APPQ threadId=24 msg=134]
2026-09-29 16:20:28,253 INFO  [23] com.example.mqproducer.ProducerWorker - Sent destination=APPQ threadId=23 msg=134 body=[destination=APPQ threadId=23 msg=134]
2026-09-29 16:20:28,360 INFO  [22] com.example.mqproducer.ProducerWorker - Sent destination=APPQ threadId=22 msg=134 body=[destination=APPQ threadId=22 msg=134]
2026-09-29 16:20:29,259 INFO  [23] com.example.mqproducer.ProducerWorker - Sent destination=APPQ threadId=23 msg=135 body=[destination=APPQ threadId=23 msg=135]
2026-09-29 16:20:29,259 INFO  [24] com.example.mqproducer.ProducerWorker - Sent destination=APPQ threadId=24 msg=135 body=[destination=APPQ threadId=24 msg=135]
2026-09-29 16:20:29,260 INFO  [25] com.example.mqproducer.ProducerWorker - Sent destination=APPQ threadId=25 msg=135 body=[destination=APPQ threadId=25 msg=135]
2026-09-29 16:20:29,369 INFO  [22] com.example.mqproducer.ProducerWorker - Sent destination=APPQ threadId=22 msg=135 body=[destination=APPQ threadId=22 msg=135]
2026-09-29 16:20:30,274 INFO  [23] com.example.mqproducer.ProducerWorker - Sent destination=APPQ threadId=23 msg=136 body=[destination=APPQ threadId=23 msg=136]
2026-09-29 16:20:30,274 INFO  [24] com.example.mqproducer.ProducerWorker - Sent destination=APPQ threadId=24 msg=136 body=[destination=APPQ threadId=24 msg=136]
2026-09-29 16:20:30,276 INFO  [25] com.example.mqproducer.ProducerWorker - Sent destination=APPQ threadId=25 msg=136 body=[destination=APPQ threadId=25 msg=136]
2026-09-29 16:20:30,382 INFO  [22] com.example.mqproducer.ProducerWorker - Sent destination=APPQ threadId=22 msg=136 body=[destination=APPQ threadId=22 msg=136]
2026-09-29 16:20:31,286 INFO  [23] com.example.mqproducer.ProducerWorker - Sent destination=APPQ threadId=23 msg=137 body=[destination=APPQ threadId=23 msg=137]
2026-09-29 16:20:31,287 INFO  [24] com.example.mqproducer.ProducerWorker - Sent destination=APPQ threadId=24 msg=137 body=[destination=APPQ threadId=24 msg=137]
2026-09-29 16:20:31,287 INFO  [25] com.example.mqproducer.ProducerWorker - Sent destination=APPQ threadId=25 msg=137 body=[destination=APPQ threadId=25 msg=137]
2026-09-29 16:20:31,392 INFO  [22] com.example.mqproducer.ProducerWorker - Sent destination=APPQ threadId=22 msg=137 body=[destination=APPQ threadId=22 msg=137]
2026-09-29 16:20:32,288 INFO  [23] com.example.mqproducer.ProducerWorker - Sent destination=APPQ threadId=23 msg=138 body=[destination=APPQ threadId=23 msg=138]
2026-09-29 16:20:32,303 INFO  [24] com.example.mqproducer.ProducerWorker - Sent destination=APPQ threadId=24 msg=138 body=[destination=APPQ threadId=24 msg=138]
2026-09-29 16:20:32,305 INFO  [25] com.example.mqproducer.ProducerWorker - Sent destination=APPQ threadId=25 msg=138 body=[destination=APPQ threadId=25 msg=138]
2026-09-29 16:20:32,398 INFO  [22] com.example.mqproducer.ProducerWorker - Sent destination=APPQ threadId=22 msg=138 body=[destination=APPQ threadId=22 msg=138]
2026-09-29 16:20:33,295 INFO  [23] com.example.mqproducer.ProducerWorker - Sent destination=APPQ threadId=23 msg=139 body=[destination=APPQ threadId=23 msg=139]
2026-09-29 16:20:33,307 INFO  [24] com.example.mqproducer.ProducerWorker - Sent destination=APPQ threadId=24 msg=139 body=[destination=APPQ threadId=24 msg=139]
2026-09-29 16:20:33,322 INFO  [25] com.example.mqproducer.ProducerWorker - Sent destination=APPQ threadId=25 msg=139 body=[destination=APPQ threadId=25 msg=139]
2026-09-29 16:20:33,400 INFO  [22] com.example.mqproducer.ProducerWorker - Sent destination=APPQ threadId=22 msg=139 body=[destination=APPQ threadId=22 msg=139]
2026-09-29 16:20:34,304 INFO  [23] com.example.mqproducer.ProducerWorker - Sent destination=APPQ threadId=23 msg=140 body=[destination=APPQ threadId=23 msg=140]
2026-09-29 16:20:34,319 INFO  [24] com.example.mqproducer.ProducerWorker - Sent destination=APPQ threadId=24 msg=140 body=[destination=APPQ threadId=24 msg=140]
2026-09-29 16:20:34,335 INFO  [25] com.example.mqproducer.ProducerWorker - Sent destination=APPQ threadId=25 msg=140 body=[destination=APPQ threadId=25 msg=140]
2026-09-29 16:20:34,414 INFO  [22] com.example.mqproducer.ProducerWorker - Sent destination=APPQ threadId=22 msg=140 body=[destination=APPQ threadId=22 msg=140]
2026-09-29 16:20:35,308 INFO  [23] com.example.mqproducer.ProducerWorker - Sent destination=APPQ threadId=23 msg=141 body=[destination=APPQ threadId=23 msg=141]
2026-09-29 16:20:35,324 INFO  [24] com.example.mqproducer.ProducerWorker - Sent destination=APPQ threadId=24 msg=141 body=[destination=APPQ threadId=24 msg=141]
2026-09-29 16:20:35,338 INFO  [25] com.example.mqproducer.ProducerWorker - Sent destination=APPQ threadId=25 msg=141 body=[destination=APPQ threadId=25 msg=141]
2026-09-29 16:20:35,428 INFO  [22] com.example.mqproducer.ProducerWorker - Sent destination=APPQ threadId=22 msg=141 body=[destination=APPQ threadId=22 msg=141]
2026-09-29 16:20:36,316 INFO  [23] com.example.mqproducer.ProducerWorker - Sent destination=APPQ threadId=23 msg=142 body=[destination=APPQ threadId=23 msg=142]
2026-09-29 16:20:36,332 INFO  [24] com.example.mqproducer.ProducerWorker - Sent destination=APPQ threadId=24 msg=142 body=[destination=APPQ threadId=24 msg=142]
2026-09-29 16:20:36,346 INFO  [25] com.example.mqproducer.ProducerWorker - Sent destination=APPQ threadId=25 msg=142 body=[destination=APPQ threadId=25 msg=142]
2026-09-29 16:20:36,439 INFO  [22] com.example.mqproducer.ProducerWorker - Sent destination=APPQ threadId=22 msg=142 body=[destination=APPQ threadId=22 msg=142]
2026-09-29 16:20:37,320 INFO  [23] com.example.mqproducer.ProducerWorker - Sent destination=APPQ threadId=23 msg=143 body=[destination=APPQ threadId=23 msg=143]
2026-09-29 16:20:37,338 INFO  [24] com.example.mqproducer.ProducerWorker - Sent destination=APPQ threadId=24 msg=143 body=[destination=APPQ threadId=24 msg=143]
2026-09-29 16:20:37,353 INFO  [25] com.example.mqproducer.ProducerWorker - Sent destination=APPQ threadId=25 msg=143 body=[destination=APPQ threadId=25 msg=143]
2026-09-29 16:20:37,445 INFO  [22] com.example.mqproducer.ProducerWorker - Sent destination=APPQ threadId=22 msg=143 body=[destination=APPQ threadId=22 msg=143]
2026-09-29 16:20:38,335 INFO  [23] com.example.mqproducer.ProducerWorker - Sent destination=APPQ threadId=23 msg=144 body=[destination=APPQ threadId=23 msg=144]
2026-09-29 16:20:38,349 INFO  [24] com.example.mqproducer.ProducerWorker - Sent destination=APPQ threadId=24 msg=144 body=[destination=APPQ threadId=24 msg=144]
2026-09-29 16:20:38,365 INFO  [25] com.example.mqproducer.ProducerWorker - Sent destination=APPQ threadId=25 msg=144 body=[destination=APPQ threadId=25 msg=144]
2026-09-29 16:20:38,460 INFO  [22] com.example.mqproducer.ProducerWorker - Sent destination=APPQ threadId=22 msg=144 body=[destination=APPQ threadId=22 msg=144]
2026-09-29 16:20:39,350 INFO  [23] com.example.mqproducer.ProducerWorker - Sent destination=APPQ threadId=23 msg=145 body=[destination=APPQ threadId=23 msg=145]
2026-09-29 16:20:39,368 INFO  [24] com.example.mqproducer.ProducerWorker - Sent destination=APPQ threadId=24 msg=145 body=[destination=APPQ threadId=24 msg=145]
2026-09-29 16:20:39,370 INFO  [25] com.example.mqproducer.ProducerWorker - Sent destination=APPQ threadId=25 msg=145 body=[destination=APPQ threadId=25 msg=145]
2026-09-29 16:20:39,475 INFO  [22] com.example.mqproducer.ProducerWorker - Sent destination=APPQ threadId=22 msg=145 body=[destination=APPQ threadId=22 msg=145]
2026-09-29 16:20:40,355 INFO  [23] com.example.mqproducer.ProducerWorker - Sent destination=APPQ threadId=23 msg=146 body=[destination=APPQ threadId=23 msg=146]
2026-09-29 16:20:40,384 INFO  [25] com.example.mqproducer.ProducerWorker - Sent destination=APPQ threadId=25 msg=146 body=[destination=APPQ threadId=25 msg=146]
2026-09-29 16:20:40,385 INFO  [24] com.example.mqproducer.ProducerWorker - Sent destination=APPQ threadId=24 msg=146 body=[destination=APPQ threadId=24 msg=146]
2026-09-29 16:20:40,493 INFO  [22] com.example.mqproducer.ProducerWorker - Sent destination=APPQ threadId=22 msg=146 body=[destination=APPQ threadId=22 msg=146]
2026-09-29 16:20:41,367 INFO  [23] com.example.mqproducer.ProducerWorker - Sent destination=APPQ threadId=23 msg=147 body=[destination=APPQ threadId=23 msg=147]
2026-09-29 16:20:41,398 INFO  [24] com.example.mqproducer.ProducerWorker - Sent destination=APPQ threadId=24 msg=147 body=[destination=APPQ threadId=24 msg=147]
2026-09-29 16:20:41,399 INFO  [25] com.example.mqproducer.ProducerWorker - Sent destination=APPQ threadId=25 msg=147 body=[destination=APPQ threadId=25 msg=147]
2026-09-29 16:20:41,511 INFO  [22] com.example.mqproducer.ProducerWorker - Sent destination=APPQ threadId=22 msg=147 body=[destination=APPQ threadId=22 msg=147]
2026-09-29 16:20:42,369 INFO  [23] com.example.mqproducer.ProducerWorker - Sent destination=APPQ threadId=23 msg=148 body=[destination=APPQ threadId=23 msg=148]
2026-09-29 16:20:42,413 INFO  [25] com.example.mqproducer.ProducerWorker - Sent destination=APPQ threadId=25 msg=148 body=[destination=APPQ threadId=25 msg=148]
2026-09-29 16:20:42,413 INFO  [24] com.example.mqproducer.ProducerWorker - Sent destination=APPQ threadId=24 msg=148 body=[destination=APPQ threadId=24 msg=148]
2026-09-29 16:20:42,523 INFO  [22] com.example.mqproducer.ProducerWorker - Sent destination=APPQ threadId=22 msg=148 body=[destination=APPQ threadId=22 msg=148]
2026-09-29 16:20:43,384 INFO  [23] com.example.mqproducer.ProducerWorker - Sent destination=APPQ threadId=23 msg=149 body=[destination=APPQ threadId=23 msg=149]
2026-09-29 16:20:43,422 INFO  [24] com.example.mqproducer.ProducerWorker - Sent destination=APPQ threadId=24 msg=149 body=[destination=APPQ threadId=24 msg=149]
2026-09-29 16:20:43,422 INFO  [25] com.example.mqproducer.ProducerWorker - Sent destination=APPQ threadId=25 msg=149 body=[destination=APPQ threadId=25 msg=149]
2026-09-29 16:20:43,526 INFO  [22] com.example.mqproducer.ProducerWorker - Sent destination=APPQ threadId=22 msg=149 body=[destination=APPQ threadId=22 msg=149]
2026-09-29 16:20:44,398 INFO  [23] com.example.mqproducer.ProducerWorker - Sent destination=APPQ threadId=23 msg=150 body=[destination=APPQ threadId=23 msg=150]
2026-09-29 16:20:44,429 INFO  [25] com.example.mqproducer.ProducerWorker - Sent destination=APPQ threadId=25 msg=150 body=[destination=APPQ threadId=25 msg=150]
2026-09-29 16:20:44,429 INFO  [24] com.example.mqproducer.ProducerWorker - Sent destination=APPQ threadId=24 msg=150 body=[destination=APPQ threadId=24 msg=150]
2026-09-29 16:20:44,538 INFO  [22] com.example.mqproducer.ProducerWorker - Sent destination=APPQ threadId=22 msg=150 body=[destination=APPQ threadId=22 msg=150]
2026-09-29 16:20:45,403 INFO  [23] com.example.mqproducer.ProducerWorker - Producer thread 23 finished
2026-09-29 16:20:45,434 INFO  [24] com.example.mqproducer.ProducerWorker - Producer thread 24 finished
2026-09-29 16:20:45,436 INFO  [25] com.example.mqproducer.ProducerWorker - Producer thread 25 finished
2026-09-29 16:20:45,545 INFO  [22] com.example.mqproducer.ProducerWorker - Producer thread 22 finished
2026-09-29 16:20:45,546 INFO  [1] com.example.mqproducer.Main - All producer threads finished — 600 messages sent — program exiting
